claim_id,split,variant,image_path,class_label
CLM-00348,train,0,sample_claims/cards/train/likely_invalid/CLM-00348_var0.png,Likely Invalid
CLM-00348,train,1,sample_claims/cards/train/likely_invalid/CLM-00348_var1.png,Likely Invalid
CLM-01701,train,1,sample_claims/cards/train/likely_invalid/CLM-01701_var1.png,Likely Invalid
CLM-01701,train,0,sample_claims/cards/train/likely_invalid/CLM-01701_var0.png,Likely Invalid
CLM-00239,train,1,sample_claims/cards/train/likely_valid/CLM-00239_var1.png,Likely Valid
CLM-00229,train,0,sample_claims/cards/train/manual_review/CLM-00229_var0.png,Manual Review Required
CLM-01058,train,0,sample_claims/cards/train/likely_valid/CLM-01058_var0.png,Likely Valid
CLM-00239,train,0,sample_claims/cards/train/likely_valid/CLM-00239_var0.png,Likely Valid
CLM-00229,train,1,sample_claims/cards/train/manual_review/CLM-00229_var1.png,Manual Review Required
CLM-01058,train,1,sample_claims/cards/train/likely_valid/CLM-01058_var1.png,Likely Valid
CLM-00686,train,0,sample_claims/cards/train/likely_invalid/CLM-00686_var0.png,Likely Invalid
CLM-00686,train,1,sample_claims/cards/train/likely_invalid/CLM-00686_var1.png,Likely Invalid
CLM-01081,train,0,sample_claims/cards/train/likely_invalid/CLM-01081_var0.png,Likely Invalid
CLM-01081,train,1,sample_claims/cards/train/likely_invalid/CLM-01081_var1.png,Likely Invalid
CLM-01255,train,0,sample_claims/cards/train/likely_valid/CLM-01255_var0.png,Likely Valid
CLM-01255,train,1,sample_claims/cards/train/likely_valid/CLM-01255_var1.png,Likely Valid
CLM-01641,train,0,sample_claims/cards/train/likely_valid/CLM-01641_var0.png,Likely Valid
CLM-01641,train,1,sample_claims/cards/train/likely_valid/CLM-01641_var1.png,Likely Valid
CLM-01467,train,0,sample_claims/cards/train/likely_valid/CLM-01467_var0.png,Likely Valid
CLM-01467,train,1,sample_claims/cards/train/likely_valid/CLM-01467_var1.png,Likely Valid
CLM-01946,train,1,sample_claims/cards/train/likely_invalid/CLM-01946_var1.png,Likely Invalid
CLM-01946,train,0,sample_claims/cards/train/likely_invalid/CLM-01946_var0.png,Likely Invalid
CLM-00998,train,0,sample_claims/cards/train/likely_valid/CLM-00998_var0.png,Likely Valid
CLM-00998,train,1,sample_claims/cards/train/likely_valid/CLM-00998_var1.png,Likely Valid
CLM-02405,train,0,sample_claims/cards/train/likely_invalid/CLM-02405_var0.png,Likely Invalid
CLM-02405,train,1,sample_claims/cards/train/likely_invalid/CLM-02405_var1.png,Likely Invalid
CLM-01335,train,0,sample_claims/cards/train/manual_review/CLM-01335_var0.png,Manual Review Required
CLM-01335,train,1,sample_claims/cards/train/manual_review/CLM-01335_var1.png,Manual Review Required
CLM-02073,train,0,sample_claims/cards/train/likely_valid/CLM-02073_var0.png,Likely Valid
CLM-02073,train,1,sample_claims/cards/train/likely_valid/CLM-02073_var1.png,Likely Valid
CLM-00152,train,0,sample_claims/cards/train/likely_valid/CLM-00152_var0.png,Likely Valid
CLM-00152,train,1,sample_claims/cards/train/likely_valid/CLM-00152_var1.png,Likely Valid
CLM-00388,train,0,sample_claims/cards/train/likely_invalid/CLM-00388_var0.png,Likely Invalid
CLM-00388,train,1,sample_claims/cards/train/likely_invalid/CLM-00388_var1.png,Likely Invalid
CLM-01878,train,1,sample_claims/cards/train/manual_review/CLM-01878_var1.png,Manual Review Required
CLM-01878,train,0,sample_claims/cards/train/manual_review/CLM-01878_var0.png,Manual Review Required
CLM-01163,train,1,sample_claims/cards/train/likely_invalid/CLM-01163_var1.png,Likely Invalid
CLM-01163,train,0,sample_claims/cards/train/likely_invalid/CLM-01163_var0.png,Likely Invalid
CLM-02323,train,0,sample_claims/cards/train/likely_valid/CLM-02323_var0.png,Likely Valid
CLM-02323,train,1,sample_claims/cards/train/likely_valid/CLM-02323_var1.png,Likely Valid
CLM-02185,train,0,sample_claims/cards/train/likely_valid/CLM-02185_var0.png,Likely Valid
CLM-02185,train,1,sample_claims/cards/train/likely_valid/CLM-02185_var1.png,Likely Valid
CLM-01424,train,1,sample_claims/cards/train/likely_valid/CLM-01424_var1.png,Likely Valid
CLM-02300,train,1,sample_claims/cards/train/likely_valid/CLM-02300_var1.png,Likely Valid
CLM-02300,train,0,sample_claims/cards/train/likely_valid/CLM-02300_var0.png,Likely Valid
CLM-01424,train,0,sample_claims/cards/train/likely_valid/CLM-01424_var0.png,Likely Valid
CLM-01202,train,0,sample_claims/cards/train/likely_valid/CLM-01202_var0.png,Likely Valid
CLM-02388,train,0,sample_claims/cards/train/likely_invalid/CLM-02388_var0.png,Likely Invalid
CLM-02388,train,1,sample_claims/cards/train/likely_invalid/CLM-02388_var1.png,Likely Invalid
CLM-01202,train,1,sample_claims/cards/train/likely_valid/CLM-01202_var1.png,Likely Valid
CLM-01711,train,0,sample_claims/cards/train/likely_invalid/CLM-01711_var0.png,Likely Invalid
CLM-01711,train,1,sample_claims/cards/train/likely_invalid/CLM-01711_var1.png,Likely Invalid
CLM-01699,train,0,sample_claims/cards/train/likely_valid/CLM-01699_var0.png,Likely Valid
CLM-01699,train,1,sample_claims/cards/train/likely_valid/CLM-01699_var1.png,Likely Valid
CLM-01523,train,0,sample_claims/cards/train/likely_valid/CLM-01523_var0.png,Likely Valid
CLM-01523,train,1,sample_claims/cards/train/likely_valid/CLM-01523_var1.png,Likely Valid
CLM-01069,train,1,sample_claims/cards/train/likely_invalid/CLM-01069_var1.png,Likely Invalid
CLM-01069,train,0,sample_claims/cards/train/likely_invalid/CLM-01069_var0.png,Likely Invalid
CLM-00004,train,0,sample_claims/cards/train/likely_invalid/CLM-00004_var0.png,Likely Invalid
CLM-00004,train,1,sample_claims/cards/train/likely_invalid/CLM-00004_var1.png,Likely Invalid
CLM-00503,train,0,sample_claims/cards/train/likely_invalid/CLM-00503_var0.png,Likely Invalid
CLM-02417,train,0,sample_claims/cards/train/likely_invalid/CLM-02417_var0.png,Likely Invalid
CLM-00503,train,1,sample_claims/cards/train/likely_invalid/CLM-00503_var1.png,Likely Invalid
CLM-02417,train,1,sample_claims/cards/train/likely_invalid/CLM-02417_var1.png,Likely Invalid
CLM-02479,train,0,sample_claims/cards/train/likely_valid/CLM-02479_var0.png,Likely Valid
CLM-01141,train,1,sample_claims/cards/train/likely_invalid/CLM-01141_var1.png,Likely Invalid
CLM-01141,train,0,sample_claims/cards/train/likely_invalid/CLM-01141_var0.png,Likely Invalid
CLM-02479,train,1,sample_claims/cards/train/likely_valid/CLM-02479_var1.png,Likely Valid
CLM-00845,train,0,sample_claims/cards/train/likely_valid/CLM-00845_var0.png,Likely Valid
CLM-00468,train,0,sample_claims/cards/train/likely_valid/CLM-00468_var0.png,Likely Valid
CLM-00468,train,1,sample_claims/cards/train/likely_valid/CLM-00468_var1.png,Likely Valid
CLM-00484,train,0,sample_claims/cards/train/manual_review/CLM-00484_var0.png,Manual Review Required
CLM-00845,train,1,sample_claims/cards/train/likely_valid/CLM-00845_var1.png,Likely Valid
CLM-01077,train,0,sample_claims/cards/train/likely_invalid/CLM-01077_var0.png,Likely Invalid
CLM-00484,train,1,sample_claims/cards/train/manual_review/CLM-00484_var1.png,Manual Review Required
CLM-02420,train,0,sample_claims/cards/train/likely_invalid/CLM-02420_var0.png,Likely Invalid
CLM-01077,train,1,sample_claims/cards/train/likely_invalid/CLM-01077_var1.png,Likely Invalid
CLM-02420,train,1,sample_claims/cards/train/likely_invalid/CLM-02420_var1.png,Likely Invalid
CLM-02016,train,0,sample_claims/cards/train/likely_valid/CLM-02016_var0.png,Likely Valid
CLM-00673,train,0,sample_claims/cards/train/manual_review/CLM-00673_var0.png,Manual Review Required
CLM-02016,train,1,sample_claims/cards/train/likely_valid/CLM-02016_var1.png,Likely Valid
CLM-01215,train,0,sample_claims/cards/train/likely_valid/CLM-01215_var0.png,Likely Valid
CLM-00673,train,1,sample_claims/cards/train/manual_review/CLM-00673_var1.png,Manual Review Required
CLM-01215,train,1,sample_claims/cards/train/likely_valid/CLM-01215_var1.png,Likely Valid
CLM-02433,train,0,sample_claims/cards/train/likely_invalid/CLM-02433_var0.png,Likely Invalid
CLM-00163,train,0,sample_claims/cards/train/likely_invalid/CLM-00163_var0.png,Likely Invalid
CLM-02433,train,1,sample_claims/cards/train/likely_invalid/CLM-02433_var1.png,Likely Invalid
CLM-00980,train,0,sample_claims/cards/train/likely_valid/CLM-00980_var0.png,Likely Valid
CLM-00163,train,1,sample_claims/cards/train/likely_invalid/CLM-00163_var1.png,Likely Invalid
CLM-00980,train,1,sample_claims/cards/train/likely_valid/CLM-00980_var1.png,Likely Valid
CLM-02313,train,0,sample_claims/cards/train/manual_review/CLM-02313_var0.png,Manual Review Required
CLM-02313,train,1,sample_claims/cards/train/manual_review/CLM-02313_var1.png,Manual Review Required
CLM-00725,train,0,sample_claims/cards/train/likely_valid/CLM-00725_var0.png,Likely Valid
CLM-00725,train,1,sample_claims/cards/train/likely_valid/CLM-00725_var1.png,Likely Valid
CLM-02064,train,0,sample_claims/cards/train/likely_invalid/CLM-02064_var0.png,Likely Invalid
CLM-02064,train,1,sample_claims/cards/train/likely_invalid/CLM-02064_var1.png,Likely Invalid
CLM-01857,train,0,sample_claims/cards/train/manual_review/CLM-01857_var0.png,Manual Review Required
CLM-01857,train,1,sample_claims/cards/train/manual_review/CLM-01857_var1.png,Manual Review Required
CLM-01260,train,0,sample_claims/cards/train/likely_invalid/CLM-01260_var0.png,Likely Invalid
CLM-01260,train,1,sample_claims/cards/train/likely_invalid/CLM-01260_var1.png,Likely Invalid
CLM-02114,train,0,sample_claims/cards/train/likely_invalid/CLM-02114_var0.png,Likely Invalid
CLM-02114,train,1,sample_claims/cards/train/likely_invalid/CLM-02114_var1.png,Likely Invalid
CLM-01098,train,0,sample_claims/cards/train/manual_review/CLM-01098_var0.png,Manual Review Required
CLM-01098,train,1,sample_claims/cards/train/manual_review/CLM-01098_var1.png,Manual Review Required
CLM-01940,train,0,sample_claims/cards/train/likely_invalid/CLM-01940_var0.png,Likely Invalid
CLM-01940,train,1,sample_claims/cards/train/likely_invalid/CLM-01940_var1.png,Likely Invalid
CLM-02183,train,0,sample_claims/cards/train/likely_invalid/CLM-02183_var0.png,Likely Invalid
CLM-02183,train,1,sample_claims/cards/train/likely_invalid/CLM-02183_var1.png,Likely Invalid
CLM-01551,train,0,sample_claims/cards/train/likely_valid/CLM-01551_var0.png,Likely Valid
CLM-01551,train,1,sample_claims/cards/train/likely_valid/CLM-01551_var1.png,Likely Valid
CLM-00958,train,1,sample_claims/cards/train/likely_invalid/CLM-00958_var1.png,Likely Invalid
CLM-00958,train,0,sample_claims/cards/train/likely_invalid/CLM-00958_var0.png,Likely Invalid
CLM-01457,train,0,sample_claims/cards/train/likely_valid/CLM-01457_var0.png,Likely Valid
CLM-01457,train,1,sample_claims/cards/train/likely_valid/CLM-01457_var1.png,Likely Valid
CLM-01877,train,1,sample_claims/cards/train/manual_review/CLM-01877_var1.png,Manual Review Required
CLM-01877,train,0,sample_claims/cards/train/manual_review/CLM-01877_var0.png,Manual Review Required
CLM-01463,train,0,sample_claims/cards/train/likely_valid/CLM-01463_var0.png,Likely Valid
CLM-01463,train,1,sample_claims/cards/train/likely_valid/CLM-01463_var1.png,Likely Valid
CLM-01709,train,1,sample_claims/cards/train/likely_valid/CLM-01709_var1.png,Likely Valid
CLM-01709,train,0,sample_claims/cards/train/likely_valid/CLM-01709_var0.png,Likely Valid
CLM-01094,train,0,sample_claims/cards/train/likely_invalid/CLM-01094_var0.png,Likely Invalid
CLM-00330,train,0,sample_claims/cards/train/manual_review/CLM-00330_var0.png,Manual Review Required
CLM-00330,train,1,sample_claims/cards/train/manual_review/CLM-00330_var1.png,Manual Review Required
CLM-01094,train,1,sample_claims/cards/train/likely_invalid/CLM-01094_var1.png,Likely Invalid
CLM-00406,train,1,sample_claims/cards/train/likely_invalid/CLM-00406_var1.png,Likely Invalid
CLM-00406,train,0,sample_claims/cards/train/likely_invalid/CLM-00406_var0.png,Likely Invalid
CLM-01736,train,0,sample_claims/cards/train/manual_review/CLM-01736_var0.png,Manual Review Required
CLM-01736,train,1,sample_claims/cards/train/manual_review/CLM-01736_var1.png,Manual Review Required
CLM-00352,train,1,sample_claims/cards/train/likely_invalid/CLM-00352_var1.png,Likely Invalid
CLM-00352,train,0,sample_claims/cards/train/likely_invalid/CLM-00352_var0.png,Likely Invalid
CLM-02165,train,1,sample_claims/cards/train/likely_valid/CLM-02165_var1.png,Likely Valid
CLM-02165,train,0,sample_claims/cards/train/likely_valid/CLM-02165_var0.png,Likely Valid
CLM-01896,train,1,sample_claims/cards/train/likely_valid/CLM-01896_var1.png,Likely Valid
CLM-01896,train,0,sample_claims/cards/train/likely_valid/CLM-01896_var0.png,Likely Valid
CLM-02026,train,1,sample_claims/cards/train/manual_review/CLM-02026_var1.png,Manual Review Required
CLM-00420,train,0,sample_claims/cards/train/likely_invalid/CLM-00420_var0.png,Likely Invalid
CLM-02026,train,0,sample_claims/cards/train/manual_review/CLM-02026_var0.png,Manual Review Required
CLM-00420,train,1,sample_claims/cards/train/likely_invalid/CLM-00420_var1.png,Likely Invalid
CLM-01411,train,0,sample_claims/cards/train/likely_valid/CLM-01411_var0.png,Likely Valid
CLM-01411,train,1,sample_claims/cards/train/likely_valid/CLM-01411_var1.png,Likely Valid
CLM-00823,train,0,sample_claims/cards/train/likely_invalid/CLM-00823_var0.png,Likely Invalid
CLM-00823,train,1,sample_claims/cards/train/likely_invalid/CLM-00823_var1.png,Likely Invalid
CLM-00801,train,1,sample_claims/cards/train/likely_valid/CLM-00801_var1.png,Likely Valid
CLM-00801,train,0,sample_claims/cards/train/likely_valid/CLM-00801_var0.png,Likely Valid
CLM-01516,train,0,sample_claims/cards/train/likely_valid/CLM-01516_var0.png,Likely Valid
CLM-01516,train,1,sample_claims/cards/train/likely_valid/CLM-01516_var1.png,Likely Valid
CLM-01597,train,1,sample_claims/cards/train/likely_invalid/CLM-01597_var1.png,Likely Invalid
CLM-01597,train,0,sample_claims/cards/train/likely_invalid/CLM-01597_var0.png,Likely Invalid
CLM-00248,train,0,sample_claims/cards/train/likely_valid/CLM-00248_var0.png,Likely Valid
CLM-00248,train,1,sample_claims/cards/train/likely_valid/CLM-00248_var1.png,Likely Valid
CLM-01392,train,1,sample_claims/cards/train/likely_invalid/CLM-01392_var1.png,Likely Invalid
CLM-01392,train,0,sample_claims/cards/train/likely_invalid/CLM-01392_var0.png,Likely Invalid
CLM-02022,train,0,sample_claims/cards/train/likely_valid/CLM-02022_var0.png,Likely Valid
CLM-02022,train,1,sample_claims/cards/train/likely_valid/CLM-02022_var1.png,Likely Valid
CLM-01961,train,1,sample_claims/cards/train/likely_invalid/CLM-01961_var1.png,Likely Invalid
CLM-01357,train,0,sample_claims/cards/train/likely_invalid/CLM-01357_var0.png,Likely Invalid
CLM-01961,train,0,sample_claims/cards/train/likely_invalid/CLM-01961_var0.png,Likely Invalid
CLM-01357,train,1,sample_claims/cards/train/likely_invalid/CLM-01357_var1.png,Likely Invalid
CLM-00108,train,0,sample_claims/cards/train/likely_invalid/CLM-00108_var0.png,Likely Invalid
CLM-00108,train,1,sample_claims/cards/train/likely_invalid/CLM-00108_var1.png,Likely Invalid
CLM-00326,train,0,sample_claims/cards/train/likely_valid/CLM-00326_var0.png,Likely Valid
CLM-00326,train,1,sample_claims/cards/train/likely_valid/CLM-00326_var1.png,Likely Valid
CLM-01061,train,0,sample_claims/cards/train/manual_review/CLM-01061_var0.png,Manual Review Required
CLM-01061,train,1,sample_claims/cards/train/manual_review/CLM-01061_var1.png,Manual Review Required
CLM-00729,train,0,sample_claims/cards/train/manual_review/CLM-00729_var0.png,Manual Review Required
CLM-00729,train,1,sample_claims/cards/train/manual_review/CLM-00729_var1.png,Manual Review Required
CLM-00646,train,1,sample_claims/cards/train/likely_invalid/CLM-00646_var1.png,Likely Invalid
CLM-00646,train,0,sample_claims/cards/train/likely_invalid/CLM-00646_var0.png,Likely Invalid
CLM-02157,train,0,sample_claims/cards/train/likely_invalid/CLM-02157_var0.png,Likely Invalid
CLM-02157,train,1,sample_claims/cards/train/likely_invalid/CLM-02157_var1.png,Likely Invalid
CLM-00924,train,0,sample_claims/cards/train/likely_valid/CLM-00924_var0.png,Likely Valid
CLM-00924,train,1,sample_claims/cards/train/likely_valid/CLM-00924_var1.png,Likely Valid
CLM-00231,train,0,sample_claims/cards/train/likely_valid/CLM-00231_var0.png,Likely Valid
CLM-00231,train,1,sample_claims/cards/train/likely_valid/CLM-00231_var1.png,Likely Valid
CLM-01724,train,0,sample_claims/cards/train/manual_review/CLM-01724_var0.png,Manual Review Required
CLM-01724,train,1,sample_claims/cards/train/manual_review/CLM-01724_var1.png,Manual Review Required
CLM-01404,train,0,sample_claims/cards/train/likely_invalid/CLM-01404_var0.png,Likely Invalid
CLM-01404,train,1,sample_claims/cards/train/likely_invalid/CLM-01404_var1.png,Likely Invalid
CLM-02352,train,1,sample_claims/cards/train/likely_valid/CLM-02352_var1.png,Likely Valid
CLM-02352,train,0,sample_claims/cards/train/likely_valid/CLM-02352_var0.png,Likely Valid
CLM-02472,train,0,sample_claims/cards/train/likely_valid/CLM-02472_var0.png,Likely Valid
CLM-02472,train,1,sample_claims/cards/train/likely_valid/CLM-02472_var1.png,Likely Valid
CLM-01578,train,1,sample_claims/cards/train/likely_valid/CLM-01578_var1.png,Likely Valid
CLM-01578,train,0,sample_claims/cards/train/likely_valid/CLM-01578_var0.png,Likely Valid
CLM-01810,train,0,sample_claims/cards/train/likely_invalid/CLM-01810_var0.png,Likely Invalid
CLM-01810,train,1,sample_claims/cards/train/likely_invalid/CLM-01810_var1.png,Likely Invalid
CLM-02164,train,0,sample_claims/cards/train/likely_valid/CLM-02164_var0.png,Likely Valid
CLM-01526,train,0,sample_claims/cards/train/likely_valid/CLM-01526_var0.png,Likely Valid
CLM-02164,train,1,sample_claims/cards/train/likely_valid/CLM-02164_var1.png,Likely Valid
CLM-01526,train,1,sample_claims/cards/train/likely_valid/CLM-01526_var1.png,Likely Valid
CLM-01982,train,0,sample_claims/cards/train/likely_valid/CLM-01982_var0.png,Likely Valid
CLM-01982,train,1,sample_claims/cards/train/likely_valid/CLM-01982_var1.png,Likely Valid
CLM-01313,train,0,sample_claims/cards/train/likely_valid/CLM-01313_var0.png,Likely Valid
CLM-01313,train,1,sample_claims/cards/train/likely_valid/CLM-01313_var1.png,Likely Valid
CLM-00025,train,0,sample_claims/cards/train/likely_invalid/CLM-00025_var0.png,Likely Invalid
CLM-00025,train,1,sample_claims/cards/train/likely_invalid/CLM-00025_var1.png,Likely Invalid
CLM-00577,train,0,sample_claims/cards/train/likely_valid/CLM-00577_var0.png,Likely Valid
CLM-00577,train,1,sample_claims/cards/train/likely_valid/CLM-00577_var1.png,Likely Valid
CLM-01705,train,1,sample_claims/cards/train/manual_review/CLM-01705_var1.png,Manual Review Required
CLM-00006,train,0,sample_claims/cards/train/likely_valid/CLM-00006_var0.png,Likely Valid
CLM-01705,train,0,sample_claims/cards/train/manual_review/CLM-01705_var0.png,Manual Review Required
CLM-00006,train,1,sample_claims/cards/train/likely_valid/CLM-00006_var1.png,Likely Valid
CLM-01971,train,0,sample_claims/cards/train/manual_review/CLM-01971_var0.png,Manual Review Required
CLM-01971,train,1,sample_claims/cards/train/manual_review/CLM-01971_var1.png,Manual Review Required
CLM-01281,train,0,sample_claims/cards/train/likely_invalid/CLM-01281_var0.png,Likely Invalid
CLM-01281,train,1,sample_claims/cards/train/likely_invalid/CLM-01281_var1.png,Likely Invalid
CLM-00645,train,1,sample_claims/cards/train/likely_valid/CLM-00645_var1.png,Likely Valid
CLM-00645,train,0,sample_claims/cards/train/likely_valid/CLM-00645_var0.png,Likely Valid
CLM-00766,train,0,sample_claims/cards/train/likely_invalid/CLM-00766_var0.png,Likely Invalid
CLM-02113,train,0,sample_claims/cards/train/likely_valid/CLM-02113_var0.png,Likely Valid
CLM-02113,train,1,sample_claims/cards/train/likely_valid/CLM-02113_var1.png,Likely Valid
CLM-00766,train,1,sample_claims/cards/train/likely_invalid/CLM-00766_var1.png,Likely Invalid
CLM-01155,train,0,sample_claims/cards/train/likely_invalid/CLM-01155_var0.png,Likely Invalid
CLM-02297,train,0,sample_claims/cards/train/likely_valid/CLM-02297_var0.png,Likely Valid
CLM-02297,train,1,sample_claims/cards/train/likely_valid/CLM-02297_var1.png,Likely Valid
CLM-01155,train,1,sample_claims/cards/train/likely_invalid/CLM-01155_var1.png,Likely Invalid
CLM-01785,train,0,sample_claims/cards/train/likely_valid/CLM-01785_var0.png,Likely Valid
CLM-01785,train,1,sample_claims/cards/train/likely_valid/CLM-01785_var1.png,Likely Valid
CLM-00974,train,1,sample_claims/cards/train/likely_invalid/CLM-00974_var1.png,Likely Invalid
CLM-02326,train,0,sample_claims/cards/train/likely_valid/CLM-02326_var0.png,Likely Valid
CLM-00974,train,0,sample_claims/cards/train/likely_invalid/CLM-00974_var0.png,Likely Invalid
CLM-02326,train,1,sample_claims/cards/train/likely_valid/CLM-02326_var1.png,Likely Valid
CLM-01603,train,1,sample_claims/cards/train/likely_valid/CLM-01603_var1.png,Likely Valid
CLM-01603,train,0,sample_claims/cards/train/likely_valid/CLM-01603_var0.png,Likely Valid
CLM-00927,train,0,sample_claims/cards/train/likely_valid/CLM-00927_var0.png,Likely Valid
CLM-00927,train,1,sample_claims/cards/train/likely_valid/CLM-00927_var1.png,Likely Valid
CLM-00021,train,0,sample_claims/cards/train/likely_valid/CLM-00021_var0.png,Likely Valid
CLM-01088,train,1,sample_claims/cards/train/likely_valid/CLM-01088_var1.png,Likely Valid
CLM-01088,train,0,sample_claims/cards/train/likely_valid/CLM-01088_var0.png,Likely Valid
CLM-01295,train,0,sample_claims/cards/train/likely_invalid/CLM-01295_var0.png,Likely Invalid
CLM-00021,train,1,sample_claims/cards/train/likely_valid/CLM-00021_var1.png,Likely Valid
CLM-01295,train,1,sample_claims/cards/train/likely_invalid/CLM-01295_var1.png,Likely Invalid
CLM-01527,train,0,sample_claims/cards/train/manual_review/CLM-01527_var0.png,Manual Review Required
CLM-01527,train,1,sample_claims/cards/train/manual_review/CLM-01527_var1.png,Manual Review Required
CLM-02308,train,0,sample_claims/cards/train/manual_review/CLM-02308_var0.png,Manual Review Required
CLM-02308,train,1,sample_claims/cards/train/manual_review/CLM-02308_var1.png,Manual Review Required
CLM-02129,train,0,sample_claims/cards/train/likely_valid/CLM-02129_var0.png,Likely Valid
CLM-00687,train,0,sample_claims/cards/train/likely_valid/CLM-00687_var0.png,Likely Valid
CLM-00687,train,1,sample_claims/cards/train/likely_valid/CLM-00687_var1.png,Likely Valid
CLM-02129,train,1,sample_claims/cards/train/likely_valid/CLM-02129_var1.png,Likely Valid
CLM-01083,train,0,sample_claims/cards/train/likely_invalid/CLM-01083_var0.png,Likely Invalid
CLM-01083,train,1,sample_claims/cards/train/likely_invalid/CLM-01083_var1.png,Likely Invalid
CLM-00279,train,1,sample_claims/cards/train/likely_invalid/CLM-00279_var1.png,Likely Invalid
CLM-00279,train,0,sample_claims/cards/train/likely_invalid/CLM-00279_var0.png,Likely Invalid
CLM-00477,train,0,sample_claims/cards/train/likely_valid/CLM-00477_var0.png,Likely Valid
CLM-00477,train,1,sample_claims/cards/train/likely_valid/CLM-00477_var1.png,Likely Valid
CLM-00834,train,0,sample_claims/cards/train/likely_invalid/CLM-00834_var0.png,Likely Invalid
CLM-01535,train,0,sample_claims/cards/train/likely_invalid/CLM-01535_var0.png,Likely Invalid
CLM-00834,train,1,sample_claims/cards/train/likely_invalid/CLM-00834_var1.png,Likely Invalid
CLM-02037,train,0,sample_claims/cards/train/manual_review/CLM-02037_var0.png,Manual Review Required
CLM-02037,train,1,sample_claims/cards/train/manual_review/CLM-02037_var1.png,Manual Review Required
CLM-00960,train,0,sample_claims/cards/train/likely_valid/CLM-00960_var0.png,Likely Valid
CLM-01535,train,1,sample_claims/cards/train/likely_invalid/CLM-01535_var1.png,Likely Invalid
CLM-00960,train,1,sample_claims/cards/train/likely_valid/CLM-00960_var1.png,Likely Valid
CLM-00595,train,0,sample_claims/cards/train/likely_valid/CLM-00595_var0.png,Likely Valid
CLM-00595,train,1,sample_claims/cards/train/likely_valid/CLM-00595_var1.png,Likely Valid
CLM-00990,train,0,sample_claims/cards/train/likely_invalid/CLM-00990_var0.png,Likely Invalid
CLM-00990,train,1,sample_claims/cards/train/likely_invalid/CLM-00990_var1.png,Likely Invalid
CLM-01923,train,0,sample_claims/cards/train/likely_invalid/CLM-01923_var0.png,Likely Invalid
CLM-01923,train,1,sample_claims/cards/train/likely_invalid/CLM-01923_var1.png,Likely Invalid
CLM-02467,train,0,sample_claims/cards/train/likely_invalid/CLM-02467_var0.png,Likely Invalid
CLM-02467,train,1,sample_claims/cards/train/likely_invalid/CLM-02467_var1.png,Likely Invalid
CLM-00814,train,0,sample_claims/cards/train/likely_valid/CLM-00814_var0.png,Likely Valid
CLM-01320,train,0,sample_claims/cards/train/manual_review/CLM-01320_var0.png,Manual Review Required
CLM-00814,train,1,sample_claims/cards/train/likely_valid/CLM-00814_var1.png,Likely Valid
CLM-01320,train,1,sample_claims/cards/train/manual_review/CLM-01320_var1.png,Manual Review Required
CLM-00299,train,0,sample_claims/cards/train/manual_review/CLM-00299_var0.png,Manual Review Required
CLM-00299,train,1,sample_claims/cards/train/manual_review/CLM-00299_var1.png,Manual Review Required
CLM-00342,train,0,sample_claims/cards/train/manual_review/CLM-00342_var0.png,Manual Review Required
CLM-00342,train,1,sample_claims/cards/train/manual_review/CLM-00342_var1.png,Manual Review Required
CLM-00597,train,0,sample_claims/cards/train/likely_valid/CLM-00597_var0.png,Likely Valid
CLM-00597,train,1,sample_claims/cards/train/likely_valid/CLM-00597_var1.png,Likely Valid
CLM-02293,train,0,sample_claims/cards/train/likely_invalid/CLM-02293_var0.png,Likely Invalid
CLM-02293,train,1,sample_claims/cards/train/likely_invalid/CLM-02293_var1.png,Likely Invalid
CLM-01245,train,0,sample_claims/cards/train/likely_valid/CLM-01245_var0.png,Likely Valid
CLM-01274,train,0,sample_claims/cards/train/likely_invalid/CLM-01274_var0.png,Likely Invalid
CLM-01245,train,1,sample_claims/cards/train/likely_valid/CLM-01245_var1.png,Likely Valid
CLM-01274,train,1,sample_claims/cards/train/likely_invalid/CLM-01274_var1.png,Likely Invalid
CLM-01250,train,0,sample_claims/cards/train/likely_invalid/CLM-01250_var0.png,Likely Invalid
CLM-00019,train,0,sample_claims/cards/train/likely_invalid/CLM-00019_var0.png,Likely Invalid
CLM-00019,train,1,sample_claims/cards/train/likely_invalid/CLM-00019_var1.png,Likely Invalid
CLM-02162,train,1,sample_claims/cards/train/likely_valid/CLM-02162_var1.png,Likely Valid
CLM-02162,train,0,sample_claims/cards/train/likely_valid/CLM-02162_var0.png,Likely Valid
CLM-01250,train,1,sample_claims/cards/train/likely_invalid/CLM-01250_var1.png,Likely Invalid
CLM-02458,train,0,sample_claims/cards/train/likely_valid/CLM-02458_var0.png,Likely Valid
CLM-00212,train,1,sample_claims/cards/train/manual_review/CLM-00212_var1.png,Manual Review Required
CLM-00212,train,0,sample_claims/cards/train/manual_review/CLM-00212_var0.png,Manual Review Required
CLM-02458,train,1,sample_claims/cards/train/likely_valid/CLM-02458_var1.png,Likely Valid
CLM-02482,train,0,sample_claims/cards/train/likely_valid/CLM-02482_var0.png,Likely Valid
CLM-01628,train,1,sample_claims/cards/train/manual_review/CLM-01628_var1.png,Manual Review Required
CLM-02482,train,1,sample_claims/cards/train/likely_valid/CLM-02482_var1.png,Likely Valid
CLM-01016,train,0,sample_claims/cards/train/likely_valid/CLM-01016_var0.png,Likely Valid
CLM-01628,train,0,sample_claims/cards/train/manual_review/CLM-01628_var0.png,Manual Review Required
CLM-00986,train,0,sample_claims/cards/train/likely_valid/CLM-00986_var0.png,Likely Valid
CLM-01016,train,1,sample_claims/cards/train/likely_valid/CLM-01016_var1.png,Likely Valid
CLM-02497,train,0,sample_claims/cards/train/likely_valid/CLM-02497_var0.png,Likely Valid
CLM-00986,train,1,sample_claims/cards/train/likely_valid/CLM-00986_var1.png,Likely Valid
CLM-02497,train,1,sample_claims/cards/train/likely_valid/CLM-02497_var1.png,Likely Valid
CLM-02294,train,1,sample_claims/cards/train/likely_valid/CLM-02294_var1.png,Likely Valid
CLM-02294,train,0,sample_claims/cards/train/likely_valid/CLM-02294_var0.png,Likely Valid
CLM-02260,train,0,sample_claims/cards/train/likely_valid/CLM-02260_var0.png,Likely Valid
CLM-02360,train,0,sample_claims/cards/train/likely_invalid/CLM-02360_var0.png,Likely Invalid
CLM-02360,train,1,sample_claims/cards/train/likely_invalid/CLM-02360_var1.png,Likely Invalid
CLM-02260,train,1,sample_claims/cards/train/likely_valid/CLM-02260_var1.png,Likely Valid
CLM-01656,train,1,sample_claims/cards/train/likely_valid/CLM-01656_var1.png,Likely Valid
CLM-01656,train,0,sample_claims/cards/train/likely_valid/CLM-01656_var0.png,Likely Valid
CLM-01561,train,0,sample_claims/cards/train/likely_valid/CLM-01561_var0.png,Likely Valid
CLM-01561,train,1,sample_claims/cards/train/likely_valid/CLM-01561_var1.png,Likely Valid
CLM-00376,train,0,sample_claims/cards/train/likely_invalid/CLM-00376_var0.png,Likely Invalid
CLM-00376,train,1,sample_claims/cards/train/likely_invalid/CLM-00376_var1.png,Likely Invalid
CLM-01997,train,0,sample_claims/cards/train/likely_valid/CLM-01997_var0.png,Likely Valid
CLM-00723,train,1,sample_claims/cards/train/likely_invalid/CLM-00723_var1.png,Likely Invalid
CLM-00723,train,0,sample_claims/cards/train/likely_invalid/CLM-00723_var0.png,Likely Invalid
CLM-01997,train,1,sample_claims/cards/train/likely_valid/CLM-01997_var1.png,Likely Valid
CLM-01911,train,0,sample_claims/cards/train/manual_review/CLM-01911_var0.png,Manual Review Required
CLM-00169,train,0,sample_claims/cards/train/likely_valid/CLM-00169_var0.png,Likely Valid
CLM-00169,train,1,sample_claims/cards/train/likely_valid/CLM-00169_var1.png,Likely Valid
CLM-01911,train,1,sample_claims/cards/train/manual_review/CLM-01911_var1.png,Manual Review Required
CLM-00367,train,1,sample_claims/cards/train/likely_valid/CLM-00367_var1.png,Likely Valid
CLM-00367,train,0,sample_claims/cards/train/likely_valid/CLM-00367_var0.png,Likely Valid
CLM-02090,train,0,sample_claims/cards/train/manual_review/CLM-02090_var0.png,Manual Review Required
CLM-02090,train,1,sample_claims/cards/train/manual_review/CLM-02090_var1.png,Manual Review Required
CLM-02339,train,1,sample_claims/cards/train/likely_valid/CLM-02339_var1.png,Likely Valid
CLM-01735,train,0,sample_claims/cards/train/likely_valid/CLM-01735_var0.png,Likely Valid
CLM-02339,train,0,sample_claims/cards/train/likely_valid/CLM-02339_var0.png,Likely Valid
CLM-01464,train,1,sample_claims/cards/train/manual_review/CLM-01464_var1.png,Manual Review Required
CLM-01735,train,1,sample_claims/cards/train/likely_valid/CLM-01735_var1.png,Likely Valid
CLM-01464,train,0,sample_claims/cards/train/manual_review/CLM-01464_var0.png,Manual Review Required
CLM-01434,train,0,sample_claims/cards/train/likely_invalid/CLM-01434_var0.png,Likely Invalid
CLM-00576,train,0,sample_claims/cards/train/manual_review/CLM-00576_var0.png,Manual Review Required
CLM-00576,train,1,sample_claims/cards/train/manual_review/CLM-00576_var1.png,Manual Review Required
CLM-01434,train,1,sample_claims/cards/train/likely_invalid/CLM-01434_var1.png,Likely Invalid
CLM-00564,train,0,sample_claims/cards/train/likely_invalid/CLM-00564_var0.png,Likely Invalid
CLM-00564,train,1,sample_claims/cards/train/likely_invalid/CLM-00564_var1.png,Likely Invalid
CLM-00252,train,0,sample_claims/cards/train/likely_valid/CLM-00252_var0.png,Likely Valid
CLM-00252,train,1,sample_claims/cards/train/likely_valid/CLM-00252_var1.png,Likely Valid
CLM-01980,train,0,sample_claims/cards/train/manual_review/CLM-01980_var0.png,Manual Review Required
CLM-01452,train,0,sample_claims/cards/train/likely_valid/CLM-01452_var0.png,Likely Valid
CLM-01980,train,1,sample_claims/cards/train/manual_review/CLM-01980_var1.png,Manual Review Required
CLM-01452,train,1,sample_claims/cards/train/likely_valid/CLM-01452_var1.png,Likely Valid
CLM-01846,train,0,sample_claims/cards/train/manual_review/CLM-01846_var0.png,Manual Review Required
CLM-01846,train,1,sample_claims/cards/train/manual_review/CLM-01846_var1.png,Manual Review Required
CLM-01412,train,1,sample_claims/cards/train/likely_valid/CLM-01412_var1.png,Likely Valid
CLM-01412,train,0,sample_claims/cards/train/likely_valid/CLM-01412_var0.png,Likely Valid
CLM-02341,train,0,sample_claims/cards/train/likely_valid/CLM-02341_var0.png,Likely Valid
CLM-02341,train,1,sample_claims/cards/train/likely_valid/CLM-02341_var1.png,Likely Valid
CLM-01114,train,0,sample_claims/cards/train/likely_valid/CLM-01114_var0.png,Likely Valid
CLM-01114,train,1,sample_claims/cards/train/likely_valid/CLM-01114_var1.png,Likely Valid
CLM-00739,train,0,sample_claims/cards/train/likely_valid/CLM-00739_var0.png,Likely Valid
CLM-00260,train,1,sample_claims/cards/train/likely_valid/CLM-00260_var1.png,Likely Valid
CLM-00260,train,0,sample_claims/cards/train/likely_valid/CLM-00260_var0.png,Likely Valid
CLM-00739,train,1,sample_claims/cards/train/likely_valid/CLM-00739_var1.png,Likely Valid
CLM-00273,train,1,sample_claims/cards/train/manual_review/CLM-00273_var1.png,Manual Review Required
CLM-00273,train,0,sample_claims/cards/train/manual_review/CLM-00273_var0.png,Manual Review Required
CLM-01119,train,0,sample_claims/cards/train/likely_invalid/CLM-01119_var0.png,Likely Invalid
CLM-01119,train,1,sample_claims/cards/train/likely_invalid/CLM-01119_var1.png,Likely Invalid
CLM-00282,train,0,sample_claims/cards/train/likely_valid/CLM-00282_var0.png,Likely Valid
CLM-00282,train,1,sample_claims/cards/train/likely_valid/CLM-00282_var1.png,Likely Valid
CLM-00386,train,0,sample_claims/cards/train/likely_valid/CLM-00386_var0.png,Likely Valid
CLM-00386,train,1,sample_claims/cards/train/likely_valid/CLM-00386_var1.png,Likely Valid
CLM-02406,train,0,sample_claims/cards/train/likely_valid/CLM-02406_var0.png,Likely Valid
CLM-02406,train,1,sample_claims/cards/train/likely_valid/CLM-02406_var1.png,Likely Valid
CLM-01248,train,0,sample_claims/cards/train/likely_invalid/CLM-01248_var0.png,Likely Invalid
CLM-02187,train,0,sample_claims/cards/train/likely_invalid/CLM-02187_var0.png,Likely Invalid
CLM-01248,train,1,sample_claims/cards/train/likely_invalid/CLM-01248_var1.png,Likely Invalid
CLM-01788,train,0,sample_claims/cards/train/likely_valid/CLM-01788_var0.png,Likely Valid
CLM-02187,train,1,sample_claims/cards/train/likely_invalid/CLM-02187_var1.png,Likely Invalid
CLM-01788,train,1,sample_claims/cards/train/likely_valid/CLM-01788_var1.png,Likely Valid
CLM-01130,train,0,sample_claims/cards/train/likely_valid/CLM-01130_var0.png,Likely Valid
CLM-01130,train,1,sample_claims/cards/train/likely_valid/CLM-01130_var1.png,Likely Valid
CLM-02122,train,0,sample_claims/cards/train/likely_invalid/CLM-02122_var0.png,Likely Invalid
CLM-02004,train,0,sample_claims/cards/train/likely_invalid/CLM-02004_var0.png,Likely Invalid
CLM-02004,train,1,sample_claims/cards/train/likely_invalid/CLM-02004_var1.png,Likely Invalid
CLM-02122,train,1,sample_claims/cards/train/likely_invalid/CLM-02122_var1.png,Likely Invalid
CLM-00867,train,0,sample_claims/cards/train/manual_review/CLM-00867_var0.png,Manual Review Required
CLM-00159,train,0,sample_claims/cards/train/likely_invalid/CLM-00159_var0.png,Likely Invalid
CLM-00159,train,1,sample_claims/cards/train/likely_invalid/CLM-00159_var1.png,Likely Invalid
CLM-00867,train,1,sample_claims/cards/train/manual_review/CLM-00867_var1.png,Manual Review Required
CLM-02203,train,0,sample_claims/cards/train/manual_review/CLM-02203_var0.png,Manual Review Required
CLM-02248,train,1,sample_claims/cards/train/likely_invalid/CLM-02248_var1.png,Likely Invalid
CLM-02203,train,1,sample_claims/cards/train/manual_review/CLM-02203_var1.png,Manual Review Required
CLM-02248,train,0,sample_claims/cards/train/likely_invalid/CLM-02248_var0.png,Likely Invalid
CLM-00836,train,0,sample_claims/cards/train/likely_valid/CLM-00836_var0.png,Likely Valid
CLM-00836,train,1,sample_claims/cards/train/likely_valid/CLM-00836_var1.png,Likely Valid
CLM-01359,train,1,sample_claims/cards/train/likely_invalid/CLM-01359_var1.png,Likely Invalid
CLM-01359,train,0,sample_claims/cards/train/likely_invalid/CLM-01359_var0.png,Likely Invalid
CLM-01378,train,0,sample_claims/cards/train/likely_valid/CLM-01378_var0.png,Likely Valid
CLM-01378,train,1,sample_claims/cards/train/likely_valid/CLM-01378_var1.png,Likely Valid
CLM-01110,train,0,sample_claims/cards/train/likely_invalid/CLM-01110_var0.png,Likely Invalid
CLM-01110,train,1,sample_claims/cards/train/likely_invalid/CLM-01110_var1.png,Likely Invalid
CLM-00166,train,0,sample_claims/cards/train/likely_valid/CLM-00166_var0.png,Likely Valid
CLM-00166,train,1,sample_claims/cards/train/likely_valid/CLM-00166_var1.png,Likely Valid
CLM-01177,train,0,sample_claims/cards/train/likely_valid/CLM-01177_var0.png,Likely Valid
CLM-01472,train,0,sample_claims/cards/train/likely_valid/CLM-01472_var0.png,Likely Valid
CLM-01177,train,1,sample_claims/cards/train/likely_valid/CLM-01177_var1.png,Likely Valid
CLM-01472,train,1,sample_claims/cards/train/likely_valid/CLM-01472_var1.png,Likely Valid
CLM-00200,train,1,sample_claims/cards/train/likely_valid/CLM-00200_var1.png,Likely Valid
CLM-00200,train,0,sample_claims/cards/train/likely_valid/CLM-00200_var0.png,Likely Valid
CLM-01931,train,0,sample_claims/cards/train/likely_valid/CLM-01931_var0.png,Likely Valid
CLM-01931,train,1,sample_claims/cards/train/likely_valid/CLM-01931_var1.png,Likely Valid
CLM-00199,train,1,sample_claims/cards/train/likely_valid/CLM-00199_var1.png,Likely Valid
CLM-00199,train,0,sample_claims/cards/train/likely_valid/CLM-00199_var0.png,Likely Valid
CLM-00014,train,0,sample_claims/cards/train/likely_valid/CLM-00014_var0.png,Likely Valid
CLM-00014,train,1,sample_claims/cards/train/likely_valid/CLM-00014_var1.png,Likely Valid
CLM-00087,train,0,sample_claims/cards/train/likely_invalid/CLM-00087_var0.png,Likely Invalid
CLM-00087,train,1,sample_claims/cards/train/likely_invalid/CLM-00087_var1.png,Likely Invalid
CLM-01156,train,0,sample_claims/cards/train/likely_valid/CLM-01156_var0.png,Likely Valid
CLM-01156,train,1,sample_claims/cards/train/likely_valid/CLM-01156_var1.png,Likely Valid
CLM-01345,train,0,sample_claims/cards/train/likely_valid/CLM-01345_var0.png,Likely Valid
CLM-01345,train,1,sample_claims/cards/train/likely_valid/CLM-01345_var1.png,Likely Valid
CLM-00747,train,1,sample_claims/cards/train/manual_review/CLM-00747_var1.png,Manual Review Required
CLM-00747,train,0,sample_claims/cards/train/manual_review/CLM-00747_var0.png,Manual Review Required
CLM-02040,train,0,sample_claims/cards/train/likely_valid/CLM-02040_var0.png,Likely Valid
CLM-01353,train,0,sample_claims/cards/train/manual_review/CLM-01353_var0.png,Manual Review Required
CLM-02040,train,1,sample_claims/cards/train/likely_valid/CLM-02040_var1.png,Likely Valid
CLM-01353,train,1,sample_claims/cards/train/manual_review/CLM-01353_var1.png,Manual Review Required
CLM-02013,train,0,sample_claims/cards/train/likely_invalid/CLM-02013_var0.png,Likely Invalid
CLM-02013,train,1,sample_claims/cards/train/likely_invalid/CLM-02013_var1.png,Likely Invalid
CLM-00943,train,1,sample_claims/cards/train/manual_review/CLM-00943_var1.png,Manual Review Required
CLM-00943,train,0,sample_claims/cards/train/manual_review/CLM-00943_var0.png,Manual Review Required
CLM-00751,train,0,sample_claims/cards/train/likely_invalid/CLM-00751_var0.png,Likely Invalid
CLM-00843,train,0,sample_claims/cards/train/manual_review/CLM-00843_var0.png,Manual Review Required
CLM-00843,train,1,sample_claims/cards/train/manual_review/CLM-00843_var1.png,Manual Review Required
CLM-00751,train,1,sample_claims/cards/train/likely_invalid/CLM-00751_var1.png,Likely Invalid
CLM-01583,train,1,sample_claims/cards/train/likely_invalid/CLM-01583_var1.png,Likely Invalid
CLM-01583,train,0,sample_claims/cards/train/likely_invalid/CLM-01583_var0.png,Likely Invalid
CLM-00308,train,0,sample_claims/cards/train/likely_valid/CLM-00308_var0.png,Likely Valid
CLM-00308,train,1,sample_claims/cards/train/likely_valid/CLM-00308_var1.png,Likely Valid
CLM-01057,train,0,sample_claims/cards/train/likely_invalid/CLM-01057_var0.png,Likely Invalid
CLM-01057,train,1,sample_claims/cards/train/likely_invalid/CLM-01057_var1.png,Likely Invalid
CLM-00346,train,1,sample_claims/cards/train/likely_valid/CLM-00346_var1.png,Likely Valid
CLM-00320,train,0,sample_claims/cards/train/likely_valid/CLM-00320_var0.png,Likely Valid
CLM-00346,train,0,sample_claims/cards/train/likely_valid/CLM-00346_var0.png,Likely Valid
CLM-00320,train,1,sample_claims/cards/train/likely_valid/CLM-00320_var1.png,Likely Valid
CLM-00933,train,0,sample_claims/cards/train/likely_invalid/CLM-00933_var0.png,Likely Invalid
CLM-01715,train,0,sample_claims/cards/train/likely_invalid/CLM-01715_var0.png,Likely Invalid
CLM-01715,train,1,sample_claims/cards/train/likely_invalid/CLM-01715_var1.png,Likely Invalid
CLM-00920,train,0,sample_claims/cards/train/likely_valid/CLM-00920_var0.png,Likely Valid
CLM-00933,train,1,sample_claims/cards/train/likely_invalid/CLM-00933_var1.png,Likely Invalid
CLM-00920,train,1,sample_claims/cards/train/likely_valid/CLM-00920_var1.png,Likely Valid
CLM-00072,train,1,sample_claims/cards/train/manual_review/CLM-00072_var1.png,Manual Review Required
CLM-02332,train,0,sample_claims/cards/train/likely_valid/CLM-02332_var0.png,Likely Valid
CLM-00072,train,0,sample_claims/cards/train/manual_review/CLM-00072_var0.png,Manual Review Required
CLM-02332,train,1,sample_claims/cards/train/likely_valid/CLM-02332_var1.png,Likely Valid
CLM-00891,train,0,sample_claims/cards/train/likely_invalid/CLM-00891_var0.png,Likely Invalid
CLM-00891,train,1,sample_claims/cards/train/likely_invalid/CLM-00891_var1.png,Likely Invalid
CLM-00807,train,1,sample_claims/cards/train/likely_valid/CLM-00807_var1.png,Likely Valid
CLM-00807,train,0,sample_claims/cards/train/likely_valid/CLM-00807_var0.png,Likely Valid
CLM-00746,train,0,sample_claims/cards/train/manual_review/CLM-00746_var0.png,Manual Review Required
CLM-00930,train,0,sample_claims/cards/train/likely_invalid/CLM-00930_var0.png,Likely Invalid
CLM-00746,train,1,sample_claims/cards/train/manual_review/CLM-00746_var1.png,Manual Review Required
CLM-00930,train,1,sample_claims/cards/train/likely_invalid/CLM-00930_var1.png,Likely Invalid
CLM-02459,train,1,sample_claims/cards/train/manual_review/CLM-02459_var1.png,Manual Review Required
CLM-02459,train,0,sample_claims/cards/train/manual_review/CLM-02459_var0.png,Manual Review Required
CLM-01366,train,1,sample_claims/cards/train/likely_valid/CLM-01366_var1.png,Likely Valid
CLM-01366,train,0,sample_claims/cards/train/likely_valid/CLM-01366_var0.png,Likely Valid
CLM-02381,train,0,sample_claims/cards/train/likely_valid/CLM-02381_var0.png,Likely Valid
CLM-01159,train,1,sample_claims/cards/train/likely_invalid/CLM-01159_var1.png,Likely Invalid
CLM-01159,train,0,sample_claims/cards/train/likely_invalid/CLM-01159_var0.png,Likely Invalid
CLM-02381,train,1,sample_claims/cards/train/likely_valid/CLM-02381_var1.png,Likely Valid
CLM-02378,train,0,sample_claims/cards/train/likely_valid/CLM-02378_var0.png,Likely Valid
CLM-00989,train,1,sample_claims/cards/train/manual_review/CLM-00989_var1.png,Manual Review Required
CLM-02378,train,1,sample_claims/cards/train/likely_valid/CLM-02378_var1.png,Likely Valid
CLM-00989,train,0,sample_claims/cards/train/manual_review/CLM-00989_var0.png,Manual Review Required
CLM-00056,train,0,sample_claims/cards/train/manual_review/CLM-00056_var0.png,Manual Review Required
CLM-00056,train,1,sample_claims/cards/train/manual_review/CLM-00056_var1.png,Manual Review Required
CLM-00491,train,1,sample_claims/cards/train/likely_valid/CLM-00491_var1.png,Likely Valid
CLM-00491,train,0,sample_claims/cards/train/likely_valid/CLM-00491_var0.png,Likely Valid
CLM-00092,train,0,sample_claims/cards/train/likely_invalid/CLM-00092_var0.png,Likely Invalid
CLM-00877,train,0,sample_claims/cards/train/likely_valid/CLM-00877_var0.png,Likely Valid
CLM-00092,train,1,sample_claims/cards/train/likely_invalid/CLM-00092_var1.png,Likely Invalid
CLM-00877,train,1,sample_claims/cards/train/likely_valid/CLM-00877_var1.png,Likely Valid
CLM-01547,train,0,sample_claims/cards/train/likely_invalid/CLM-01547_var0.png,Likely Invalid
CLM-01547,train,1,sample_claims/cards/train/likely_invalid/CLM-01547_var1.png,Likely Invalid
CLM-00433,train,0,sample_claims/cards/train/likely_valid/CLM-00433_var0.png,Likely Valid
CLM-00433,train,1,sample_claims/cards/train/likely_valid/CLM-00433_var1.png,Likely Valid
CLM-00034,train,0,sample_claims/cards/train/likely_invalid/CLM-00034_var0.png,Likely Invalid
CLM-02108,train,0,sample_claims/cards/train/manual_review/CLM-02108_var0.png,Manual Review Required
CLM-02108,train,1,sample_claims/cards/train/manual_review/CLM-02108_var1.png,Manual Review Required
CLM-02130,train,0,sample_claims/cards/train/likely_invalid/CLM-02130_var0.png,Likely Invalid
CLM-00034,train,1,sample_claims/cards/train/likely_invalid/CLM-00034_var1.png,Likely Invalid
CLM-02130,train,1,sample_claims/cards/train/likely_invalid/CLM-02130_var1.png,Likely Invalid
CLM-01153,train,0,sample_claims/cards/train/manual_review/CLM-01153_var0.png,Manual Review Required
CLM-01153,train,1,sample_claims/cards/train/manual_review/CLM-01153_var1.png,Manual Review Required
CLM-00508,train,1,sample_claims/cards/train/likely_valid/CLM-00508_var1.png,Likely Valid
CLM-00508,train,0,sample_claims/cards/train/likely_valid/CLM-00508_var0.png,Likely Valid
CLM-00243,train,0,sample_claims/cards/train/likely_invalid/CLM-00243_var0.png,Likely Invalid
CLM-00243,train,1,sample_claims/cards/train/likely_invalid/CLM-00243_var1.png,Likely Invalid
CLM-01428,train,1,sample_claims/cards/train/likely_valid/CLM-01428_var1.png,Likely Valid
CLM-01428,train,0,sample_claims/cards/train/likely_valid/CLM-01428_var0.png,Likely Valid
CLM-00697,train,0,sample_claims/cards/train/likely_valid/CLM-00697_var0.png,Likely Valid
CLM-00003,train,1,sample_claims/cards/train/likely_invalid/CLM-00003_var1.png,Likely Invalid
CLM-00003,train,0,sample_claims/cards/train/likely_invalid/CLM-00003_var0.png,Likely Invalid
CLM-00697,train,1,sample_claims/cards/train/likely_valid/CLM-00697_var1.png,Likely Valid
CLM-02357,train,0,sample_claims/cards/train/likely_valid/CLM-02357_var0.png,Likely Valid
CLM-02357,train,1,sample_claims/cards/train/likely_valid/CLM-02357_var1.png,Likely Valid
CLM-00054,train,0,sample_claims/cards/train/likely_valid/CLM-00054_var0.png,Likely Valid
CLM-00054,train,1,sample_claims/cards/train/likely_valid/CLM-00054_var1.png,Likely Valid
CLM-00438,train,0,sample_claims/cards/train/manual_review/CLM-00438_var0.png,Manual Review Required
CLM-00438,train,1,sample_claims/cards/train/manual_review/CLM-00438_var1.png,Manual Review Required
CLM-00344,train,0,sample_claims/cards/train/likely_valid/CLM-00344_var0.png,Likely Valid
CLM-00344,train,1,sample_claims/cards/train/likely_valid/CLM-00344_var1.png,Likely Valid
CLM-00133,train,0,sample_claims/cards/train/likely_valid/CLM-00133_var0.png,Likely Valid
CLM-01893,train,0,sample_claims/cards/train/likely_valid/CLM-01893_var0.png,Likely Valid
CLM-00440,train,0,sample_claims/cards/train/likely_valid/CLM-00440_var0.png,Likely Valid
CLM-00440,train,1,sample_claims/cards/train/likely_valid/CLM-00440_var1.png,Likely Valid
CLM-00133,train,1,sample_claims/cards/train/likely_valid/CLM-00133_var1.png,Likely Valid
CLM-01673,train,0,sample_claims/cards/train/likely_valid/CLM-01673_var0.png,Likely Valid
CLM-01893,train,1,sample_claims/cards/train/likely_valid/CLM-01893_var1.png,Likely Valid
CLM-01349,train,0,sample_claims/cards/train/likely_valid/CLM-01349_var0.png,Likely Valid
CLM-01673,train,1,sample_claims/cards/train/likely_valid/CLM-01673_var1.png,Likely Valid
CLM-01349,train,1,sample_claims/cards/train/likely_valid/CLM-01349_var1.png,Likely Valid
CLM-00297,train,0,sample_claims/cards/train/likely_valid/CLM-00297_var0.png,Likely Valid
CLM-00297,train,1,sample_claims/cards/train/likely_valid/CLM-00297_var1.png,Likely Valid
CLM-00155,train,0,sample_claims/cards/train/likely_valid/CLM-00155_var0.png,Likely Valid
CLM-00155,train,1,sample_claims/cards/train/likely_valid/CLM-00155_var1.png,Likely Valid
CLM-00106,train,0,sample_claims/cards/train/likely_valid/CLM-00106_var0.png,Likely Valid
CLM-01823,train,0,sample_claims/cards/train/likely_valid/CLM-01823_var0.png,Likely Valid
CLM-00106,train,1,sample_claims/cards/train/likely_valid/CLM-00106_var1.png,Likely Valid
CLM-01823,train,1,sample_claims/cards/train/likely_valid/CLM-01823_var1.png,Likely Valid
CLM-02189,train,0,sample_claims/cards/train/likely_valid/CLM-02189_var0.png,Likely Valid
CLM-01322,train,0,sample_claims/cards/train/manual_review/CLM-01322_var0.png,Manual Review Required
CLM-02189,train,1,sample_claims/cards/train/likely_valid/CLM-02189_var1.png,Likely Valid
CLM-01322,train,1,sample_claims/cards/train/manual_review/CLM-01322_var1.png,Manual Review Required
CLM-02267,train,1,sample_claims/cards/train/manual_review/CLM-02267_var1.png,Manual Review Required
CLM-02267,train,0,sample_claims/cards/train/manual_review/CLM-02267_var0.png,Manual Review Required
CLM-00361,train,0,sample_claims/cards/train/likely_valid/CLM-00361_var0.png,Likely Valid
CLM-00361,train,1,sample_claims/cards/train/likely_valid/CLM-00361_var1.png,Likely Valid
CLM-00465,train,0,sample_claims/cards/train/likely_valid/CLM-00465_var0.png,Likely Valid
CLM-00465,train,1,sample_claims/cards/train/likely_valid/CLM-00465_var1.png,Likely Valid
CLM-00195,train,0,sample_claims/cards/train/likely_valid/CLM-00195_var0.png,Likely Valid
CLM-00195,train,1,sample_claims/cards/train/likely_valid/CLM-00195_var1.png,Likely Valid
CLM-02012,train,0,sample_claims/cards/train/likely_invalid/CLM-02012_var0.png,Likely Invalid
CLM-01546,train,0,sample_claims/cards/train/likely_invalid/CLM-01546_var0.png,Likely Invalid
CLM-02012,train,1,sample_claims/cards/train/likely_invalid/CLM-02012_var1.png,Likely Invalid
CLM-01546,train,1,sample_claims/cards/train/likely_invalid/CLM-01546_var1.png,Likely Invalid
CLM-00910,train,0,sample_claims/cards/train/manual_review/CLM-00910_var0.png,Manual Review Required
CLM-02317,train,0,sample_claims/cards/train/likely_valid/CLM-02317_var0.png,Likely Valid
CLM-00910,train,1,sample_claims/cards/train/manual_review/CLM-00910_var1.png,Manual Review Required
CLM-02317,train,1,sample_claims/cards/train/likely_valid/CLM-02317_var1.png,Likely Valid
CLM-02065,train,1,sample_claims/cards/train/likely_valid/CLM-02065_var1.png,Likely Valid
CLM-02065,train,0,sample_claims/cards/train/likely_valid/CLM-02065_var0.png,Likely Valid
CLM-01003,train,0,sample_claims/cards/train/likely_valid/CLM-01003_var0.png,Likely Valid
CLM-01003,train,1,sample_claims/cards/train/likely_valid/CLM-01003_var1.png,Likely Valid
CLM-01226,train,0,sample_claims/cards/train/likely_valid/CLM-01226_var0.png,Likely Valid
CLM-01226,train,1,sample_claims/cards/train/likely_valid/CLM-01226_var1.png,Likely Valid
CLM-00490,train,0,sample_claims/cards/train/likely_valid/CLM-00490_var0.png,Likely Valid
CLM-00490,train,1,sample_claims/cards/train/likely_valid/CLM-00490_var1.png,Likely Valid
CLM-01076,train,0,sample_claims/cards/train/likely_valid/CLM-01076_var0.png,Likely Valid
CLM-00847,train,0,sample_claims/cards/train/likely_invalid/CLM-00847_var0.png,Likely Invalid
CLM-00847,train,1,sample_claims/cards/train/likely_invalid/CLM-00847_var1.png,Likely Invalid
CLM-01076,train,1,sample_claims/cards/train/likely_valid/CLM-01076_var1.png,Likely Valid
CLM-01015,train,0,sample_claims/cards/train/likely_valid/CLM-01015_var0.png,Likely Valid
CLM-01015,train,1,sample_claims/cards/train/likely_valid/CLM-01015_var1.png,Likely Valid
CLM-01136,train,0,sample_claims/cards/train/likely_invalid/CLM-01136_var0.png,Likely Invalid
CLM-02042,train,1,sample_claims/cards/train/manual_review/CLM-02042_var1.png,Manual Review Required
CLM-02042,train,0,sample_claims/cards/train/manual_review/CLM-02042_var0.png,Manual Review Required
CLM-01136,train,1,sample_claims/cards/train/likely_invalid/CLM-01136_var1.png,Likely Invalid
CLM-01513,train,0,sample_claims/cards/train/likely_valid/CLM-01513_var0.png,Likely Valid
CLM-01642,train,0,sample_claims/cards/train/likely_invalid/CLM-01642_var0.png,Likely Invalid
CLM-01513,train,1,sample_claims/cards/train/likely_valid/CLM-01513_var1.png,Likely Valid
CLM-00753,train,0,sample_claims/cards/train/manual_review/CLM-00753_var0.png,Manual Review Required
CLM-00753,train,1,sample_claims/cards/train/manual_review/CLM-00753_var1.png,Manual Review Required
CLM-01642,train,1,sample_claims/cards/train/likely_invalid/CLM-01642_var1.png,Likely Invalid
CLM-01827,train,0,sample_claims/cards/train/manual_review/CLM-01827_var0.png,Manual Review Required
CLM-01827,train,1,sample_claims/cards/train/manual_review/CLM-01827_var1.png,Manual Review Required
CLM-00796,train,0,sample_claims/cards/train/manual_review/CLM-00796_var0.png,Manual Review Required
CLM-01301,train,0,sample_claims/cards/train/likely_valid/CLM-01301_var0.png,Likely Valid
CLM-00796,train,1,sample_claims/cards/train/manual_review/CLM-00796_var1.png,Manual Review Required
CLM-02387,train,1,sample_claims/cards/train/likely_valid/CLM-02387_var1.png,Likely Valid
CLM-02387,train,0,sample_claims/cards/train/likely_valid/CLM-02387_var0.png,Likely Valid
CLM-00616,train,0,sample_claims/cards/train/likely_valid/CLM-00616_var0.png,Likely Valid
CLM-01301,train,1,sample_claims/cards/train/likely_valid/CLM-01301_var1.png,Likely Valid
CLM-00546,train,0,sample_claims/cards/train/likely_valid/CLM-00546_var0.png,Likely Valid
CLM-00616,train,1,sample_claims/cards/train/likely_valid/CLM-00616_var1.png,Likely Valid
CLM-02206,train,0,sample_claims/cards/train/manual_review/CLM-02206_var0.png,Manual Review Required
CLM-00546,train,1,sample_claims/cards/train/likely_valid/CLM-00546_var1.png,Likely Valid
CLM-02206,train,1,sample_claims/cards/train/manual_review/CLM-02206_var1.png,Manual Review Required
CLM-00020,train,0,sample_claims/cards/train/likely_invalid/CLM-00020_var0.png,Likely Invalid
CLM-00020,train,1,sample_claims/cards/train/likely_invalid/CLM-00020_var1.png,Likely Invalid
CLM-00889,train,0,sample_claims/cards/train/manual_review/CLM-00889_var0.png,Manual Review Required
CLM-00889,train,1,sample_claims/cards/train/manual_review/CLM-00889_var1.png,Manual Review Required
CLM-01294,train,0,sample_claims/cards/train/manual_review/CLM-01294_var0.png,Manual Review Required
CLM-01294,train,1,sample_claims/cards/train/manual_review/CLM-01294_var1.png,Manual Review Required
CLM-01030,train,0,sample_claims/cards/train/likely_valid/CLM-01030_var0.png,Likely Valid
CLM-01030,train,1,sample_claims/cards/train/likely_valid/CLM-01030_var1.png,Likely Valid
CLM-01401,train,0,sample_claims/cards/train/likely_invalid/CLM-01401_var0.png,Likely Invalid
CLM-01401,train,1,sample_claims/cards/train/likely_invalid/CLM-01401_var1.png,Likely Invalid
CLM-01007,train,0,sample_claims/cards/train/likely_valid/CLM-01007_var0.png,Likely Valid
CLM-01007,train,1,sample_claims/cards/train/likely_valid/CLM-01007_var1.png,Likely Valid
CLM-02102,train,1,sample_claims/cards/train/likely_valid/CLM-02102_var1.png,Likely Valid
CLM-02102,train,0,sample_claims/cards/train/likely_valid/CLM-02102_var0.png,Likely Valid
CLM-00903,train,0,sample_claims/cards/train/likely_invalid/CLM-00903_var0.png,Likely Invalid
CLM-00903,train,1,sample_claims/cards/train/likely_invalid/CLM-00903_var1.png,Likely Invalid
CLM-01584,train,0,sample_claims/cards/train/likely_invalid/CLM-01584_var0.png,Likely Invalid
CLM-01584,train,1,sample_claims/cards/train/likely_invalid/CLM-01584_var1.png,Likely Invalid
CLM-01297,train,0,sample_claims/cards/train/likely_valid/CLM-01297_var0.png,Likely Valid
CLM-01297,train,1,sample_claims/cards/train/likely_valid/CLM-01297_var1.png,Likely Valid
CLM-00749,train,0,sample_claims/cards/train/likely_invalid/CLM-00749_var0.png,Likely Invalid
CLM-00749,train,1,sample_claims/cards/train/likely_invalid/CLM-00749_var1.png,Likely Invalid
CLM-01748,train,0,sample_claims/cards/train/likely_invalid/CLM-01748_var0.png,Likely Invalid
CLM-01748,train,1,sample_claims/cards/train/likely_invalid/CLM-01748_var1.png,Likely Invalid
CLM-01781,train,0,sample_claims/cards/train/likely_valid/CLM-01781_var0.png,Likely Valid
CLM-01781,train,1,sample_claims/cards/train/likely_valid/CLM-01781_var1.png,Likely Valid
CLM-00637,train,1,sample_claims/cards/train/likely_valid/CLM-00637_var1.png,Likely Valid
CLM-01943,train,0,sample_claims/cards/train/manual_review/CLM-01943_var0.png,Manual Review Required
CLM-00637,train,0,sample_claims/cards/train/likely_valid/CLM-00637_var0.png,Likely Valid
CLM-01943,train,1,sample_claims/cards/train/manual_review/CLM-01943_var1.png,Manual Review Required
CLM-02247,train,0,sample_claims/cards/train/likely_valid/CLM-02247_var0.png,Likely Valid
CLM-00102,train,1,sample_claims/cards/train/manual_review/CLM-00102_var1.png,Manual Review Required
CLM-00102,train,0,sample_claims/cards/train/manual_review/CLM-00102_var0.png,Manual Review Required
CLM-02247,train,1,sample_claims/cards/train/likely_valid/CLM-02247_var1.png,Likely Valid
CLM-00398,train,0,sample_claims/cards/train/manual_review/CLM-00398_var0.png,Manual Review Required
CLM-00398,train,1,sample_claims/cards/train/manual_review/CLM-00398_var1.png,Manual Review Required
CLM-00558,train,0,sample_claims/cards/train/likely_valid/CLM-00558_var0.png,Likely Valid
CLM-00558,train,1,sample_claims/cards/train/likely_valid/CLM-00558_var1.png,Likely Valid
CLM-02448,train,0,sample_claims/cards/train/likely_invalid/CLM-02448_var0.png,Likely Invalid
CLM-02448,train,1,sample_claims/cards/train/likely_invalid/CLM-02448_var1.png,Likely Invalid
CLM-01090,train,0,sample_claims/cards/train/manual_review/CLM-01090_var0.png,Manual Review Required
CLM-00246,train,0,sample_claims/cards/train/manual_review/CLM-00246_var0.png,Manual Review Required
CLM-00246,train,1,sample_claims/cards/train/manual_review/CLM-00246_var1.png,Manual Review Required
CLM-01646,train,1,sample_claims/cards/train/likely_invalid/CLM-01646_var1.png,Likely Invalid
CLM-01646,train,0,sample_claims/cards/train/likely_invalid/CLM-01646_var0.png,Likely Invalid
CLM-01090,train,1,sample_claims/cards/train/manual_review/CLM-01090_var1.png,Manual Review Required
CLM-01680,train,0,sample_claims/cards/train/likely_invalid/CLM-01680_var0.png,Likely Invalid
CLM-00495,train,0,sample_claims/cards/train/manual_review/CLM-00495_var0.png,Manual Review Required
CLM-01680,train,1,sample_claims/cards/train/likely_invalid/CLM-01680_var1.png,Likely Invalid
CLM-01243,train,0,sample_claims/cards/train/likely_invalid/CLM-01243_var0.png,Likely Invalid
CLM-00495,train,1,sample_claims/cards/train/manual_review/CLM-00495_var1.png,Manual Review Required
CLM-02376,train,0,sample_claims/cards/train/likely_valid/CLM-02376_var0.png,Likely Valid
CLM-02376,train,1,sample_claims/cards/train/likely_valid/CLM-02376_var1.png,Likely Valid
CLM-01243,train,1,sample_claims/cards/train/likely_invalid/CLM-01243_var1.png,Likely Invalid
CLM-00826,train,0,sample_claims/cards/train/likely_valid/CLM-00826_var0.png,Likely Valid
CLM-00826,train,1,sample_claims/cards/train/likely_valid/CLM-00826_var1.png,Likely Valid
CLM-00752,train,0,sample_claims/cards/train/likely_invalid/CLM-00752_var0.png,Likely Invalid
CLM-01944,train,0,sample_claims/cards/train/likely_valid/CLM-01944_var0.png,Likely Valid
CLM-00752,train,1,sample_claims/cards/train/likely_invalid/CLM-00752_var1.png,Likely Invalid
CLM-01232,train,1,sample_claims/cards/train/likely_valid/CLM-01232_var1.png,Likely Valid
CLM-01944,train,1,sample_claims/cards/train/likely_valid/CLM-01944_var1.png,Likely Valid
CLM-01232,train,0,sample_claims/cards/train/likely_valid/CLM-01232_var0.png,Likely Valid
CLM-02177,train,0,sample_claims/cards/train/likely_valid/CLM-02177_var0.png,Likely Valid
CLM-02177,train,1,sample_claims/cards/train/likely_valid/CLM-02177_var1.png,Likely Valid
CLM-00304,train,1,sample_claims/cards/train/likely_valid/CLM-00304_var1.png,Likely Valid
CLM-00304,train,0,sample_claims/cards/train/likely_valid/CLM-00304_var0.png,Likely Valid
CLM-02171,train,0,sample_claims/cards/train/likely_invalid/CLM-02171_var0.png,Likely Invalid
CLM-02367,train,0,sample_claims/cards/train/likely_valid/CLM-02367_var0.png,Likely Valid
CLM-02171,train,1,sample_claims/cards/train/likely_invalid/CLM-02171_var1.png,Likely Invalid
CLM-02367,train,1,sample_claims/cards/train/likely_valid/CLM-02367_var1.png,Likely Valid
CLM-01420,train,0,sample_claims/cards/train/likely_valid/CLM-01420_var0.png,Likely Valid
CLM-02474,train,0,sample_claims/cards/train/likely_valid/CLM-02474_var0.png,Likely Valid
CLM-01420,train,1,sample_claims/cards/train/likely_valid/CLM-01420_var1.png,Likely Valid
CLM-02474,train,1,sample_claims/cards/train/likely_valid/CLM-02474_var1.png,Likely Valid
CLM-01367,train,0,sample_claims/cards/train/likely_valid/CLM-01367_var0.png,Likely Valid
CLM-00912,train,0,sample_claims/cards/train/likely_valid/CLM-00912_var0.png,Likely Valid
CLM-00912,train,1,sample_claims/cards/train/likely_valid/CLM-00912_var1.png,Likely Valid
CLM-01367,train,1,sample_claims/cards/train/likely_valid/CLM-01367_var1.png,Likely Valid
CLM-00057,train,0,sample_claims/cards/train/likely_valid/CLM-00057_var0.png,Likely Valid
CLM-02464,train,0,sample_claims/cards/train/likely_invalid/CLM-02464_var0.png,Likely Invalid
CLM-02464,train,1,sample_claims/cards/train/likely_invalid/CLM-02464_var1.png,Likely Invalid
CLM-00057,train,1,sample_claims/cards/train/likely_valid/CLM-00057_var1.png,Likely Valid
CLM-00471,train,0,sample_claims/cards/train/manual_review/CLM-00471_var0.png,Manual Review Required
CLM-00069,train,0,sample_claims/cards/train/likely_valid/CLM-00069_var0.png,Likely Valid
CLM-00471,train,1,sample_claims/cards/train/manual_review/CLM-00471_var1.png,Manual Review Required
CLM-00069,train,1,sample_claims/cards/train/likely_valid/CLM-00069_var1.png,Likely Valid
CLM-00544,train,0,sample_claims/cards/train/likely_valid/CLM-00544_var0.png,Likely Valid
CLM-00560,train,0,sample_claims/cards/train/likely_valid/CLM-00560_var0.png,Likely Valid
CLM-00544,train,1,sample_claims/cards/train/likely_valid/CLM-00544_var1.png,Likely Valid
CLM-00560,train,1,sample_claims/cards/train/likely_valid/CLM-00560_var1.png,Likely Valid
CLM-02152,train,0,sample_claims/cards/train/likely_valid/CLM-02152_var0.png,Likely Valid
CLM-00366,train,0,sample_claims/cards/train/likely_valid/CLM-00366_var0.png,Likely Valid
CLM-00366,train,1,sample_claims/cards/train/likely_valid/CLM-00366_var1.png,Likely Valid
CLM-01867,train,0,sample_claims/cards/train/likely_invalid/CLM-01867_var0.png,Likely Invalid
CLM-02152,train,1,sample_claims/cards/train/likely_valid/CLM-02152_var1.png,Likely Valid
CLM-01867,train,1,sample_claims/cards/train/likely_invalid/CLM-01867_var1.png,Likely Invalid
CLM-01374,train,0,sample_claims/cards/train/manual_review/CLM-01374_var0.png,Manual Review Required
CLM-00818,train,0,sample_claims/cards/train/likely_invalid/CLM-00818_var0.png,Likely Invalid
CLM-01374,train,1,sample_claims/cards/train/manual_review/CLM-01374_var1.png,Manual Review Required
CLM-00818,train,1,sample_claims/cards/train/likely_invalid/CLM-00818_var1.png,Likely Invalid
CLM-01399,train,1,sample_claims/cards/train/manual_review/CLM-01399_var1.png,Manual Review Required
CLM-01399,train,0,sample_claims/cards/train/manual_review/CLM-01399_var0.png,Manual Review Required
CLM-00984,train,0,sample_claims/cards/train/likely_invalid/CLM-00984_var0.png,Likely Invalid
CLM-00984,train,1,sample_claims/cards/train/likely_invalid/CLM-00984_var1.png,Likely Invalid
CLM-00803,train,1,sample_claims/cards/train/likely_valid/CLM-00803_var1.png,Likely Valid
CLM-00803,train,0,sample_claims/cards/train/likely_valid/CLM-00803_var0.png,Likely Valid
CLM-00784,train,0,sample_claims/cards/train/likely_invalid/CLM-00784_var0.png,Likely Invalid
CLM-00784,train,1,sample_claims/cards/train/likely_invalid/CLM-00784_var1.png,Likely Invalid
CLM-02305,train,1,sample_claims/cards/train/manual_review/CLM-02305_var1.png,Manual Review Required
CLM-02305,train,0,sample_claims/cards/train/manual_review/CLM-02305_var0.png,Manual Review Required
CLM-01925,train,0,sample_claims/cards/train/likely_invalid/CLM-01925_var0.png,Likely Invalid
CLM-01925,train,1,sample_claims/cards/train/likely_invalid/CLM-01925_var1.png,Likely Invalid
CLM-01615,train,1,sample_claims/cards/train/manual_review/CLM-01615_var1.png,Manual Review Required
CLM-01615,train,0,sample_claims/cards/train/manual_review/CLM-01615_var0.png,Manual Review Required
CLM-01790,train,0,sample_claims/cards/train/likely_valid/CLM-01790_var0.png,Likely Valid
CLM-01790,train,1,sample_claims/cards/train/likely_valid/CLM-01790_var1.png,Likely Valid
CLM-00805,train,0,sample_claims/cards/train/manual_review/CLM-00805_var0.png,Manual Review Required
CLM-00805,train,1,sample_claims/cards/train/manual_review/CLM-00805_var1.png,Manual Review Required
CLM-01385,train,0,sample_claims/cards/train/likely_valid/CLM-01385_var0.png,Likely Valid
CLM-01385,train,1,sample_claims/cards/train/likely_valid/CLM-01385_var1.png,Likely Valid
CLM-01122,train,1,sample_claims/cards/train/manual_review/CLM-01122_var1.png,Manual Review Required
CLM-01122,train,0,sample_claims/cards/train/manual_review/CLM-01122_var0.png,Manual Review Required
CLM-00675,train,0,sample_claims/cards/train/likely_valid/CLM-00675_var0.png,Likely Valid
CLM-00675,train,1,sample_claims/cards/train/likely_valid/CLM-00675_var1.png,Likely Valid
CLM-02385,train,0,sample_claims/cards/train/likely_valid/CLM-02385_var0.png,Likely Valid
CLM-02385,train,1,sample_claims/cards/train/likely_valid/CLM-02385_var1.png,Likely Valid
CLM-01860,train,0,sample_claims/cards/train/likely_valid/CLM-01860_var0.png,Likely Valid
CLM-01860,train,1,sample_claims/cards/train/likely_valid/CLM-01860_var1.png,Likely Valid
CLM-02087,train,0,sample_claims/cards/train/likely_invalid/CLM-02087_var0.png,Likely Invalid
CLM-02087,train,1,sample_claims/cards/train/likely_invalid/CLM-02087_var1.png,Likely Invalid
CLM-01451,train,1,sample_claims/cards/train/likely_valid/CLM-01451_var1.png,Likely Valid
CLM-01451,train,0,sample_claims/cards/train/likely_valid/CLM-01451_var0.png,Likely Valid
CLM-01485,train,0,sample_claims/cards/train/likely_valid/CLM-01485_var0.png,Likely Valid
CLM-01485,train,1,sample_claims/cards/train/likely_valid/CLM-01485_var1.png,Likely Valid
CLM-00227,train,0,sample_claims/cards/train/manual_review/CLM-00227_var0.png,Manual Review Required
CLM-00227,train,1,sample_claims/cards/train/manual_review/CLM-00227_var1.png,Manual Review Required
CLM-01930,train,0,sample_claims/cards/train/manual_review/CLM-01930_var0.png,Manual Review Required
CLM-01930,train,1,sample_claims/cards/train/manual_review/CLM-01930_var1.png,Manual Review Required
CLM-00972,train,0,sample_claims/cards/train/likely_valid/CLM-00972_var0.png,Likely Valid
CLM-00972,train,1,sample_claims/cards/train/likely_valid/CLM-00972_var1.png,Likely Valid
CLM-00030,train,0,sample_claims/cards/train/manual_review/CLM-00030_var0.png,Manual Review Required
CLM-00030,train,1,sample_claims/cards/train/manual_review/CLM-00030_var1.png,Manual Review Required
CLM-02190,train,0,sample_claims/cards/train/manual_review/CLM-02190_var0.png,Manual Review Required
CLM-02190,train,1,sample_claims/cards/train/manual_review/CLM-02190_var1.png,Manual Review Required
CLM-01073,train,1,sample_claims/cards/train/likely_invalid/CLM-01073_var1.png,Likely Invalid
CLM-01073,train,0,sample_claims/cards/train/likely_invalid/CLM-01073_var0.png,Likely Invalid
CLM-00911,train,1,sample_claims/cards/train/likely_invalid/CLM-00911_var1.png,Likely Invalid
CLM-00929,train,0,sample_claims/cards/train/likely_valid/CLM-00929_var0.png,Likely Valid
CLM-00911,train,0,sample_claims/cards/train/likely_invalid/CLM-00911_var0.png,Likely Invalid
CLM-00929,train,1,sample_claims/cards/train/likely_valid/CLM-00929_var1.png,Likely Valid
CLM-00632,train,0,sample_claims/cards/train/likely_valid/CLM-00632_var0.png,Likely Valid
CLM-01889,train,1,sample_claims/cards/train/likely_valid/CLM-01889_var1.png,Likely Valid
CLM-00632,train,1,sample_claims/cards/train/likely_valid/CLM-00632_var1.png,Likely Valid
CLM-01889,train,0,sample_claims/cards/train/likely_valid/CLM-01889_var0.png,Likely Valid
CLM-01307,train,0,sample_claims/cards/train/likely_invalid/CLM-01307_var0.png,Likely Invalid
CLM-01738,train,0,sample_claims/cards/train/manual_review/CLM-01738_var0.png,Manual Review Required
CLM-01738,train,1,sample_claims/cards/train/manual_review/CLM-01738_var1.png,Manual Review Required
CLM-01307,train,1,sample_claims/cards/train/likely_invalid/CLM-01307_var1.png,Likely Invalid
CLM-00298,train,0,sample_claims/cards/train/likely_invalid/CLM-00298_var0.png,Likely Invalid
CLM-02404,train,0,sample_claims/cards/train/likely_invalid/CLM-02404_var0.png,Likely Invalid
CLM-02404,train,1,sample_claims/cards/train/likely_invalid/CLM-02404_var1.png,Likely Invalid
CLM-00298,train,1,sample_claims/cards/train/likely_invalid/CLM-00298_var1.png,Likely Invalid
CLM-01952,train,0,sample_claims/cards/train/likely_valid/CLM-01952_var0.png,Likely Valid
CLM-01952,train,1,sample_claims/cards/train/likely_valid/CLM-01952_var1.png,Likely Valid
CLM-02001,train,0,sample_claims/cards/train/likely_valid/CLM-02001_var0.png,Likely Valid
CLM-00964,train,0,sample_claims/cards/train/manual_review/CLM-00964_var0.png,Manual Review Required
CLM-02001,train,1,sample_claims/cards/train/likely_valid/CLM-02001_var1.png,Likely Valid
CLM-00964,train,1,sample_claims/cards/train/manual_review/CLM-00964_var1.png,Manual Review Required
CLM-01346,train,0,sample_claims/cards/train/likely_valid/CLM-01346_var0.png,Likely Valid
CLM-01375,train,0,sample_claims/cards/train/likely_invalid/CLM-01375_var0.png,Likely Invalid
CLM-01346,train,1,sample_claims/cards/train/likely_valid/CLM-01346_var1.png,Likely Valid
CLM-00656,train,0,sample_claims/cards/train/likely_invalid/CLM-00656_var0.png,Likely Invalid
CLM-01375,train,1,sample_claims/cards/train/likely_invalid/CLM-01375_var1.png,Likely Invalid
CLM-00656,train,1,sample_claims/cards/train/likely_invalid/CLM-00656_var1.png,Likely Invalid
CLM-01169,train,0,sample_claims/cards/train/manual_review/CLM-01169_var0.png,Manual Review Required
CLM-01169,train,1,sample_claims/cards/train/manual_review/CLM-01169_var1.png,Manual Review Required
CLM-01932,train,0,sample_claims/cards/train/likely_invalid/CLM-01932_var0.png,Likely Invalid
CLM-01932,train,1,sample_claims/cards/train/likely_invalid/CLM-01932_var1.png,Likely Invalid
CLM-01723,train,0,sample_claims/cards/train/likely_valid/CLM-01723_var0.png,Likely Valid
CLM-01723,train,1,sample_claims/cards/train/likely_valid/CLM-01723_var1.png,Likely Valid
CLM-02336,train,0,sample_claims/cards/train/likely_valid/CLM-02336_var0.png,Likely Valid
CLM-00286,train,0,sample_claims/cards/train/likely_invalid/CLM-00286_var0.png,Likely Invalid
CLM-02336,train,1,sample_claims/cards/train/likely_valid/CLM-02336_var1.png,Likely Valid
CLM-00286,train,1,sample_claims/cards/train/likely_invalid/CLM-00286_var1.png,Likely Invalid
CLM-02097,train,0,sample_claims/cards/train/manual_review/CLM-02097_var0.png,Manual Review Required
CLM-02097,train,1,sample_claims/cards/train/manual_review/CLM-02097_var1.png,Manual Review Required
CLM-02070,train,0,sample_claims/cards/train/likely_valid/CLM-02070_var0.png,Likely Valid
CLM-02070,train,1,sample_claims/cards/train/likely_valid/CLM-02070_var1.png,Likely Valid
CLM-02136,train,0,sample_claims/cards/train/manual_review/CLM-02136_var0.png,Manual Review Required
CLM-02136,train,1,sample_claims/cards/train/manual_review/CLM-02136_var1.png,Manual Review Required
CLM-00180,train,0,sample_claims/cards/train/likely_invalid/CLM-00180_var0.png,Likely Invalid
CLM-00180,train,1,sample_claims/cards/train/likely_invalid/CLM-00180_var1.png,Likely Invalid
CLM-00318,train,0,sample_claims/cards/train/likely_valid/CLM-00318_var0.png,Likely Valid
CLM-00318,train,1,sample_claims/cards/train/likely_valid/CLM-00318_var1.png,Likely Valid
CLM-02071,train,0,sample_claims/cards/train/likely_valid/CLM-02071_var0.png,Likely Valid
CLM-02071,train,1,sample_claims/cards/train/likely_valid/CLM-02071_var1.png,Likely Valid
CLM-01613,train,0,sample_claims/cards/train/likely_valid/CLM-01613_var0.png,Likely Valid
CLM-01613,train,1,sample_claims/cards/train/likely_valid/CLM-01613_var1.png,Likely Valid
CLM-02105,train,1,sample_claims/cards/train/likely_valid/CLM-02105_var1.png,Likely Valid
CLM-01638,train,0,sample_claims/cards/train/likely_invalid/CLM-01638_var0.png,Likely Invalid
CLM-02105,train,0,sample_claims/cards/train/likely_valid/CLM-02105_var0.png,Likely Valid
CLM-01638,train,1,sample_claims/cards/train/likely_invalid/CLM-01638_var1.png,Likely Invalid
CLM-00509,train,0,sample_claims/cards/train/manual_review/CLM-00509_var0.png,Manual Review Required
CLM-00509,train,1,sample_claims/cards/train/manual_review/CLM-00509_var1.png,Manual Review Required
CLM-01594,train,0,sample_claims/cards/train/likely_valid/CLM-01594_var0.png,Likely Valid
CLM-01594,train,1,sample_claims/cards/train/likely_valid/CLM-01594_var1.png,Likely Valid
CLM-00534,train,0,sample_claims/cards/train/likely_valid/CLM-00534_var0.png,Likely Valid
CLM-00534,train,1,sample_claims/cards/train/likely_valid/CLM-00534_var1.png,Likely Valid
CLM-00160,train,0,sample_claims/cards/train/manual_review/CLM-00160_var0.png,Manual Review Required
CLM-00160,train,1,sample_claims/cards/train/manual_review/CLM-00160_var1.png,Manual Review Required
CLM-00886,train,0,sample_claims/cards/train/likely_valid/CLM-00886_var0.png,Likely Valid
CLM-00886,train,1,sample_claims/cards/train/likely_valid/CLM-00886_var1.png,Likely Valid
CLM-01604,train,0,sample_claims/cards/train/manual_review/CLM-01604_var0.png,Manual Review Required
CLM-00323,train,1,sample_claims/cards/train/likely_valid/CLM-00323_var1.png,Likely Valid
CLM-00323,train,0,sample_claims/cards/train/likely_valid/CLM-00323_var0.png,Likely Valid
CLM-01604,train,1,sample_claims/cards/train/manual_review/CLM-01604_var1.png,Manual Review Required
CLM-00572,train,0,sample_claims/cards/train/manual_review/CLM-00572_var0.png,Manual Review Required
CLM-00572,train,1,sample_claims/cards/train/manual_review/CLM-00572_var1.png,Manual Review Required
CLM-00813,train,0,sample_claims/cards/train/likely_invalid/CLM-00813_var0.png,Likely Invalid
CLM-00813,train,1,sample_claims/cards/train/likely_invalid/CLM-00813_var1.png,Likely Invalid
CLM-01819,train,0,sample_claims/cards/train/likely_valid/CLM-01819_var0.png,Likely Valid
CLM-01819,train,1,sample_claims/cards/train/likely_valid/CLM-01819_var1.png,Likely Valid
CLM-00514,train,0,sample_claims/cards/train/likely_invalid/CLM-00514_var0.png,Likely Invalid
CLM-02077,train,1,sample_claims/cards/train/likely_valid/CLM-02077_var1.png,Likely Valid
CLM-00514,train,1,sample_claims/cards/train/likely_invalid/CLM-00514_var1.png,Likely Invalid
CLM-02077,train,0,sample_claims/cards/train/likely_valid/CLM-02077_var0.png,Likely Valid
CLM-02043,train,0,sample_claims/cards/train/likely_valid/CLM-02043_var0.png,Likely Valid
CLM-00329,train,0,sample_claims/cards/train/likely_valid/CLM-00329_var0.png,Likely Valid
CLM-00329,train,1,sample_claims/cards/train/likely_valid/CLM-00329_var1.png,Likely Valid
CLM-02043,train,1,sample_claims/cards/train/likely_valid/CLM-02043_var1.png,Likely Valid
CLM-01875,train,0,sample_claims/cards/train/likely_valid/CLM-01875_var0.png,Likely Valid
CLM-01875,train,1,sample_claims/cards/train/likely_valid/CLM-01875_var1.png,Likely Valid
CLM-00593,train,0,sample_claims/cards/train/manual_review/CLM-00593_var0.png,Manual Review Required
CLM-00593,train,1,sample_claims/cards/train/manual_review/CLM-00593_var1.png,Manual Review Required
CLM-02174,train,0,sample_claims/cards/train/likely_valid/CLM-02174_var0.png,Likely Valid
CLM-02174,train,1,sample_claims/cards/train/likely_valid/CLM-02174_var1.png,Likely Valid
CLM-01270,train,0,sample_claims/cards/train/likely_invalid/CLM-01270_var0.png,Likely Invalid
CLM-01270,train,1,sample_claims/cards/train/likely_invalid/CLM-01270_var1.png,Likely Invalid
CLM-01816,train,0,sample_claims/cards/train/likely_valid/CLM-01816_var0.png,Likely Valid
CLM-01816,train,1,sample_claims/cards/train/likely_valid/CLM-01816_var1.png,Likely Valid
CLM-02243,train,1,sample_claims/cards/train/likely_valid/CLM-02243_var1.png,Likely Valid
CLM-02243,train,0,sample_claims/cards/train/likely_valid/CLM-02243_var0.png,Likely Valid
CLM-00011,train,0,sample_claims/cards/train/likely_invalid/CLM-00011_var0.png,Likely Invalid
CLM-00011,train,1,sample_claims/cards/train/likely_invalid/CLM-00011_var1.png,Likely Invalid
CLM-01382,train,0,sample_claims/cards/train/likely_invalid/CLM-01382_var0.png,Likely Invalid
CLM-01866,train,0,sample_claims/cards/train/likely_valid/CLM-01866_var0.png,Likely Valid
CLM-01382,train,1,sample_claims/cards/train/likely_invalid/CLM-01382_var1.png,Likely Invalid
CLM-00251,train,0,sample_claims/cards/train/likely_valid/CLM-00251_var0.png,Likely Valid
CLM-01866,train,1,sample_claims/cards/train/likely_valid/CLM-01866_var1.png,Likely Valid
CLM-00251,train,1,sample_claims/cards/train/likely_valid/CLM-00251_var1.png,Likely Valid
CLM-01042,train,0,sample_claims/cards/train/likely_valid/CLM-01042_var0.png,Likely Valid
CLM-01042,train,1,sample_claims/cards/train/likely_valid/CLM-01042_var1.png,Likely Valid
CLM-01021,train,0,sample_claims/cards/train/likely_invalid/CLM-01021_var0.png,Likely Invalid
CLM-01021,train,1,sample_claims/cards/train/likely_invalid/CLM-01021_var1.png,Likely Invalid
CLM-00374,train,0,sample_claims/cards/train/likely_invalid/CLM-00374_var0.png,Likely Invalid
CLM-00374,train,1,sample_claims/cards/train/likely_invalid/CLM-00374_var1.png,Likely Invalid
CLM-01148,train,0,sample_claims/cards/train/likely_valid/CLM-01148_var0.png,Likely Valid
CLM-00294,train,0,sample_claims/cards/train/likely_valid/CLM-00294_var0.png,Likely Valid
CLM-01148,train,1,sample_claims/cards/train/likely_valid/CLM-01148_var1.png,Likely Valid
CLM-01115,train,0,sample_claims/cards/train/likely_invalid/CLM-01115_var0.png,Likely Invalid
CLM-00294,train,1,sample_claims/cards/train/likely_valid/CLM-00294_var1.png,Likely Valid
CLM-01536,train,0,sample_claims/cards/train/likely_invalid/CLM-01536_var0.png,Likely Invalid
CLM-01115,train,1,sample_claims/cards/train/likely_invalid/CLM-01115_var1.png,Likely Invalid
CLM-01536,train,1,sample_claims/cards/train/likely_invalid/CLM-01536_var1.png,Likely Invalid
CLM-01164,train,0,sample_claims/cards/train/likely_invalid/CLM-01164_var0.png,Likely Invalid
CLM-01164,train,1,sample_claims/cards/train/likely_invalid/CLM-01164_var1.png,Likely Invalid
CLM-02209,train,0,sample_claims/cards/train/likely_valid/CLM-02209_var0.png,Likely Valid
CLM-02209,train,1,sample_claims/cards/train/likely_valid/CLM-02209_var1.png,Likely Valid
CLM-01774,train,0,sample_claims/cards/train/manual_review/CLM-01774_var0.png,Manual Review Required
CLM-02409,train,0,sample_claims/cards/train/likely_valid/CLM-02409_var0.png,Likely Valid
CLM-01774,train,1,sample_claims/cards/train/manual_review/CLM-01774_var1.png,Manual Review Required
CLM-02409,train,1,sample_claims/cards/train/likely_valid/CLM-02409_var1.png,Likely Valid
CLM-00118,train,1,sample_claims/cards/train/likely_valid/CLM-00118_var1.png,Likely Valid
CLM-01761,train,1,sample_claims/cards/train/likely_valid/CLM-01761_var1.png,Likely Valid
CLM-00118,train,0,sample_claims/cards/train/likely_valid/CLM-00118_var0.png,Likely Valid
CLM-01761,train,0,sample_claims/cards/train/likely_valid/CLM-01761_var0.png,Likely Valid
CLM-00647,train,0,sample_claims/cards/train/likely_invalid/CLM-00647_var0.png,Likely Invalid
CLM-00647,train,1,sample_claims/cards/train/likely_invalid/CLM-00647_var1.png,Likely Invalid
CLM-01223,train,1,sample_claims/cards/train/manual_review/CLM-01223_var1.png,Manual Review Required
CLM-01223,train,0,sample_claims/cards/train/manual_review/CLM-01223_var0.png,Manual Review Required
CLM-01443,train,0,sample_claims/cards/train/likely_valid/CLM-01443_var0.png,Likely Valid
CLM-01443,train,1,sample_claims/cards/train/likely_valid/CLM-01443_var1.png,Likely Valid
CLM-00978,train,1,sample_claims/cards/train/manual_review/CLM-00978_var1.png,Manual Review Required
CLM-00978,train,0,sample_claims/cards/train/manual_review/CLM-00978_var0.png,Manual Review Required
CLM-01050,train,1,sample_claims/cards/train/likely_valid/CLM-01050_var1.png,Likely Valid
CLM-01050,train,0,sample_claims/cards/train/likely_valid/CLM-01050_var0.png,Likely Valid
CLM-02101,train,0,sample_claims/cards/train/manual_review/CLM-02101_var0.png,Manual Review Required
CLM-02101,train,1,sample_claims/cards/train/manual_review/CLM-02101_var1.png,Manual Review Required
CLM-01957,train,0,sample_claims/cards/train/likely_valid/CLM-01957_var0.png,Likely Valid
CLM-01957,train,1,sample_claims/cards/train/likely_valid/CLM-01957_var1.png,Likely Valid
CLM-01195,train,0,sample_claims/cards/train/likely_valid/CLM-01195_var0.png,Likely Valid
CLM-01195,train,1,sample_claims/cards/train/likely_valid/CLM-01195_var1.png,Likely Valid
CLM-02034,train,0,sample_claims/cards/train/manual_review/CLM-02034_var0.png,Manual Review Required
CLM-02034,train,1,sample_claims/cards/train/manual_review/CLM-02034_var1.png,Manual Review Required
CLM-00044,train,0,sample_claims/cards/train/likely_valid/CLM-00044_var0.png,Likely Valid
CLM-00044,train,1,sample_claims/cards/train/likely_valid/CLM-00044_var1.png,Likely Valid
CLM-01542,train,0,sample_claims/cards/train/manual_review/CLM-01542_var0.png,Manual Review Required
CLM-01542,train,1,sample_claims/cards/train/manual_review/CLM-01542_var1.png,Manual Review Required
CLM-01318,train,0,sample_claims/cards/train/likely_invalid/CLM-01318_var0.png,Likely Invalid
CLM-01318,train,1,sample_claims/cards/train/likely_invalid/CLM-01318_var1.png,Likely Invalid
CLM-00854,train,0,sample_claims/cards/train/likely_valid/CLM-00854_var0.png,Likely Valid
CLM-00854,train,1,sample_claims/cards/train/likely_valid/CLM-00854_var1.png,Likely Valid
CLM-01929,train,0,sample_claims/cards/train/likely_invalid/CLM-01929_var0.png,Likely Invalid
CLM-01929,train,1,sample_claims/cards/train/likely_invalid/CLM-01929_var1.png,Likely Invalid
CLM-01926,train,0,sample_claims/cards/train/likely_valid/CLM-01926_var0.png,Likely Valid
CLM-01186,train,0,sample_claims/cards/train/likely_valid/CLM-01186_var0.png,Likely Valid
CLM-01926,train,1,sample_claims/cards/train/likely_valid/CLM-01926_var1.png,Likely Valid
CLM-01186,train,1,sample_claims/cards/train/likely_valid/CLM-01186_var1.png,Likely Valid
CLM-00443,train,0,sample_claims/cards/train/likely_valid/CLM-00443_var0.png,Likely Valid
CLM-02351,train,0,sample_claims/cards/train/likely_valid/CLM-02351_var0.png,Likely Valid
CLM-00443,train,1,sample_claims/cards/train/likely_valid/CLM-00443_var1.png,Likely Valid
CLM-02217,train,0,sample_claims/cards/train/likely_invalid/CLM-02217_var0.png,Likely Invalid
CLM-02351,train,1,sample_claims/cards/train/likely_valid/CLM-02351_var1.png,Likely Valid
CLM-02217,train,1,sample_claims/cards/train/likely_invalid/CLM-02217_var1.png,Likely Invalid
CLM-01087,train,0,sample_claims/cards/train/likely_invalid/CLM-01087_var0.png,Likely Invalid
CLM-01087,train,1,sample_claims/cards/train/likely_invalid/CLM-01087_var1.png,Likely Invalid
CLM-01770,train,0,sample_claims/cards/train/likely_valid/CLM-01770_var0.png,Likely Valid
CLM-01770,train,1,sample_claims/cards/train/likely_valid/CLM-01770_var1.png,Likely Valid
CLM-00678,train,0,sample_claims/cards/train/likely_invalid/CLM-00678_var0.png,Likely Invalid
CLM-01304,train,0,sample_claims/cards/train/likely_invalid/CLM-01304_var0.png,Likely Invalid
CLM-00678,train,1,sample_claims/cards/train/likely_invalid/CLM-00678_var1.png,Likely Invalid
CLM-01304,train,1,sample_claims/cards/train/likely_invalid/CLM-01304_var1.png,Likely Invalid
CLM-00392,train,0,sample_claims/cards/train/likely_valid/CLM-00392_var0.png,Likely Valid
CLM-00640,train,0,sample_claims/cards/train/manual_review/CLM-00640_var0.png,Manual Review Required
CLM-00392,train,1,sample_claims/cards/train/likely_valid/CLM-00392_var1.png,Likely Valid
CLM-00640,train,1,sample_claims/cards/train/manual_review/CLM-00640_var1.png,Manual Review Required
CLM-01220,train,0,sample_claims/cards/train/likely_invalid/CLM-01220_var0.png,Likely Invalid
CLM-01220,train,1,sample_claims/cards/train/likely_invalid/CLM-01220_var1.png,Likely Invalid
CLM-01329,train,1,sample_claims/cards/train/likely_invalid/CLM-01329_var1.png,Likely Invalid
CLM-01329,train,0,sample_claims/cards/train/likely_invalid/CLM-01329_var0.png,Likely Invalid
CLM-02321,train,1,sample_claims/cards/train/likely_valid/CLM-02321_var1.png,Likely Valid
CLM-02321,train,0,sample_claims/cards/train/likely_valid/CLM-02321_var0.png,Likely Valid
CLM-01402,train,1,sample_claims/cards/train/likely_valid/CLM-01402_var1.png,Likely Valid
CLM-01402,train,0,sample_claims/cards/train/likely_valid/CLM-01402_var0.png,Likely Valid
CLM-01427,train,0,sample_claims/cards/train/likely_invalid/CLM-01427_var0.png,Likely Invalid
CLM-01427,train,1,sample_claims/cards/train/likely_invalid/CLM-01427_var1.png,Likely Invalid
CLM-00240,train,0,sample_claims/cards/train/likely_invalid/CLM-00240_var0.png,Likely Invalid
CLM-00240,train,1,sample_claims/cards/train/likely_invalid/CLM-00240_var1.png,Likely Invalid
CLM-00798,train,1,sample_claims/cards/train/likely_valid/CLM-00798_var1.png,Likely Valid
CLM-00798,train,0,sample_claims/cards/train/likely_valid/CLM-00798_var0.png,Likely Valid
CLM-00949,train,0,sample_claims/cards/train/likely_invalid/CLM-00949_var0.png,Likely Invalid
CLM-00949,train,1,sample_claims/cards/train/likely_invalid/CLM-00949_var1.png,Likely Invalid
CLM-00965,train,0,sample_claims/cards/train/manual_review/CLM-00965_var0.png,Manual Review Required
CLM-00965,train,1,sample_claims/cards/train/manual_review/CLM-00965_var1.png,Manual Review Required
CLM-00292,train,0,sample_claims/cards/train/likely_invalid/CLM-00292_var0.png,Likely Invalid
CLM-00292,train,1,sample_claims/cards/train/likely_invalid/CLM-00292_var1.png,Likely Invalid
CLM-00758,train,0,sample_claims/cards/train/likely_invalid/CLM-00758_var0.png,Likely Invalid
CLM-00758,train,1,sample_claims/cards/train/likely_invalid/CLM-00758_var1.png,Likely Invalid
CLM-00397,train,1,sample_claims/cards/train/likely_valid/CLM-00397_var1.png,Likely Valid
CLM-00397,train,0,sample_claims/cards/train/likely_valid/CLM-00397_var0.png,Likely Valid
CLM-00780,train,1,sample_claims/cards/train/likely_valid/CLM-00780_var1.png,Likely Valid
CLM-00780,train,0,sample_claims/cards/train/likely_valid/CLM-00780_var0.png,Likely Valid
CLM-00319,train,1,sample_claims/cards/train/likely_valid/CLM-00319_var1.png,Likely Valid
CLM-00319,train,0,sample_claims/cards/train/likely_valid/CLM-00319_var0.png,Likely Valid
CLM-00272,train,0,sample_claims/cards/train/likely_valid/CLM-00272_var0.png,Likely Valid
CLM-00272,train,1,sample_claims/cards/train/likely_valid/CLM-00272_var1.png,Likely Valid
CLM-00224,train,0,sample_claims/cards/train/likely_invalid/CLM-00224_var0.png,Likely Invalid
CLM-00224,train,1,sample_claims/cards/train/likely_invalid/CLM-00224_var1.png,Likely Invalid
CLM-01865,train,0,sample_claims/cards/train/likely_valid/CLM-01865_var0.png,Likely Valid
CLM-01865,train,1,sample_claims/cards/train/likely_valid/CLM-01865_var1.png,Likely Valid
CLM-00453,train,0,sample_claims/cards/train/likely_invalid/CLM-00453_var0.png,Likely Invalid
CLM-00453,train,1,sample_claims/cards/train/likely_invalid/CLM-00453_var1.png,Likely Invalid
CLM-00622,train,0,sample_claims/cards/train/likely_valid/CLM-00622_var0.png,Likely Valid
CLM-01093,train,1,sample_claims/cards/train/likely_valid/CLM-01093_var1.png,Likely Valid
CLM-01093,train,0,sample_claims/cards/train/likely_valid/CLM-01093_var0.png,Likely Valid
CLM-00622,train,1,sample_claims/cards/train/likely_valid/CLM-00622_var1.png,Likely Valid
CLM-01398,train,1,sample_claims/cards/train/likely_invalid/CLM-01398_var1.png,Likely Invalid
CLM-02288,train,0,sample_claims/cards/train/likely_invalid/CLM-02288_var0.png,Likely Invalid
CLM-02288,train,1,sample_claims/cards/train/likely_invalid/CLM-02288_var1.png,Likely Invalid
CLM-01398,train,0,sample_claims/cards/train/likely_invalid/CLM-01398_var0.png,Likely Invalid
CLM-00712,train,1,sample_claims/cards/train/likely_valid/CLM-00712_var1.png,Likely Valid
CLM-00712,train,0,sample_claims/cards/train/likely_valid/CLM-00712_var0.png,Likely Valid
CLM-00310,train,0,sample_claims/cards/train/likely_valid/CLM-00310_var0.png,Likely Valid
CLM-00310,train,1,sample_claims/cards/train/likely_valid/CLM-00310_var1.png,Likely Valid
CLM-01976,train,0,sample_claims/cards/train/likely_valid/CLM-01976_var0.png,Likely Valid
CLM-01847,train,0,sample_claims/cards/train/likely_valid/CLM-01847_var0.png,Likely Valid
CLM-01847,train,1,sample_claims/cards/train/likely_valid/CLM-01847_var1.png,Likely Valid
CLM-01976,train,1,sample_claims/cards/train/likely_valid/CLM-01976_var1.png,Likely Valid
CLM-01927,train,1,sample_claims/cards/train/likely_valid/CLM-01927_var1.png,Likely Valid
CLM-01927,train,0,sample_claims/cards/train/likely_valid/CLM-01927_var0.png,Likely Valid
CLM-00317,train,1,sample_claims/cards/train/manual_review/CLM-00317_var1.png,Manual Review Required
CLM-00317,train,0,sample_claims/cards/train/manual_review/CLM-00317_var0.png,Manual Review Required
CLM-02259,train,1,sample_claims/cards/train/likely_invalid/CLM-02259_var1.png,Likely Invalid
CLM-02259,train,0,sample_claims/cards/train/likely_invalid/CLM-02259_var0.png,Likely Invalid
CLM-00925,train,0,sample_claims/cards/train/likely_valid/CLM-00925_var0.png,Likely Valid
CLM-00925,train,1,sample_claims/cards/train/likely_valid/CLM-00925_var1.png,Likely Valid
CLM-01217,train,0,sample_claims/cards/train/likely_invalid/CLM-01217_var0.png,Likely Invalid
CLM-01217,train,1,sample_claims/cards/train/likely_invalid/CLM-01217_var1.png,Likely Invalid
CLM-00455,train,0,sample_claims/cards/train/likely_invalid/CLM-00455_var0.png,Likely Invalid
CLM-00455,train,1,sample_claims/cards/train/likely_invalid/CLM-00455_var1.png,Likely Invalid
CLM-00959,train,0,sample_claims/cards/train/likely_valid/CLM-00959_var0.png,Likely Valid
CLM-00959,train,1,sample_claims/cards/train/likely_valid/CLM-00959_var1.png,Likely Valid
CLM-01381,train,1,sample_claims/cards/train/likely_valid/CLM-01381_var1.png,Likely Valid
CLM-01381,train,0,sample_claims/cards/train/likely_valid/CLM-01381_var0.png,Likely Valid
CLM-01184,train,0,sample_claims/cards/train/likely_valid/CLM-01184_var0.png,Likely Valid
CLM-01184,train,1,sample_claims/cards/train/likely_valid/CLM-01184_var1.png,Likely Valid
CLM-00290,train,0,sample_claims/cards/train/likely_valid/CLM-00290_var0.png,Likely Valid
CLM-00290,train,1,sample_claims/cards/train/likely_valid/CLM-00290_var1.png,Likely Valid
CLM-01902,train,0,sample_claims/cards/train/likely_invalid/CLM-01902_var0.png,Likely Invalid
CLM-01902,train,1,sample_claims/cards/train/likely_invalid/CLM-01902_var1.png,Likely Invalid
CLM-00967,train,0,sample_claims/cards/train/manual_review/CLM-00967_var0.png,Manual Review Required
CLM-00967,train,1,sample_claims/cards/train/manual_review/CLM-00967_var1.png,Manual Review Required
CLM-01899,train,0,sample_claims/cards/train/likely_invalid/CLM-01899_var0.png,Likely Invalid
CLM-01899,train,1,sample_claims/cards/train/likely_invalid/CLM-01899_var1.png,Likely Invalid
CLM-01938,train,0,sample_claims/cards/train/likely_invalid/CLM-01938_var0.png,Likely Invalid
CLM-01938,train,1,sample_claims/cards/train/likely_invalid/CLM-01938_var1.png,Likely Invalid
CLM-01700,train,0,sample_claims/cards/train/likely_invalid/CLM-01700_var0.png,Likely Invalid
CLM-01700,train,1,sample_claims/cards/train/likely_invalid/CLM-01700_var1.png,Likely Invalid
CLM-01182,train,0,sample_claims/cards/train/likely_valid/CLM-01182_var0.png,Likely Valid
CLM-01182,train,1,sample_claims/cards/train/likely_valid/CLM-01182_var1.png,Likely Valid
CLM-02366,train,0,sample_claims/cards/train/manual_review/CLM-02366_var0.png,Manual Review Required
CLM-02366,train,1,sample_claims/cards/train/manual_review/CLM-02366_var1.png,Manual Review Required
CLM-02303,train,0,sample_claims/cards/train/likely_valid/CLM-02303_var0.png,Likely Valid
CLM-02303,train,1,sample_claims/cards/train/likely_valid/CLM-02303_var1.png,Likely Valid
CLM-00504,train,0,sample_claims/cards/train/likely_valid/CLM-00504_var0.png,Likely Valid
CLM-00504,train,1,sample_claims/cards/train/likely_valid/CLM-00504_var1.png,Likely Valid
CLM-01211,train,0,sample_claims/cards/train/manual_review/CLM-01211_var0.png,Manual Review Required
CLM-01211,train,1,sample_claims/cards/train/manual_review/CLM-01211_var1.png,Manual Review Required
CLM-01758,train,0,sample_claims/cards/train/likely_invalid/CLM-01758_var0.png,Likely Invalid
CLM-01758,train,1,sample_claims/cards/train/likely_invalid/CLM-01758_var1.png,Likely Invalid
CLM-00358,train,0,sample_claims/cards/train/likely_valid/CLM-00358_var0.png,Likely Valid
CLM-00358,train,1,sample_claims/cards/train/likely_valid/CLM-00358_var1.png,Likely Valid
CLM-01390,train,0,sample_claims/cards/train/manual_review/CLM-01390_var0.png,Manual Review Required
CLM-01390,train,1,sample_claims/cards/train/manual_review/CLM-01390_var1.png,Manual Review Required
CLM-00623,train,0,sample_claims/cards/train/likely_valid/CLM-00623_var0.png,Likely Valid
CLM-00623,train,1,sample_claims/cards/train/likely_valid/CLM-00623_var1.png,Likely Valid
CLM-00996,train,1,sample_claims/cards/train/manual_review/CLM-00996_var1.png,Manual Review Required
CLM-00996,train,0,sample_claims/cards/train/manual_review/CLM-00996_var0.png,Manual Review Required
CLM-02098,train,0,sample_claims/cards/train/likely_valid/CLM-02098_var0.png,Likely Valid
CLM-02098,train,1,sample_claims/cards/train/likely_valid/CLM-02098_var1.png,Likely Valid
CLM-01025,train,0,sample_claims/cards/train/likely_invalid/CLM-01025_var0.png,Likely Invalid
CLM-01025,train,1,sample_claims/cards/train/likely_invalid/CLM-01025_var1.png,Likely Invalid
CLM-00619,train,0,sample_claims/cards/train/manual_review/CLM-00619_var0.png,Manual Review Required
CLM-00619,train,1,sample_claims/cards/train/manual_review/CLM-00619_var1.png,Manual Review Required
CLM-01729,train,0,sample_claims/cards/train/likely_valid/CLM-01729_var0.png,Likely Valid
CLM-01729,train,1,sample_claims/cards/train/likely_valid/CLM-01729_var1.png,Likely Valid
CLM-02149,train,0,sample_claims/cards/train/likely_valid/CLM-02149_var0.png,Likely Valid
CLM-02149,train,1,sample_claims/cards/train/likely_valid/CLM-02149_var1.png,Likely Valid
CLM-00700,train,0,sample_claims/cards/train/manual_review/CLM-00700_var0.png,Manual Review Required
CLM-00700,train,1,sample_claims/cards/train/manual_review/CLM-00700_var1.png,Manual Review Required
CLM-00979,train,0,sample_claims/cards/train/likely_invalid/CLM-00979_var0.png,Likely Invalid
CLM-01191,train,0,sample_claims/cards/train/likely_invalid/CLM-01191_var0.png,Likely Invalid
CLM-00979,train,1,sample_claims/cards/train/likely_invalid/CLM-00979_var1.png,Likely Invalid
CLM-00726,train,0,sample_claims/cards/train/likely_valid/CLM-00726_var0.png,Likely Valid
CLM-01191,train,1,sample_claims/cards/train/likely_invalid/CLM-01191_var1.png,Likely Invalid
CLM-00726,train,1,sample_claims/cards/train/likely_valid/CLM-00726_var1.png,Likely Valid
CLM-00802,train,0,sample_claims/cards/train/likely_valid/CLM-00802_var0.png,Likely Valid
CLM-00242,train,0,sample_claims/cards/train/likely_invalid/CLM-00242_var0.png,Likely Invalid
CLM-00802,train,1,sample_claims/cards/train/likely_valid/CLM-00802_var1.png,Likely Valid
CLM-00148,train,0,sample_claims/cards/train/likely_invalid/CLM-00148_var0.png,Likely Invalid
CLM-00242,train,1,sample_claims/cards/train/likely_invalid/CLM-00242_var1.png,Likely Invalid
CLM-00148,train,1,sample_claims/cards/train/likely_invalid/CLM-00148_var1.png,Likely Invalid
CLM-01600,train,0,sample_claims/cards/train/likely_valid/CLM-01600_var0.png,Likely Valid
CLM-01600,train,1,sample_claims/cards/train/likely_valid/CLM-01600_var1.png,Likely Valid
CLM-01441,train,0,sample_claims/cards/train/likely_valid/CLM-01441_var0.png,Likely Valid
CLM-01441,train,1,sample_claims/cards/train/likely_valid/CLM-01441_var1.png,Likely Valid
CLM-02094,train,0,sample_claims/cards/train/manual_review/CLM-02094_var0.png,Manual Review Required
CLM-02094,train,1,sample_claims/cards/train/manual_review/CLM-02094_var1.png,Manual Review Required
CLM-00350,train,0,sample_claims/cards/train/likely_valid/CLM-00350_var0.png,Likely Valid
CLM-00350,train,1,sample_claims/cards/train/likely_valid/CLM-00350_var1.png,Likely Valid
CLM-02227,train,0,sample_claims/cards/train/likely_invalid/CLM-02227_var0.png,Likely Invalid
CLM-02227,train,1,sample_claims/cards/train/likely_invalid/CLM-02227_var1.png,Likely Invalid
CLM-00203,train,0,sample_claims/cards/train/likely_invalid/CLM-00203_var0.png,Likely Invalid
CLM-01227,train,0,sample_claims/cards/train/manual_review/CLM-01227_var0.png,Manual Review Required
CLM-00203,train,1,sample_claims/cards/train/likely_invalid/CLM-00203_var1.png,Likely Invalid
CLM-01227,train,1,sample_claims/cards/train/manual_review/CLM-01227_var1.png,Manual Review Required
CLM-01309,train,0,sample_claims/cards/train/likely_valid/CLM-01309_var0.png,Likely Valid
CLM-01309,train,1,sample_claims/cards/train/likely_valid/CLM-01309_var1.png,Likely Valid
CLM-01541,train,0,sample_claims/cards/train/likely_valid/CLM-01541_var0.png,Likely Valid
CLM-01541,train,1,sample_claims/cards/train/likely_valid/CLM-01541_var1.png,Likely Valid
CLM-02286,train,1,sample_claims/cards/train/likely_valid/CLM-02286_var1.png,Likely Valid
CLM-02286,train,0,sample_claims/cards/train/likely_valid/CLM-02286_var0.png,Likely Valid
CLM-01690,train,0,sample_claims/cards/train/manual_review/CLM-01690_var0.png,Manual Review Required
CLM-01690,train,1,sample_claims/cards/train/manual_review/CLM-01690_var1.png,Manual Review Required
CLM-01371,train,1,sample_claims/cards/train/likely_invalid/CLM-01371_var1.png,Likely Invalid
CLM-01371,train,0,sample_claims/cards/train/likely_invalid/CLM-01371_var0.png,Likely Invalid
CLM-01494,train,0,sample_claims/cards/train/likely_valid/CLM-01494_var0.png,Likely Valid
CLM-01494,train,1,sample_claims/cards/train/likely_valid/CLM-01494_var1.png,Likely Valid
CLM-01718,train,1,sample_claims/cards/train/likely_invalid/CLM-01718_var1.png,Likely Invalid
CLM-01718,train,0,sample_claims/cards/train/likely_invalid/CLM-01718_var0.png,Likely Invalid
CLM-00261,train,1,sample_claims/cards/train/likely_invalid/CLM-00261_var1.png,Likely Invalid
CLM-00261,train,0,sample_claims/cards/train/likely_invalid/CLM-00261_var0.png,Likely Invalid
CLM-00287,train,1,sample_claims/cards/train/likely_invalid/CLM-00287_var1.png,Likely Invalid
CLM-00287,train,0,sample_claims/cards/train/likely_invalid/CLM-00287_var0.png,Likely Invalid
CLM-01989,train,0,sample_claims/cards/train/likely_valid/CLM-01989_var0.png,Likely Valid
CLM-01989,train,1,sample_claims/cards/train/likely_valid/CLM-01989_var1.png,Likely Valid
CLM-02438,train,0,sample_claims/cards/train/likely_valid/CLM-02438_var0.png,Likely Valid
CLM-02438,train,1,sample_claims/cards/train/likely_valid/CLM-02438_var1.png,Likely Valid
CLM-01880,train,1,sample_claims/cards/train/likely_valid/CLM-01880_var1.png,Likely Valid
CLM-01880,train,0,sample_claims/cards/train/likely_valid/CLM-01880_var0.png,Likely Valid
CLM-00706,train,1,sample_claims/cards/train/likely_invalid/CLM-00706_var1.png,Likely Invalid
CLM-01147,train,0,sample_claims/cards/train/likely_invalid/CLM-01147_var0.png,Likely Invalid
CLM-00706,train,0,sample_claims/cards/train/likely_invalid/CLM-00706_var0.png,Likely Invalid
CLM-01147,train,1,sample_claims/cards/train/likely_invalid/CLM-01147_var1.png,Likely Invalid
CLM-01939,train,0,sample_claims/cards/train/likely_valid/CLM-01939_var0.png,Likely Valid
CLM-01702,train,0,sample_claims/cards/train/likely_valid/CLM-01702_var0.png,Likely Valid
CLM-01702,train,1,sample_claims/cards/train/likely_valid/CLM-01702_var1.png,Likely Valid
CLM-01939,train,1,sample_claims/cards/train/likely_valid/CLM-01939_var1.png,Likely Valid
CLM-01491,train,0,sample_claims/cards/train/manual_review/CLM-01491_var0.png,Manual Review Required
CLM-01491,train,1,sample_claims/cards/train/manual_review/CLM-01491_var1.png,Manual Review Required
CLM-02484,train,0,sample_claims/cards/train/likely_invalid/CLM-02484_var0.png,Likely Invalid
CLM-02484,train,1,sample_claims/cards/train/likely_invalid/CLM-02484_var1.png,Likely Invalid
CLM-01859,train,0,sample_claims/cards/train/likely_valid/CLM-01859_var0.png,Likely Valid
CLM-01859,train,1,sample_claims/cards/train/likely_valid/CLM-01859_var1.png,Likely Valid
CLM-01070,train,1,sample_claims/cards/train/likely_valid/CLM-01070_var1.png,Likely Valid
CLM-01070,train,0,sample_claims/cards/train/likely_valid/CLM-01070_var0.png,Likely Valid
CLM-02304,train,0,sample_claims/cards/train/likely_valid/CLM-02304_var0.png,Likely Valid
CLM-02304,train,1,sample_claims/cards/train/likely_valid/CLM-02304_var1.png,Likely Valid
CLM-01557,train,0,sample_claims/cards/train/likely_invalid/CLM-01557_var0.png,Likely Invalid
CLM-01557,train,1,sample_claims/cards/train/likely_invalid/CLM-01557_var1.png,Likely Invalid
CLM-02457,train,0,sample_claims/cards/train/manual_review/CLM-02457_var0.png,Manual Review Required
CLM-02457,train,1,sample_claims/cards/train/manual_review/CLM-02457_var1.png,Manual Review Required
CLM-01951,train,0,sample_claims/cards/train/likely_invalid/CLM-01951_var0.png,Likely Invalid
CLM-01941,train,0,sample_claims/cards/train/likely_valid/CLM-01941_var0.png,Likely Valid
CLM-01941,train,1,sample_claims/cards/train/likely_valid/CLM-01941_var1.png,Likely Valid
CLM-01951,train,1,sample_claims/cards/train/likely_invalid/CLM-01951_var1.png,Likely Invalid
CLM-01001,train,0,sample_claims/cards/train/manual_review/CLM-01001_var0.png,Manual Review Required
CLM-00412,train,0,sample_claims/cards/train/manual_review/CLM-00412_var0.png,Manual Review Required
CLM-01001,train,1,sample_claims/cards/train/manual_review/CLM-01001_var1.png,Manual Review Required
CLM-00412,train,1,sample_claims/cards/train/manual_review/CLM-00412_var1.png,Manual Review Required
CLM-00777,train,1,sample_claims/cards/train/likely_valid/CLM-00777_var1.png,Likely Valid
CLM-00777,train,0,sample_claims/cards/train/likely_valid/CLM-00777_var0.png,Likely Valid
CLM-00695,train,1,sample_claims/cards/train/likely_valid/CLM-00695_var1.png,Likely Valid
CLM-00695,train,0,sample_claims/cards/train/likely_valid/CLM-00695_var0.png,Likely Valid
CLM-00881,train,0,sample_claims/cards/train/likely_invalid/CLM-00881_var0.png,Likely Invalid
CLM-00881,train,1,sample_claims/cards/train/likely_invalid/CLM-00881_var1.png,Likely Invalid
CLM-02476,train,0,sample_claims/cards/train/likely_valid/CLM-02476_var0.png,Likely Valid
CLM-02476,train,1,sample_claims/cards/train/likely_valid/CLM-02476_var1.png,Likely Valid
CLM-01670,train,1,sample_claims/cards/train/likely_invalid/CLM-01670_var1.png,Likely Invalid
CLM-01677,train,0,sample_claims/cards/train/likely_valid/CLM-01677_var0.png,Likely Valid
CLM-01677,train,1,sample_claims/cards/train/likely_valid/CLM-01677_var1.png,Likely Valid
CLM-01670,train,0,sample_claims/cards/train/likely_invalid/CLM-01670_var0.png,Likely Invalid
CLM-01475,train,0,sample_claims/cards/train/likely_valid/CLM-01475_var0.png,Likely Valid
CLM-01475,train,1,sample_claims/cards/train/likely_valid/CLM-01475_var1.png,Likely Valid
CLM-02425,train,0,sample_claims/cards/train/likely_valid/CLM-02425_var0.png,Likely Valid
CLM-02425,train,1,sample_claims/cards/train/likely_valid/CLM-02425_var1.png,Likely Valid
CLM-00009,train,0,sample_claims/cards/train/manual_review/CLM-00009_var0.png,Manual Review Required
CLM-00009,train,1,sample_claims/cards/train/manual_review/CLM-00009_var1.png,Manual Review Required
CLM-00128,train,0,sample_claims/cards/train/manual_review/CLM-00128_var0.png,Manual Review Required
CLM-00128,train,1,sample_claims/cards/train/manual_review/CLM-00128_var1.png,Manual Review Required
CLM-00131,train,0,sample_claims/cards/train/manual_review/CLM-00131_var0.png,Manual Review Required
CLM-00131,train,1,sample_claims/cards/train/manual_review/CLM-00131_var1.png,Manual Review Required
CLM-01096,train,1,sample_claims/cards/train/likely_valid/CLM-01096_var1.png,Likely Valid
CLM-01096,train,0,sample_claims/cards/train/likely_valid/CLM-01096_var0.png,Likely Valid
CLM-00437,train,1,sample_claims/cards/train/manual_review/CLM-00437_var1.png,Manual Review Required
CLM-00437,train,0,sample_claims/cards/train/manual_review/CLM-00437_var0.png,Manual Review Required
CLM-02256,train,0,sample_claims/cards/train/likely_valid/CLM-02256_var0.png,Likely Valid
CLM-01168,train,0,sample_claims/cards/train/likely_invalid/CLM-01168_var0.png,Likely Invalid
CLM-02256,train,1,sample_claims/cards/train/likely_valid/CLM-02256_var1.png,Likely Valid
CLM-01168,train,1,sample_claims/cards/train/likely_invalid/CLM-01168_var1.png,Likely Invalid
CLM-00434,train,0,sample_claims/cards/train/likely_invalid/CLM-00434_var0.png,Likely Invalid
CLM-00434,train,1,sample_claims/cards/train/likely_invalid/CLM-00434_var1.png,Likely Invalid
CLM-00899,train,0,sample_claims/cards/train/likely_valid/CLM-00899_var0.png,Likely Valid
CLM-02263,train,0,sample_claims/cards/train/manual_review/CLM-02263_var0.png,Manual Review Required
CLM-00899,train,1,sample_claims/cards/train/likely_valid/CLM-00899_var1.png,Likely Valid
CLM-01027,train,0,sample_claims/cards/train/likely_valid/CLM-01027_var0.png,Likely Valid
CLM-02263,train,1,sample_claims/cards/train/manual_review/CLM-02263_var1.png,Manual Review Required
CLM-02468,train,0,sample_claims/cards/train/likely_valid/CLM-02468_var0.png,Likely Valid
CLM-01027,train,1,sample_claims/cards/train/likely_valid/CLM-01027_var1.png,Likely Valid
CLM-01406,train,0,sample_claims/cards/train/likely_valid/CLM-01406_var0.png,Likely Valid
CLM-02468,train,1,sample_claims/cards/train/likely_valid/CLM-02468_var1.png,Likely Valid
CLM-01406,train,1,sample_claims/cards/train/likely_valid/CLM-01406_var1.png,Likely Valid
CLM-01426,train,0,sample_claims/cards/train/manual_review/CLM-01426_var0.png,Manual Review Required
CLM-01640,train,1,sample_claims/cards/train/likely_valid/CLM-01640_var1.png,Likely Valid
CLM-01426,train,1,sample_claims/cards/train/manual_review/CLM-01426_var1.png,Manual Review Required
CLM-01640,train,0,sample_claims/cards/train/likely_valid/CLM-01640_var0.png,Likely Valid
CLM-00917,train,0,sample_claims/cards/train/likely_valid/CLM-00917_var0.png,Likely Valid
CLM-00917,train,1,sample_claims/cards/train/likely_valid/CLM-00917_var1.png,Likely Valid
CLM-02349,train,1,sample_claims/cards/train/likely_invalid/CLM-02349_var1.png,Likely Invalid
CLM-02349,train,0,sample_claims/cards/train/likely_invalid/CLM-02349_var0.png,Likely Invalid
CLM-01158,train,0,sample_claims/cards/train/likely_invalid/CLM-01158_var0.png,Likely Invalid
CLM-01158,train,1,sample_claims/cards/train/likely_invalid/CLM-01158_var1.png,Likely Invalid
CLM-01082,train,1,sample_claims/cards/train/manual_review/CLM-01082_var1.png,Manual Review Required
CLM-01082,train,0,sample_claims/cards/train/manual_review/CLM-01082_var0.png,Manual Review Required
CLM-01405,train,0,sample_claims/cards/train/likely_valid/CLM-01405_var0.png,Likely Valid
CLM-01376,train,0,sample_claims/cards/train/likely_invalid/CLM-01376_var0.png,Likely Invalid
CLM-01405,train,1,sample_claims/cards/train/likely_valid/CLM-01405_var1.png,Likely Valid
CLM-01376,train,1,sample_claims/cards/train/likely_invalid/CLM-01376_var1.png,Likely Invalid
CLM-01672,train,0,sample_claims/cards/train/likely_valid/CLM-01672_var0.png,Likely Valid
CLM-01672,train,1,sample_claims/cards/train/likely_valid/CLM-01672_var1.png,Likely Valid
CLM-01713,train,0,sample_claims/cards/train/likely_invalid/CLM-01713_var0.png,Likely Invalid
CLM-01713,train,1,sample_claims/cards/train/likely_invalid/CLM-01713_var1.png,Likely Invalid
CLM-01249,train,0,sample_claims/cards/train/manual_review/CLM-01249_var0.png,Manual Review Required
CLM-01249,train,1,sample_claims/cards/train/manual_review/CLM-01249_var1.png,Manual Review Required
CLM-00387,train,0,sample_claims/cards/train/manual_review/CLM-00387_var0.png,Manual Review Required
CLM-01632,train,0,sample_claims/cards/train/manual_review/CLM-01632_var0.png,Manual Review Required
CLM-01632,train,1,sample_claims/cards/train/manual_review/CLM-01632_var1.png,Manual Review Required
CLM-00387,train,1,sample_claims/cards/train/manual_review/CLM-00387_var1.png,Manual Review Required
CLM-01476,train,0,sample_claims/cards/train/manual_review/CLM-01476_var0.png,Manual Review Required
CLM-01476,train,1,sample_claims/cards/train/manual_review/CLM-01476_var1.png,Manual Review Required
CLM-02320,train,0,sample_claims/cards/train/likely_invalid/CLM-02320_var0.png,Likely Invalid
CLM-02320,train,1,sample_claims/cards/train/likely_invalid/CLM-02320_var1.png,Likely Invalid
CLM-02471,train,0,sample_claims/cards/train/manual_review/CLM-02471_var0.png,Manual Review Required
CLM-00542,train,0,sample_claims/cards/train/likely_invalid/CLM-00542_var0.png,Likely Invalid
CLM-02471,train,1,sample_claims/cards/train/manual_review/CLM-02471_var1.png,Manual Review Required
CLM-00542,train,1,sample_claims/cards/train/likely_invalid/CLM-00542_var1.png,Likely Invalid
CLM-01768,train,0,sample_claims/cards/train/likely_valid/CLM-01768_var0.png,Likely Valid
CLM-01768,train,1,sample_claims/cards/train/likely_valid/CLM-01768_var1.png,Likely Valid
CLM-01092,train,1,sample_claims/cards/train/likely_valid/CLM-01092_var1.png,Likely Valid
CLM-01092,train,0,sample_claims/cards/train/likely_valid/CLM-01092_var0.png,Likely Valid
CLM-00952,train,0,sample_claims/cards/train/likely_valid/CLM-00952_var0.png,Likely Valid
CLM-02080,train,0,sample_claims/cards/train/likely_valid/CLM-02080_var0.png,Likely Valid
CLM-02080,train,1,sample_claims/cards/train/likely_valid/CLM-02080_var1.png,Likely Valid
CLM-00952,train,1,sample_claims/cards/train/likely_valid/CLM-00952_var1.png,Likely Valid
CLM-01962,train,1,sample_claims/cards/train/manual_review/CLM-01962_var1.png,Manual Review Required
CLM-01962,train,0,sample_claims/cards/train/manual_review/CLM-01962_var0.png,Manual Review Required
CLM-01728,train,0,sample_claims/cards/train/likely_invalid/CLM-01728_var0.png,Likely Invalid
CLM-01728,train,1,sample_claims/cards/train/likely_invalid/CLM-01728_var1.png,Likely Invalid
CLM-00334,train,0,sample_claims/cards/train/likely_invalid/CLM-00334_var0.png,Likely Invalid
CLM-00334,train,1,sample_claims/cards/train/likely_invalid/CLM-00334_var1.png,Likely Invalid
CLM-00091,train,0,sample_claims/cards/train/likely_invalid/CLM-00091_var0.png,Likely Invalid
CLM-00091,train,1,sample_claims/cards/train/likely_invalid/CLM-00091_var1.png,Likely Invalid
CLM-00768,train,0,sample_claims/cards/train/manual_review/CLM-00768_var0.png,Manual Review Required
CLM-00768,train,1,sample_claims/cards/train/manual_review/CLM-00768_var1.png,Manual Review Required
CLM-01024,train,0,sample_claims/cards/train/likely_valid/CLM-01024_var0.png,Likely Valid
CLM-01726,train,0,sample_claims/cards/train/likely_valid/CLM-01726_var0.png,Likely Valid
CLM-01024,train,1,sample_claims/cards/train/likely_valid/CLM-01024_var1.png,Likely Valid
CLM-01726,train,1,sample_claims/cards/train/likely_valid/CLM-01726_var1.png,Likely Valid
CLM-00864,train,0,sample_claims/cards/train/likely_valid/CLM-00864_var0.png,Likely Valid
CLM-01439,train,0,sample_claims/cards/train/likely_valid/CLM-01439_var0.png,Likely Valid
CLM-01439,train,1,sample_claims/cards/train/likely_valid/CLM-01439_var1.png,Likely Valid
CLM-00864,train,1,sample_claims/cards/train/likely_valid/CLM-00864_var1.png,Likely Valid
CLM-01949,train,0,sample_claims/cards/train/likely_valid/CLM-01949_var0.png,Likely Valid
CLM-01949,train,1,sample_claims/cards/train/likely_valid/CLM-01949_var1.png,Likely Valid
CLM-00381,train,0,sample_claims/cards/train/likely_valid/CLM-00381_var0.png,Likely Valid
CLM-00381,train,1,sample_claims/cards/train/likely_valid/CLM-00381_var1.png,Likely Valid
CLM-01582,train,0,sample_claims/cards/train/manual_review/CLM-01582_var0.png,Manual Review Required
CLM-01582,train,1,sample_claims/cards/train/manual_review/CLM-01582_var1.png,Manual Review Required
CLM-00731,train,0,sample_claims/cards/train/likely_invalid/CLM-00731_var0.png,Likely Invalid
CLM-00731,train,1,sample_claims/cards/train/likely_invalid/CLM-00731_var1.png,Likely Invalid
CLM-02410,train,0,sample_claims/cards/train/likely_invalid/CLM-02410_var0.png,Likely Invalid
CLM-00738,train,0,sample_claims/cards/train/manual_review/CLM-00738_var0.png,Manual Review Required
CLM-02410,train,1,sample_claims/cards/train/likely_invalid/CLM-02410_var1.png,Likely Invalid
CLM-00738,train,1,sample_claims/cards/train/manual_review/CLM-00738_var1.png,Manual Review Required
CLM-00859,train,1,sample_claims/cards/train/likely_invalid/CLM-00859_var1.png,Likely Invalid
CLM-01563,train,0,sample_claims/cards/train/likely_valid/CLM-01563_var0.png,Likely Valid
CLM-00859,train,0,sample_claims/cards/train/likely_invalid/CLM-00859_var0.png,Likely Invalid
CLM-02239,train,0,sample_claims/cards/train/likely_invalid/CLM-02239_var0.png,Likely Invalid
CLM-01833,train,0,sample_claims/cards/train/likely_valid/CLM-01833_var0.png,Likely Valid
CLM-01833,train,1,sample_claims/cards/train/likely_valid/CLM-01833_var1.png,Likely Valid
CLM-01563,train,1,sample_claims/cards/train/likely_valid/CLM-01563_var1.png,Likely Valid
CLM-02239,train,1,sample_claims/cards/train/likely_invalid/CLM-02239_var1.png,Likely Invalid
CLM-01286,train,0,sample_claims/cards/train/likely_invalid/CLM-01286_var0.png,Likely Invalid
CLM-01286,train,1,sample_claims/cards/train/likely_invalid/CLM-01286_var1.png,Likely Invalid
CLM-00763,train,0,sample_claims/cards/train/likely_invalid/CLM-00763_var0.png,Likely Invalid
CLM-00763,train,1,sample_claims/cards/train/likely_invalid/CLM-00763_var1.png,Likely Invalid
CLM-00263,train,0,sample_claims/cards/train/likely_invalid/CLM-00263_var0.png,Likely Invalid
CLM-02182,train,0,sample_claims/cards/train/likely_valid/CLM-02182_var0.png,Likely Valid
CLM-00263,train,1,sample_claims/cards/train/likely_invalid/CLM-00263_var1.png,Likely Invalid
CLM-02182,train,1,sample_claims/cards/train/likely_valid/CLM-02182_var1.png,Likely Valid
CLM-01692,train,0,sample_claims/cards/train/manual_review/CLM-01692_var0.png,Manual Review Required
CLM-01861,train,0,sample_claims/cards/train/likely_valid/CLM-01861_var0.png,Likely Valid
CLM-01861,train,1,sample_claims/cards/train/likely_valid/CLM-01861_var1.png,Likely Valid
CLM-01064,train,0,sample_claims/cards/train/likely_valid/CLM-01064_var0.png,Likely Valid
CLM-01692,train,1,sample_claims/cards/train/manual_review/CLM-01692_var1.png,Manual Review Required
CLM-01064,train,1,sample_claims/cards/train/likely_valid/CLM-01064_var1.png,Likely Valid
CLM-00489,train,0,sample_claims/cards/train/likely_valid/CLM-00489_var0.png,Likely Valid
CLM-00489,train,1,sample_claims/cards/train/likely_valid/CLM-00489_var1.png,Likely Valid
CLM-02255,train,1,sample_claims/cards/train/likely_valid/CLM-02255_var1.png,Likely Valid
CLM-02255,train,0,sample_claims/cards/train/likely_valid/CLM-02255_var0.png,Likely Valid
CLM-01466,train,0,sample_claims/cards/train/likely_invalid/CLM-01466_var0.png,Likely Invalid
CLM-01466,train,1,sample_claims/cards/train/likely_invalid/CLM-01466_var1.png,Likely Invalid
CLM-01433,train,0,sample_claims/cards/train/likely_invalid/CLM-01433_var0.png,Likely Invalid
CLM-01767,train,1,sample_claims/cards/train/likely_invalid/CLM-01767_var1.png,Likely Invalid
CLM-01767,train,0,sample_claims/cards/train/likely_invalid/CLM-01767_var0.png,Likely Invalid
CLM-01433,train,1,sample_claims/cards/train/likely_invalid/CLM-01433_var1.png,Likely Invalid
CLM-01811,train,0,sample_claims/cards/train/likely_valid/CLM-01811_var0.png,Likely Valid
CLM-01492,train,1,sample_claims/cards/train/likely_invalid/CLM-01492_var1.png,Likely Invalid
CLM-01811,train,1,sample_claims/cards/train/likely_valid/CLM-01811_var1.png,Likely Valid
CLM-02035,train,0,sample_claims/cards/train/likely_valid/CLM-02035_var0.png,Likely Valid
CLM-01492,train,0,sample_claims/cards/train/likely_invalid/CLM-01492_var0.png,Likely Invalid
CLM-02035,train,1,sample_claims/cards/train/likely_valid/CLM-02035_var1.png,Likely Valid
CLM-01273,train,1,sample_claims/cards/train/likely_invalid/CLM-01273_var1.png,Likely Invalid
CLM-02032,train,0,sample_claims/cards/train/likely_invalid/CLM-02032_var0.png,Likely Invalid
CLM-01273,train,0,sample_claims/cards/train/likely_invalid/CLM-01273_var0.png,Likely Invalid
CLM-02032,train,1,sample_claims/cards/train/likely_invalid/CLM-02032_var1.png,Likely Invalid
CLM-02242,train,1,sample_claims/cards/train/manual_review/CLM-02242_var1.png,Manual Review Required
CLM-02242,train,0,sample_claims/cards/train/manual_review/CLM-02242_var0.png,Manual Review Required
CLM-01468,train,0,sample_claims/cards/train/likely_invalid/CLM-01468_var0.png,Likely Invalid
CLM-01468,train,1,sample_claims/cards/train/likely_invalid/CLM-01468_var1.png,Likely Invalid
CLM-01996,train,0,sample_claims/cards/train/likely_valid/CLM-01996_var0.png,Likely Valid
CLM-01996,train,1,sample_claims/cards/train/likely_valid/CLM-01996_var1.png,Likely Valid
CLM-01500,train,0,sample_claims/cards/train/likely_invalid/CLM-01500_var0.png,Likely Invalid
CLM-01500,train,1,sample_claims/cards/train/likely_invalid/CLM-01500_var1.png,Likely Invalid
CLM-02133,train,1,sample_claims/cards/train/likely_valid/CLM-02133_var1.png,Likely Valid
CLM-02133,train,0,sample_claims/cards/train/likely_valid/CLM-02133_var0.png,Likely Valid
CLM-00271,train,1,sample_claims/cards/train/likely_invalid/CLM-00271_var1.png,Likely Invalid
CLM-00271,train,0,sample_claims/cards/train/likely_invalid/CLM-00271_var0.png,Likely Invalid
CLM-00880,train,0,sample_claims/cards/train/likely_valid/CLM-00880_var0.png,Likely Valid
CLM-00880,train,1,sample_claims/cards/train/likely_valid/CLM-00880_var1.png,Likely Valid
CLM-00383,train,1,sample_claims/cards/train/likely_valid/CLM-00383_var1.png,Likely Valid
CLM-00383,train,0,sample_claims/cards/train/likely_valid/CLM-00383_var0.png,Likely Valid
CLM-00522,train,0,sample_claims/cards/train/likely_valid/CLM-00522_var0.png,Likely Valid
CLM-00522,train,1,sample_claims/cards/train/likely_valid/CLM-00522_var1.png,Likely Valid
CLM-01454,train,0,sample_claims/cards/train/likely_valid/CLM-01454_var0.png,Likely Valid
CLM-01958,train,0,sample_claims/cards/train/likely_valid/CLM-01958_var0.png,Likely Valid
CLM-01454,train,1,sample_claims/cards/train/likely_valid/CLM-01454_var1.png,Likely Valid
CLM-01958,train,1,sample_claims/cards/train/likely_valid/CLM-01958_var1.png,Likely Valid
CLM-02372,train,0,sample_claims/cards/train/likely_invalid/CLM-02372_var0.png,Likely Invalid
CLM-02372,train,1,sample_claims/cards/train/likely_invalid/CLM-02372_var1.png,Likely Invalid
CLM-00955,train,1,sample_claims/cards/train/likely_valid/CLM-00955_var1.png,Likely Valid
CLM-00955,train,0,sample_claims/cards/train/likely_valid/CLM-00955_var0.png,Likely Valid
CLM-00586,train,0,sample_claims/cards/train/likely_invalid/CLM-00586_var0.png,Likely Invalid
CLM-00586,train,1,sample_claims/cards/train/likely_invalid/CLM-00586_var1.png,Likely Invalid
CLM-01246,train,1,sample_claims/cards/train/likely_valid/CLM-01246_var1.png,Likely Valid
CLM-01246,train,0,sample_claims/cards/train/likely_valid/CLM-01246_var0.png,Likely Valid
CLM-02111,train,0,sample_claims/cards/train/likely_valid/CLM-02111_var0.png,Likely Valid
CLM-00400,train,0,sample_claims/cards/train/manual_review/CLM-00400_var0.png,Manual Review Required
CLM-02111,train,1,sample_claims/cards/train/likely_valid/CLM-02111_var1.png,Likely Valid
CLM-02473,train,0,sample_claims/cards/train/likely_valid/CLM-02473_var0.png,Likely Valid
CLM-02473,train,1,sample_claims/cards/train/likely_valid/CLM-02473_var1.png,Likely Valid
CLM-00400,train,1,sample_claims/cards/train/manual_review/CLM-00400_var1.png,Manual Review Required
CLM-01196,train,0,sample_claims/cards/train/likely_valid/CLM-01196_var0.png,Likely Valid
CLM-01196,train,1,sample_claims/cards/train/likely_valid/CLM-01196_var1.png,Likely Valid
CLM-02426,train,0,sample_claims/cards/train/likely_valid/CLM-02426_var0.png,Likely Valid
CLM-00473,train,0,sample_claims/cards/train/likely_invalid/CLM-00473_var0.png,Likely Invalid
CLM-02426,train,1,sample_claims/cards/train/likely_valid/CLM-02426_var1.png,Likely Valid
CLM-00473,train,1,sample_claims/cards/train/likely_invalid/CLM-00473_var1.png,Likely Invalid
CLM-01529,train,0,sample_claims/cards/train/likely_valid/CLM-01529_var0.png,Likely Valid
CLM-01111,train,0,sample_claims/cards/train/likely_invalid/CLM-01111_var0.png,Likely Invalid
CLM-01111,train,1,sample_claims/cards/train/likely_invalid/CLM-01111_var1.png,Likely Invalid
CLM-01529,train,1,sample_claims/cards/train/likely_valid/CLM-01529_var1.png,Likely Valid
CLM-01262,train,0,sample_claims/cards/train/likely_valid/CLM-01262_var0.png,Likely Valid
CLM-00097,train,0,sample_claims/cards/train/likely_valid/CLM-00097_var0.png,Likely Valid
CLM-01262,train,1,sample_claims/cards/train/likely_valid/CLM-01262_var1.png,Likely Valid
CLM-00097,train,1,sample_claims/cards/train/likely_valid/CLM-00097_var1.png,Likely Valid
CLM-01078,train,1,sample_claims/cards/train/likely_invalid/CLM-01078_var1.png,Likely Invalid
CLM-01078,train,0,sample_claims/cards/train/likely_invalid/CLM-01078_var0.png,Likely Invalid
CLM-02058,train,0,sample_claims/cards/train/likely_valid/CLM-02058_var0.png,Likely Valid
CLM-02058,train,1,sample_claims/cards/train/likely_valid/CLM-02058_var1.png,Likely Valid
CLM-00052,train,0,sample_claims/cards/train/likely_valid/CLM-00052_var0.png,Likely Valid
CLM-00052,train,1,sample_claims/cards/train/likely_valid/CLM-00052_var1.png,Likely Valid
CLM-00409,train,0,sample_claims/cards/train/manual_review/CLM-00409_var0.png,Manual Review Required
CLM-00409,train,1,sample_claims/cards/train/manual_review/CLM-00409_var1.png,Manual Review Required
CLM-02478,train,0,sample_claims/cards/train/likely_invalid/CLM-02478_var0.png,Likely Invalid
CLM-00497,train,0,sample_claims/cards/train/likely_valid/CLM-00497_var0.png,Likely Valid
CLM-02478,train,1,sample_claims/cards/train/likely_invalid/CLM-02478_var1.png,Likely Invalid
CLM-00497,train,1,sample_claims/cards/train/likely_valid/CLM-00497_var1.png,Likely Valid
CLM-00882,train,0,sample_claims/cards/train/likely_invalid/CLM-00882_var0.png,Likely Invalid
CLM-00882,train,1,sample_claims/cards/train/likely_invalid/CLM-00882_var1.png,Likely Invalid
CLM-01863,train,0,sample_claims/cards/train/likely_valid/CLM-01863_var0.png,Likely Valid
CLM-01863,train,1,sample_claims/cards/train/likely_valid/CLM-01863_var1.png,Likely Valid
CLM-00026,train,0,sample_claims/cards/train/likely_valid/CLM-00026_var0.png,Likely Valid
CLM-00026,train,1,sample_claims/cards/train/likely_valid/CLM-00026_var1.png,Likely Valid
CLM-00076,train,0,sample_claims/cards/train/likely_valid/CLM-00076_var0.png,Likely Valid
CLM-00076,train,1,sample_claims/cards/train/likely_valid/CLM-00076_var1.png,Likely Valid
CLM-01143,train,0,sample_claims/cards/train/likely_invalid/CLM-01143_var0.png,Likely Invalid
CLM-01143,train,1,sample_claims/cards/train/likely_invalid/CLM-01143_var1.png,Likely Invalid
CLM-01132,train,0,sample_claims/cards/train/likely_valid/CLM-01132_var0.png,Likely Valid
CLM-01132,train,1,sample_claims/cards/train/likely_valid/CLM-01132_var1.png,Likely Valid
CLM-00719,train,0,sample_claims/cards/train/likely_valid/CLM-00719_var0.png,Likely Valid
CLM-00719,train,1,sample_claims/cards/train/likely_valid/CLM-00719_var1.png,Likely Valid
CLM-00890,train,0,sample_claims/cards/train/likely_valid/CLM-00890_var0.png,Likely Valid
CLM-00890,train,1,sample_claims/cards/train/likely_valid/CLM-00890_var1.png,Likely Valid
CLM-01862,train,0,sample_claims/cards/train/likely_valid/CLM-01862_var0.png,Likely Valid
CLM-01608,train,0,sample_claims/cards/train/likely_invalid/CLM-01608_var0.png,Likely Invalid
CLM-01862,train,1,sample_claims/cards/train/likely_valid/CLM-01862_var1.png,Likely Valid
CLM-01608,train,1,sample_claims/cards/train/likely_invalid/CLM-01608_var1.png,Likely Invalid
CLM-01461,train,0,sample_claims/cards/train/likely_valid/CLM-01461_var0.png,Likely Valid
CLM-01461,train,1,sample_claims/cards/train/likely_valid/CLM-01461_var1.png,Likely Valid
CLM-02477,train,0,sample_claims/cards/train/likely_valid/CLM-02477_var0.png,Likely Valid
CLM-02477,train,1,sample_claims/cards/train/likely_valid/CLM-02477_var1.png,Likely Valid
CLM-00693,train,0,sample_claims/cards/train/likely_invalid/CLM-00693_var0.png,Likely Invalid
CLM-00693,train,1,sample_claims/cards/train/likely_invalid/CLM-00693_var1.png,Likely Invalid
CLM-00636,train,0,sample_claims/cards/train/manual_review/CLM-00636_var0.png,Manual Review Required
CLM-00636,train,1,sample_claims/cards/train/manual_review/CLM-00636_var1.png,Manual Review Required
CLM-01566,train,0,sample_claims/cards/train/likely_valid/CLM-01566_var0.png,Likely Valid
CLM-01566,train,1,sample_claims/cards/train/likely_valid/CLM-01566_var1.png,Likely Valid
CLM-00429,train,0,sample_claims/cards/train/likely_invalid/CLM-00429_var0.png,Likely Invalid
CLM-00429,train,1,sample_claims/cards/train/likely_invalid/CLM-00429_var1.png,Likely Invalid
CLM-01721,train,0,sample_claims/cards/train/likely_valid/CLM-01721_var0.png,Likely Valid
CLM-01721,train,1,sample_claims/cards/train/likely_valid/CLM-01721_var1.png,Likely Valid
CLM-00419,train,0,sample_claims/cards/train/likely_valid/CLM-00419_var0.png,Likely Valid
CLM-01864,train,0,sample_claims/cards/train/likely_valid/CLM-01864_var0.png,Likely Valid
CLM-00419,train,1,sample_claims/cards/train/likely_valid/CLM-00419_var1.png,Likely Valid
CLM-01864,train,1,sample_claims/cards/train/likely_valid/CLM-01864_var1.png,Likely Valid
CLM-01568,train,0,sample_claims/cards/train/likely_invalid/CLM-01568_var0.png,Likely Invalid
CLM-01568,train,1,sample_claims/cards/train/likely_invalid/CLM-01568_var1.png,Likely Invalid
CLM-00875,train,0,sample_claims/cards/train/likely_invalid/CLM-00875_var0.png,Likely Invalid
CLM-00875,train,1,sample_claims/cards/train/likely_invalid/CLM-00875_var1.png,Likely Invalid
CLM-00154,train,0,sample_claims/cards/train/likely_invalid/CLM-00154_var0.png,Likely Invalid
CLM-00918,train,0,sample_claims/cards/train/likely_valid/CLM-00918_var0.png,Likely Valid
CLM-00154,train,1,sample_claims/cards/train/likely_invalid/CLM-00154_var1.png,Likely Invalid
CLM-00800,train,0,sample_claims/cards/train/manual_review/CLM-00800_var0.png,Manual Review Required
CLM-00918,train,1,sample_claims/cards/train/likely_valid/CLM-00918_var1.png,Likely Valid
CLM-00800,train,1,sample_claims/cards/train/manual_review/CLM-00800_var1.png,Manual Review Required
CLM-01871,train,0,sample_claims/cards/train/likely_valid/CLM-01871_var0.png,Likely Valid
CLM-01871,train,1,sample_claims/cards/train/likely_valid/CLM-01871_var1.png,Likely Valid
CLM-01437,train,1,sample_claims/cards/train/likely_valid/CLM-01437_var1.png,Likely Valid
CLM-01437,train,0,sample_claims/cards/train/likely_valid/CLM-01437_var0.png,Likely Valid
CLM-00592,train,1,sample_claims/cards/train/manual_review/CLM-00592_var1.png,Manual Review Required
CLM-00592,train,0,sample_claims/cards/train/manual_review/CLM-00592_var0.png,Manual Review Required
CLM-02370,train,0,sample_claims/cards/train/likely_valid/CLM-02370_var0.png,Likely Valid
CLM-02370,train,1,sample_claims/cards/train/likely_valid/CLM-02370_var1.png,Likely Valid
CLM-00694,train,0,sample_claims/cards/train/likely_invalid/CLM-00694_var0.png,Likely Invalid
CLM-00694,train,1,sample_claims/cards/train/likely_invalid/CLM-00694_var1.png,Likely Invalid
CLM-01298,train,0,sample_claims/cards/train/manual_review/CLM-01298_var0.png,Manual Review Required
CLM-01298,train,1,sample_claims/cards/train/manual_review/CLM-01298_var1.png,Manual Review Required
CLM-02281,train,0,sample_claims/cards/train/likely_valid/CLM-02281_var0.png,Likely Valid
CLM-02281,train,1,sample_claims/cards/train/likely_valid/CLM-02281_var1.png,Likely Valid
CLM-00648,train,1,sample_claims/cards/train/likely_valid/CLM-00648_var1.png,Likely Valid
CLM-00648,train,0,sample_claims/cards/train/likely_valid/CLM-00648_var0.png,Likely Valid
CLM-02390,train,1,sample_claims/cards/train/likely_invalid/CLM-02390_var1.png,Likely Invalid
CLM-00702,train,0,sample_claims/cards/train/likely_invalid/CLM-00702_var0.png,Likely Invalid
CLM-02390,train,0,sample_claims/cards/train/likely_invalid/CLM-02390_var0.png,Likely Invalid
CLM-00702,train,1,sample_claims/cards/train/likely_invalid/CLM-00702_var1.png,Likely Invalid
CLM-00638,train,1,sample_claims/cards/train/likely_valid/CLM-00638_var1.png,Likely Valid
CLM-00638,train,0,sample_claims/cards/train/likely_valid/CLM-00638_var0.png,Likely Valid
CLM-00515,train,1,sample_claims/cards/train/manual_review/CLM-00515_var1.png,Manual Review Required
CLM-00515,train,0,sample_claims/cards/train/manual_review/CLM-00515_var0.png,Manual Review Required
CLM-02238,train,1,sample_claims/cards/train/manual_review/CLM-02238_var1.png,Manual Review Required
CLM-00532,train,0,sample_claims/cards/train/likely_valid/CLM-00532_var0.png,Likely Valid
CLM-02238,train,0,sample_claims/cards/train/manual_review/CLM-02238_var0.png,Manual Review Required
CLM-00532,train,1,sample_claims/cards/train/likely_valid/CLM-00532_var1.png,Likely Valid
CLM-02207,train,1,sample_claims/cards/train/likely_valid/CLM-02207_var1.png,Likely Valid
CLM-02207,train,0,sample_claims/cards/train/likely_valid/CLM-02207_var0.png,Likely Valid
CLM-00255,train,0,sample_claims/cards/train/manual_review/CLM-00255_var0.png,Manual Review Required
CLM-00255,train,1,sample_claims/cards/train/manual_review/CLM-00255_var1.png,Manual Review Required
CLM-01233,train,0,sample_claims/cards/train/manual_review/CLM-01233_var0.png,Manual Review Required
CLM-02062,train,0,sample_claims/cards/train/likely_valid/CLM-02062_var0.png,Likely Valid
CLM-01233,train,1,sample_claims/cards/train/manual_review/CLM-01233_var1.png,Manual Review Required
CLM-02062,train,1,sample_claims/cards/train/likely_valid/CLM-02062_var1.png,Likely Valid
CLM-01558,train,1,sample_claims/cards/train/manual_review/CLM-01558_var1.png,Manual Review Required
CLM-00043,train,1,sample_claims/cards/train/likely_valid/CLM-00043_var1.png,Likely Valid
CLM-00043,train,0,sample_claims/cards/train/likely_valid/CLM-00043_var0.png,Likely Valid
CLM-01558,train,0,sample_claims/cards/train/manual_review/CLM-01558_var0.png,Manual Review Required
CLM-01484,train,1,sample_claims/cards/train/likely_valid/CLM-01484_var1.png,Likely Valid
CLM-01484,train,0,sample_claims/cards/train/likely_valid/CLM-01484_var0.png,Likely Valid
CLM-02010,train,0,sample_claims/cards/train/likely_invalid/CLM-02010_var0.png,Likely Invalid
CLM-02010,train,1,sample_claims/cards/train/likely_invalid/CLM-02010_var1.png,Likely Invalid
CLM-02258,train,0,sample_claims/cards/train/likely_valid/CLM-02258_var0.png,Likely Valid
CLM-02251,train,0,sample_claims/cards/train/likely_valid/CLM-02251_var0.png,Likely Valid
CLM-02251,train,1,sample_claims/cards/train/likely_valid/CLM-02251_var1.png,Likely Valid
CLM-02258,train,1,sample_claims/cards/train/likely_valid/CLM-02258_var1.png,Likely Valid
CLM-00748,train,0,sample_claims/cards/train/likely_invalid/CLM-00748_var0.png,Likely Invalid
CLM-00748,train,1,sample_claims/cards/train/likely_invalid/CLM-00748_var1.png,Likely Invalid
CLM-00476,train,0,sample_claims/cards/train/likely_invalid/CLM-00476_var0.png,Likely Invalid
CLM-00476,train,1,sample_claims/cards/train/likely_invalid/CLM-00476_var1.png,Likely Invalid
CLM-00485,train,0,sample_claims/cards/train/likely_valid/CLM-00485_var0.png,Likely Valid
CLM-00485,train,1,sample_claims/cards/train/likely_valid/CLM-00485_var1.png,Likely Valid
CLM-01587,train,0,sample_claims/cards/train/manual_review/CLM-01587_var0.png,Manual Review Required
CLM-01587,train,1,sample_claims/cards/train/manual_review/CLM-01587_var1.png,Manual Review Required
CLM-02041,train,0,sample_claims/cards/train/likely_invalid/CLM-02041_var0.png,Likely Invalid
CLM-02041,train,1,sample_claims/cards/train/likely_invalid/CLM-02041_var1.png,Likely Invalid
CLM-00084,train,0,sample_claims/cards/train/likely_valid/CLM-00084_var0.png,Likely Valid
CLM-00084,train,1,sample_claims/cards/train/likely_valid/CLM-00084_var1.png,Likely Valid
CLM-00717,train,1,sample_claims/cards/train/likely_invalid/CLM-00717_var1.png,Likely Invalid
CLM-00717,train,0,sample_claims/cards/train/likely_invalid/CLM-00717_var0.png,Likely Invalid
CLM-02309,train,0,sample_claims/cards/train/likely_valid/CLM-02309_var0.png,Likely Valid
CLM-02309,train,1,sample_claims/cards/train/likely_valid/CLM-02309_var1.png,Likely Valid
CLM-01688,train,1,sample_claims/cards/train/manual_review/CLM-01688_var1.png,Manual Review Required
CLM-01688,train,0,sample_claims/cards/train/manual_review/CLM-01688_var0.png,Manual Review Required
CLM-00436,train,0,sample_claims/cards/train/likely_invalid/CLM-00436_var0.png,Likely Invalid
CLM-00436,train,1,sample_claims/cards/train/likely_invalid/CLM-00436_var1.png,Likely Invalid
CLM-00293,train,0,sample_claims/cards/train/likely_invalid/CLM-00293_var0.png,Likely Invalid
CLM-00293,train,1,sample_claims/cards/train/likely_invalid/CLM-00293_var1.png,Likely Invalid
CLM-00186,train,0,sample_claims/cards/train/manual_review/CLM-00186_var0.png,Manual Review Required
CLM-00186,train,1,sample_claims/cards/train/manual_review/CLM-00186_var1.png,Manual Review Required
CLM-00873,train,0,sample_claims/cards/train/likely_invalid/CLM-00873_var0.png,Likely Invalid
CLM-00873,train,1,sample_claims/cards/train/likely_invalid/CLM-00873_var1.png,Likely Invalid
CLM-02374,train,1,sample_claims/cards/train/likely_invalid/CLM-02374_var1.png,Likely Invalid
CLM-02374,train,0,sample_claims/cards/train/likely_invalid/CLM-02374_var0.png,Likely Invalid
CLM-01047,train,0,sample_claims/cards/train/likely_valid/CLM-01047_var0.png,Likely Valid
CLM-01047,train,1,sample_claims/cards/train/likely_valid/CLM-01047_var1.png,Likely Valid
CLM-01616,train,1,sample_claims/cards/train/likely_valid/CLM-01616_var1.png,Likely Valid
CLM-01616,train,0,sample_claims/cards/train/likely_valid/CLM-01616_var0.png,Likely Valid
CLM-02462,train,0,sample_claims/cards/train/likely_valid/CLM-02462_var0.png,Likely Valid
CLM-02462,train,1,sample_claims/cards/train/likely_valid/CLM-02462_var1.png,Likely Valid
CLM-00371,train,0,sample_claims/cards/train/manual_review/CLM-00371_var0.png,Manual Review Required
CLM-00371,train,1,sample_claims/cards/train/manual_review/CLM-00371_var1.png,Manual Review Required
CLM-01388,train,1,sample_claims/cards/train/likely_invalid/CLM-01388_var1.png,Likely Invalid
CLM-01388,train,0,sample_claims/cards/train/likely_invalid/CLM-01388_var0.png,Likely Invalid
CLM-01920,train,1,sample_claims/cards/train/likely_valid/CLM-01920_var1.png,Likely Valid
CLM-01920,train,0,sample_claims/cards/train/likely_valid/CLM-01920_var0.png,Likely Valid
CLM-02380,train,0,sample_claims/cards/train/likely_valid/CLM-02380_var0.png,Likely Valid
CLM-02380,train,1,sample_claims/cards/train/likely_valid/CLM-02380_var1.png,Likely Valid
CLM-01598,train,0,sample_claims/cards/train/likely_valid/CLM-01598_var0.png,Likely Valid
CLM-00555,train,0,sample_claims/cards/train/likely_valid/CLM-00555_var0.png,Likely Valid
CLM-01598,train,1,sample_claims/cards/train/likely_valid/CLM-01598_var1.png,Likely Valid
CLM-00555,train,1,sample_claims/cards/train/likely_valid/CLM-00555_var1.png,Likely Valid
CLM-01377,train,0,sample_claims/cards/train/manual_review/CLM-01377_var0.png,Manual Review Required
CLM-01377,train,1,sample_claims/cards/train/manual_review/CLM-01377_var1.png,Manual Review Required
CLM-00339,train,1,sample_claims/cards/train/manual_review/CLM-00339_var1.png,Manual Review Required
CLM-00339,train,0,sample_claims/cards/train/manual_review/CLM-00339_var0.png,Manual Review Required
CLM-02289,train,1,sample_claims/cards/train/manual_review/CLM-02289_var1.png,Manual Review Required
CLM-02289,train,0,sample_claims/cards/train/manual_review/CLM-02289_var0.png,Manual Review Required
CLM-00885,train,0,sample_claims/cards/train/likely_invalid/CLM-00885_var0.png,Likely Invalid
CLM-00885,train,1,sample_claims/cards/train/likely_invalid/CLM-00885_var1.png,Likely Invalid
CLM-01340,train,0,sample_claims/cards/train/likely_invalid/CLM-01340_var0.png,Likely Invalid
CLM-01340,train,1,sample_claims/cards/train/likely_invalid/CLM-01340_var1.png,Likely Invalid
CLM-01665,train,0,sample_claims/cards/train/manual_review/CLM-01665_var0.png,Manual Review Required
CLM-01665,train,1,sample_claims/cards/train/manual_review/CLM-01665_var1.png,Manual Review Required
CLM-00727,train,0,sample_claims/cards/train/likely_invalid/CLM-00727_var0.png,Likely Invalid
CLM-00727,train,1,sample_claims/cards/train/likely_invalid/CLM-00727_var1.png,Likely Invalid
CLM-00077,train,0,sample_claims/cards/train/likely_invalid/CLM-00077_var0.png,Likely Invalid
CLM-00874,train,0,sample_claims/cards/train/likely_valid/CLM-00874_var0.png,Likely Valid
CLM-00935,train,0,sample_claims/cards/train/likely_valid/CLM-00935_var0.png,Likely Valid
CLM-00077,train,1,sample_claims/cards/train/likely_invalid/CLM-00077_var1.png,Likely Invalid
CLM-00935,train,1,sample_claims/cards/train/likely_valid/CLM-00935_var1.png,Likely Valid
CLM-00874,train,1,sample_claims/cards/train/likely_valid/CLM-00874_var1.png,Likely Valid
CLM-00733,train,0,sample_claims/cards/train/likely_valid/CLM-00733_var0.png,Likely Valid
CLM-00733,train,1,sample_claims/cards/train/likely_valid/CLM-00733_var1.png,Likely Valid
CLM-01192,train,0,sample_claims/cards/train/likely_invalid/CLM-01192_var0.png,Likely Invalid
CLM-01192,train,1,sample_claims/cards/train/likely_invalid/CLM-01192_var1.png,Likely Invalid
CLM-00550,train,0,sample_claims/cards/train/likely_valid/CLM-00550_var0.png,Likely Valid
CLM-00550,train,1,sample_claims/cards/train/likely_valid/CLM-00550_var1.png,Likely Valid
CLM-01278,train,0,sample_claims/cards/train/likely_invalid/CLM-01278_var0.png,Likely Invalid
CLM-01278,train,1,sample_claims/cards/train/likely_invalid/CLM-01278_var1.png,Likely Invalid
CLM-00345,train,0,sample_claims/cards/train/likely_valid/CLM-00345_var0.png,Likely Valid
CLM-00345,train,1,sample_claims/cards/train/likely_valid/CLM-00345_var1.png,Likely Valid
CLM-00806,train,0,sample_claims/cards/train/likely_valid/CLM-00806_var0.png,Likely Valid
CLM-00806,train,1,sample_claims/cards/train/likely_valid/CLM-00806_var1.png,Likely Valid
CLM-02150,train,0,sample_claims/cards/train/likely_invalid/CLM-02150_var0.png,Likely Invalid
CLM-02150,train,1,sample_claims/cards/train/likely_invalid/CLM-02150_var1.png,Likely Invalid
CLM-00156,train,0,sample_claims/cards/train/manual_review/CLM-00156_var0.png,Manual Review Required
CLM-00156,train,1,sample_claims/cards/train/manual_review/CLM-00156_var1.png,Manual Review Required
CLM-02120,train,1,sample_claims/cards/train/likely_invalid/CLM-02120_var1.png,Likely Invalid
CLM-02120,train,0,sample_claims/cards/train/likely_invalid/CLM-02120_var0.png,Likely Invalid
CLM-00424,train,1,sample_claims/cards/train/likely_invalid/CLM-00424_var1.png,Likely Invalid
CLM-00424,train,0,sample_claims/cards/train/likely_invalid/CLM-00424_var0.png,Likely Invalid
CLM-00253,train,1,sample_claims/cards/train/manual_review/CLM-00253_var1.png,Manual Review Required
CLM-02124,train,1,sample_claims/cards/train/manual_review/CLM-02124_var1.png,Manual Review Required
CLM-00253,train,0,sample_claims/cards/train/manual_review/CLM-00253_var0.png,Manual Review Required
CLM-02124,train,0,sample_claims/cards/train/manual_review/CLM-02124_var0.png,Manual Review Required
CLM-00923,train,1,sample_claims/cards/train/likely_valid/CLM-00923_var1.png,Likely Valid
CLM-01328,train,1,sample_claims/cards/train/likely_invalid/CLM-01328_var1.png,Likely Invalid
CLM-01328,train,0,sample_claims/cards/train/likely_invalid/CLM-01328_var0.png,Likely Invalid
CLM-00923,train,0,sample_claims/cards/train/likely_valid/CLM-00923_var0.png,Likely Valid
CLM-02324,train,1,sample_claims/cards/train/likely_valid/CLM-02324_var1.png,Likely Valid
CLM-00116,train,0,sample_claims/cards/train/likely_invalid/CLM-00116_var0.png,Likely Invalid
CLM-00116,train,1,sample_claims/cards/train/likely_invalid/CLM-00116_var1.png,Likely Invalid
CLM-02324,train,0,sample_claims/cards/train/likely_valid/CLM-02324_var0.png,Likely Valid
CLM-01633,train,0,sample_claims/cards/train/likely_invalid/CLM-01633_var0.png,Likely Invalid
CLM-01633,train,1,sample_claims/cards/train/likely_invalid/CLM-01633_var1.png,Likely Invalid
CLM-00223,train,1,sample_claims/cards/train/likely_valid/CLM-00223_var1.png,Likely Valid
CLM-00223,train,0,sample_claims/cards/train/likely_valid/CLM-00223_var0.png,Likely Valid
CLM-02400,train,0,sample_claims/cards/train/likely_valid/CLM-02400_var0.png,Likely Valid
CLM-02400,train,1,sample_claims/cards/train/likely_valid/CLM-02400_var1.png,Likely Valid
CLM-00698,train,0,sample_claims/cards/train/likely_invalid/CLM-00698_var0.png,Likely Invalid
CLM-00698,train,1,sample_claims/cards/train/likely_invalid/CLM-00698_var1.png,Likely Invalid
CLM-01984,train,0,sample_claims/cards/train/likely_invalid/CLM-01984_var0.png,Likely Invalid
CLM-01984,train,1,sample_claims/cards/train/likely_invalid/CLM-01984_var1.png,Likely Invalid
CLM-00333,train,0,sample_claims/cards/train/likely_invalid/CLM-00333_var0.png,Likely Invalid
CLM-00333,train,1,sample_claims/cards/train/likely_invalid/CLM-00333_var1.png,Likely Invalid
CLM-01954,train,0,sample_claims/cards/train/likely_invalid/CLM-01954_var0.png,Likely Invalid
CLM-01954,train,1,sample_claims/cards/train/likely_invalid/CLM-01954_var1.png,Likely Invalid
CLM-00045,train,0,sample_claims/cards/train/manual_review/CLM-00045_var0.png,Manual Review Required
CLM-00045,train,1,sample_claims/cards/train/manual_review/CLM-00045_var1.png,Manual Review Required
CLM-02469,train,1,sample_claims/cards/train/likely_valid/CLM-02469_var1.png,Likely Valid
CLM-02469,train,0,sample_claims/cards/train/likely_valid/CLM-02469_var0.png,Likely Valid
CLM-01310,train,0,sample_claims/cards/train/likely_valid/CLM-01310_var0.png,Likely Valid
CLM-01310,train,1,sample_claims/cards/train/likely_valid/CLM-01310_var1.png,Likely Valid
CLM-00278,train,0,sample_claims/cards/train/likely_valid/CLM-00278_var0.png,Likely Valid
CLM-00278,train,1,sample_claims/cards/train/likely_valid/CLM-00278_var1.png,Likely Valid
CLM-01144,train,0,sample_claims/cards/train/likely_invalid/CLM-01144_var0.png,Likely Invalid
CLM-01144,train,1,sample_claims/cards/train/likely_invalid/CLM-01144_var1.png,Likely Invalid
CLM-00090,train,0,sample_claims/cards/train/likely_valid/CLM-00090_var0.png,Likely Valid
CLM-00090,train,1,sample_claims/cards/train/likely_valid/CLM-00090_var1.png,Likely Valid
CLM-01825,train,0,sample_claims/cards/train/likely_valid/CLM-01825_var0.png,Likely Valid
CLM-01825,train,1,sample_claims/cards/train/likely_valid/CLM-01825_var1.png,Likely Valid
CLM-01266,train,0,sample_claims/cards/train/likely_valid/CLM-01266_var0.png,Likely Valid
CLM-01266,train,1,sample_claims/cards/train/likely_valid/CLM-01266_var1.png,Likely Valid
CLM-01447,train,0,sample_claims/cards/train/manual_review/CLM-01447_var0.png,Manual Review Required
CLM-01447,train,1,sample_claims/cards/train/manual_review/CLM-01447_var1.png,Manual Review Required
CLM-01479,train,0,sample_claims/cards/train/manual_review/CLM-01479_var0.png,Manual Review Required
CLM-01479,train,1,sample_claims/cards/train/manual_review/CLM-01479_var1.png,Manual Review Required
CLM-00066,train,0,sample_claims/cards/train/likely_valid/CLM-00066_var0.png,Likely Valid
CLM-01446,train,1,sample_claims/cards/train/likely_valid/CLM-01446_var1.png,Likely Valid
CLM-00066,train,1,sample_claims/cards/train/likely_valid/CLM-00066_var1.png,Likely Valid
CLM-01446,train,0,sample_claims/cards/train/likely_valid/CLM-01446_var0.png,Likely Valid
CLM-00142,train,0,sample_claims/cards/train/likely_valid/CLM-00142_var0.png,Likely Valid
CLM-00022,train,0,sample_claims/cards/train/likely_invalid/CLM-00022_var0.png,Likely Invalid
CLM-00022,train,1,sample_claims/cards/train/likely_invalid/CLM-00022_var1.png,Likely Invalid
CLM-00142,train,1,sample_claims/cards/train/likely_valid/CLM-00142_var1.png,Likely Valid
CLM-01540,train,0,sample_claims/cards/train/likely_invalid/CLM-01540_var0.png,Likely Invalid
CLM-00114,train,0,sample_claims/cards/train/likely_valid/CLM-00114_var0.png,Likely Valid
CLM-01540,train,1,sample_claims/cards/train/likely_invalid/CLM-01540_var1.png,Likely Invalid
CLM-00114,train,1,sample_claims/cards/train/likely_valid/CLM-00114_var1.png,Likely Valid
CLM-01175,train,0,sample_claims/cards/train/likely_invalid/CLM-01175_var0.png,Likely Invalid
CLM-01489,train,1,sample_claims/cards/train/likely_valid/CLM-01489_var1.png,Likely Valid
CLM-01489,train,0,sample_claims/cards/train/likely_valid/CLM-01489_var0.png,Likely Valid
CLM-01175,train,1,sample_claims/cards/train/likely_invalid/CLM-01175_var1.png,Likely Invalid
CLM-01747,train,0,sample_claims/cards/train/likely_invalid/CLM-01747_var0.png,Likely Invalid
CLM-00651,train,1,sample_claims/cards/train/manual_review/CLM-00651_var1.png,Manual Review Required
CLM-01747,train,1,sample_claims/cards/train/likely_invalid/CLM-01747_var1.png,Likely Invalid
CLM-00651,train,0,sample_claims/cards/train/manual_review/CLM-00651_var0.png,Manual Review Required
CLM-01765,train,0,sample_claims/cards/train/likely_valid/CLM-01765_var0.png,Likely Valid
CLM-01765,train,1,sample_claims/cards/train/likely_valid/CLM-01765_var1.png,Likely Valid
CLM-02018,train,0,sample_claims/cards/train/likely_valid/CLM-02018_var0.png,Likely Valid
CLM-02018,train,1,sample_claims/cards/train/likely_valid/CLM-02018_var1.png,Likely Valid
CLM-00947,train,1,sample_claims/cards/train/likely_invalid/CLM-00947_var1.png,Likely Invalid
CLM-02440,train,0,sample_claims/cards/train/likely_valid/CLM-02440_var0.png,Likely Valid
CLM-00947,train,0,sample_claims/cards/train/likely_invalid/CLM-00947_var0.png,Likely Invalid
CLM-02440,train,1,sample_claims/cards/train/likely_valid/CLM-02440_var1.png,Likely Valid
CLM-00170,train,0,sample_claims/cards/train/likely_invalid/CLM-00170_var0.png,Likely Invalid
CLM-00170,train,1,sample_claims/cards/train/likely_invalid/CLM-00170_var1.png,Likely Invalid
CLM-00946,train,0,sample_claims/cards/train/manual_review/CLM-00946_var0.png,Manual Review Required
CLM-00946,train,1,sample_claims/cards/train/manual_review/CLM-00946_var1.png,Manual Review Required
CLM-00898,train,0,sample_claims/cards/train/likely_invalid/CLM-00898_var0.png,Likely Invalid
CLM-00898,train,1,sample_claims/cards/train/likely_invalid/CLM-00898_var1.png,Likely Invalid
CLM-01517,train,0,sample_claims/cards/train/likely_invalid/CLM-01517_var0.png,Likely Invalid
CLM-01517,train,1,sample_claims/cards/train/likely_invalid/CLM-01517_var1.png,Likely Invalid
CLM-02453,train,0,sample_claims/cards/train/likely_invalid/CLM-02453_var0.png,Likely Invalid
CLM-02453,train,1,sample_claims/cards/train/likely_invalid/CLM-02453_var1.png,Likely Invalid
CLM-00609,train,0,sample_claims/cards/train/likely_valid/CLM-00609_var0.png,Likely Valid
CLM-00609,train,1,sample_claims/cards/train/likely_valid/CLM-00609_var1.png,Likely Valid
CLM-01432,train,0,sample_claims/cards/train/manual_review/CLM-01432_var0.png,Manual Review Required
CLM-01432,train,1,sample_claims/cards/train/manual_review/CLM-01432_var1.png,Manual Review Required
CLM-00375,train,1,sample_claims/cards/train/likely_valid/CLM-00375_var1.png,Likely Valid
CLM-00375,train,0,sample_claims/cards/train/likely_valid/CLM-00375_var0.png,Likely Valid
CLM-01162,train,0,sample_claims/cards/train/manual_review/CLM-01162_var0.png,Manual Review Required
CLM-01162,train,1,sample_claims/cards/train/manual_review/CLM-01162_var1.png,Manual Review Required
CLM-00842,train,0,sample_claims/cards/train/likely_valid/CLM-00842_var0.png,Likely Valid
CLM-00842,train,1,sample_claims/cards/train/likely_valid/CLM-00842_var1.png,Likely Valid
CLM-02219,train,0,sample_claims/cards/train/likely_valid/CLM-02219_var0.png,Likely Valid
CLM-01910,train,0,sample_claims/cards/train/manual_review/CLM-01910_var0.png,Manual Review Required
CLM-01910,train,1,sample_claims/cards/train/manual_review/CLM-01910_var1.png,Manual Review Required
CLM-02219,train,1,sample_claims/cards/train/likely_valid/CLM-02219_var1.png,Likely Valid
CLM-00660,train,0,sample_claims/cards/train/likely_invalid/CLM-00660_var0.png,Likely Invalid
CLM-01881,train,0,sample_claims/cards/train/likely_invalid/CLM-01881_var0.png,Likely Invalid
CLM-00660,train,1,sample_claims/cards/train/likely_invalid/CLM-00660_var1.png,Likely Invalid
CLM-01881,train,1,sample_claims/cards/train/likely_invalid/CLM-01881_var1.png,Likely Invalid
CLM-01778,train,0,sample_claims/cards/train/likely_valid/CLM-01778_var0.png,Likely Valid
CLM-01778,train,1,sample_claims/cards/train/likely_valid/CLM-01778_var1.png,Likely Valid
CLM-01900,train,0,sample_claims/cards/train/likely_valid/CLM-01900_var0.png,Likely Valid
CLM-01900,train,1,sample_claims/cards/train/likely_valid/CLM-01900_var1.png,Likely Valid
CLM-01393,train,0,sample_claims/cards/train/likely_valid/CLM-01393_var0.png,Likely Valid
CLM-01393,train,1,sample_claims/cards/train/likely_valid/CLM-01393_var1.png,Likely Valid
CLM-00589,train,1,sample_claims/cards/train/likely_invalid/CLM-00589_var1.png,Likely Invalid
CLM-00589,train,0,sample_claims/cards/train/likely_invalid/CLM-00589_var0.png,Likely Invalid
CLM-01344,train,0,sample_claims/cards/train/likely_valid/CLM-01344_var0.png,Likely Valid
CLM-02221,train,1,sample_claims/cards/train/likely_valid/CLM-02221_var1.png,Likely Valid
CLM-00816,train,0,sample_claims/cards/train/likely_invalid/CLM-00816_var0.png,Likely Invalid
CLM-01344,train,1,sample_claims/cards/train/likely_valid/CLM-01344_var1.png,Likely Valid
CLM-02221,train,0,sample_claims/cards/train/likely_valid/CLM-02221_var0.png,Likely Valid
CLM-00816,train,1,sample_claims/cards/train/likely_invalid/CLM-00816_var1.png,Likely Invalid
CLM-00983,train,1,sample_claims/cards/train/likely_valid/CLM-00983_var1.png,Likely Valid
CLM-00983,train,0,sample_claims/cards/train/likely_valid/CLM-00983_var0.png,Likely Valid
CLM-02397,train,1,sample_claims/cards/train/likely_invalid/CLM-02397_var1.png,Likely Invalid
CLM-02397,train,0,sample_claims/cards/train/likely_invalid/CLM-02397_var0.png,Likely Invalid
CLM-01173,train,0,sample_claims/cards/train/likely_valid/CLM-01173_var0.png,Likely Valid
CLM-01173,train,1,sample_claims/cards/train/likely_valid/CLM-01173_var1.png,Likely Valid
CLM-00129,train,0,sample_claims/cards/train/manual_review/CLM-00129_var0.png,Manual Review Required
CLM-00563,train,0,sample_claims/cards/train/likely_valid/CLM-00563_var0.png,Likely Valid
CLM-00129,train,1,sample_claims/cards/train/manual_review/CLM-00129_var1.png,Manual Review Required
CLM-00563,train,1,sample_claims/cards/train/likely_valid/CLM-00563_var1.png,Likely Valid
CLM-00844,train,0,sample_claims/cards/train/likely_valid/CLM-00844_var0.png,Likely Valid
CLM-00844,train,1,sample_claims/cards/train/likely_valid/CLM-00844_var1.png,Likely Valid
CLM-01071,train,0,sample_claims/cards/train/manual_review/CLM-01071_var0.png,Manual Review Required
CLM-00441,train,0,sample_claims/cards/train/manual_review/CLM-00441_var0.png,Manual Review Required
CLM-00441,train,1,sample_claims/cards/train/manual_review/CLM-00441_var1.png,Manual Review Required
CLM-01071,train,1,sample_claims/cards/train/manual_review/CLM-01071_var1.png,Manual Review Required
CLM-00363,train,0,sample_claims/cards/train/likely_invalid/CLM-00363_var0.png,Likely Invalid
CLM-01717,train,1,sample_claims/cards/train/likely_valid/CLM-01717_var1.png,Likely Valid
CLM-01717,train,0,sample_claims/cards/train/likely_valid/CLM-01717_var0.png,Likely Valid
CLM-00363,train,1,sample_claims/cards/train/likely_invalid/CLM-00363_var1.png,Likely Invalid
CLM-01772,train,1,sample_claims/cards/train/likely_invalid/CLM-01772_var1.png,Likely Invalid
CLM-00547,train,0,sample_claims/cards/train/likely_valid/CLM-00547_var0.png,Likely Valid
CLM-01772,train,0,sample_claims/cards/train/likely_invalid/CLM-01772_var0.png,Likely Invalid
CLM-00547,train,1,sample_claims/cards/train/likely_valid/CLM-00547_var1.png,Likely Valid
CLM-02412,train,1,sample_claims/cards/train/likely_invalid/CLM-02412_var1.png,Likely Invalid
CLM-02412,train,0,sample_claims/cards/train/likely_invalid/CLM-02412_var0.png,Likely Invalid
CLM-02082,train,0,sample_claims/cards/train/likely_valid/CLM-02082_var0.png,Likely Valid
CLM-02082,train,1,sample_claims/cards/train/likely_valid/CLM-02082_var1.png,Likely Valid
CLM-00897,train,1,sample_claims/cards/train/likely_valid/CLM-00897_var1.png,Likely Valid
CLM-00897,train,0,sample_claims/cards/train/likely_valid/CLM-00897_var0.png,Likely Valid
CLM-01033,train,0,sample_claims/cards/train/likely_valid/CLM-01033_var0.png,Likely Valid
CLM-01521,train,0,sample_claims/cards/train/likely_valid/CLM-01521_var0.png,Likely Valid
CLM-01521,train,1,sample_claims/cards/train/likely_valid/CLM-01521_var1.png,Likely Valid
CLM-01033,train,1,sample_claims/cards/train/likely_valid/CLM-01033_var1.png,Likely Valid
CLM-00680,train,0,sample_claims/cards/train/manual_review/CLM-00680_var0.png,Manual Review Required
CLM-01165,train,0,sample_claims/cards/train/likely_invalid/CLM-01165_var0.png,Likely Invalid
CLM-00680,train,1,sample_claims/cards/train/manual_review/CLM-00680_var1.png,Manual Review Required
CLM-01165,train,1,sample_claims/cards/train/likely_invalid/CLM-01165_var1.png,Likely Invalid
CLM-00671,train,0,sample_claims/cards/train/likely_valid/CLM-00671_var0.png,Likely Valid
CLM-00671,train,1,sample_claims/cards/train/likely_valid/CLM-00671_var1.png,Likely Valid
CLM-01518,train,0,sample_claims/cards/train/likely_invalid/CLM-01518_var0.png,Likely Invalid
CLM-01518,train,1,sample_claims/cards/train/likely_invalid/CLM-01518_var1.png,Likely Invalid
CLM-01497,train,0,sample_claims/cards/train/likely_invalid/CLM-01497_var0.png,Likely Invalid
CLM-00422,train,0,sample_claims/cards/train/likely_valid/CLM-00422_var0.png,Likely Valid
CLM-01497,train,1,sample_claims/cards/train/likely_invalid/CLM-01497_var1.png,Likely Invalid
CLM-02282,train,0,sample_claims/cards/train/manual_review/CLM-02282_var0.png,Manual Review Required
CLM-00422,train,1,sample_claims/cards/train/likely_valid/CLM-00422_var1.png,Likely Valid
CLM-02282,train,1,sample_claims/cards/train/manual_review/CLM-02282_var1.png,Manual Review Required
CLM-00994,train,0,sample_claims/cards/train/likely_valid/CLM-00994_var0.png,Likely Valid
CLM-00994,train,1,sample_claims/cards/train/likely_valid/CLM-00994_var1.png,Likely Valid
CLM-02499,train,0,sample_claims/cards/train/manual_review/CLM-02499_var0.png,Manual Review Required
CLM-02499,train,1,sample_claims/cards/train/manual_review/CLM-02499_var1.png,Manual Review Required
CLM-02106,train,0,sample_claims/cards/train/likely_invalid/CLM-02106_var0.png,Likely Invalid
CLM-01417,train,0,sample_claims/cards/train/likely_invalid/CLM-01417_var0.png,Likely Invalid
CLM-01417,train,1,sample_claims/cards/train/likely_invalid/CLM-01417_var1.png,Likely Invalid
CLM-02106,train,1,sample_claims/cards/train/likely_invalid/CLM-02106_var1.png,Likely Invalid
CLM-01131,train,0,sample_claims/cards/train/likely_valid/CLM-01131_var0.png,Likely Valid
CLM-01131,train,1,sample_claims/cards/train/likely_valid/CLM-01131_var1.png,Likely Valid
CLM-01684,train,0,sample_claims/cards/train/likely_valid/CLM-01684_var0.png,Likely Valid
CLM-01684,train,1,sample_claims/cards/train/likely_valid/CLM-01684_var1.png,Likely Valid
CLM-02044,train,0,sample_claims/cards/train/likely_valid/CLM-02044_var0.png,Likely Valid
CLM-01256,train,0,sample_claims/cards/train/likely_valid/CLM-01256_var0.png,Likely Valid
CLM-02044,train,1,sample_claims/cards/train/likely_valid/CLM-02044_var1.png,Likely Valid
CLM-01256,train,1,sample_claims/cards/train/likely_valid/CLM-01256_var1.png,Likely Valid
CLM-00849,train,0,sample_claims/cards/train/manual_review/CLM-00849_var0.png,Manual Review Required
CLM-00849,train,1,sample_claims/cards/train/manual_review/CLM-00849_var1.png,Manual Review Required
CLM-00235,train,0,sample_claims/cards/train/likely_invalid/CLM-00235_var0.png,Likely Invalid
CLM-00235,train,1,sample_claims/cards/train/likely_invalid/CLM-00235_var1.png,Likely Invalid
CLM-00198,train,0,sample_claims/cards/train/likely_invalid/CLM-00198_var0.png,Likely Invalid
CLM-00198,train,1,sample_claims/cards/train/likely_invalid/CLM-00198_var1.png,Likely Invalid
CLM-01964,train,0,sample_claims/cards/train/likely_invalid/CLM-01964_var0.png,Likely Invalid
CLM-01964,train,1,sample_claims/cards/train/likely_invalid/CLM-01964_var1.png,Likely Invalid
CLM-00377,train,0,sample_claims/cards/train/likely_invalid/CLM-00377_var0.png,Likely Invalid
CLM-00377,train,1,sample_claims/cards/train/likely_invalid/CLM-00377_var1.png,Likely Invalid
CLM-00538,train,1,sample_claims/cards/train/likely_valid/CLM-00538_var1.png,Likely Valid
CLM-00538,train,0,sample_claims/cards/train/likely_valid/CLM-00538_var0.png,Likely Valid
CLM-00601,train,0,sample_claims/cards/train/likely_valid/CLM-00601_var0.png,Likely Valid
CLM-01034,train,0,sample_claims/cards/train/likely_invalid/CLM-01034_var0.png,Likely Invalid
CLM-00601,train,1,sample_claims/cards/train/likely_valid/CLM-00601_var1.png,Likely Valid
CLM-01034,train,1,sample_claims/cards/train/likely_invalid/CLM-01034_var1.png,Likely Invalid
CLM-02146,train,0,sample_claims/cards/train/likely_valid/CLM-02146_var0.png,Likely Valid
CLM-01979,train,0,sample_claims/cards/train/likely_valid/CLM-01979_var0.png,Likely Valid
CLM-02146,train,1,sample_claims/cards/train/likely_valid/CLM-02146_var1.png,Likely Valid
CLM-01979,train,1,sample_claims/cards/train/likely_valid/CLM-01979_var1.png,Likely Valid
CLM-00528,train,0,sample_claims/cards/train/likely_invalid/CLM-00528_var0.png,Likely Invalid
CLM-00827,train,0,sample_claims/cards/train/likely_valid/CLM-00827_var0.png,Likely Valid
CLM-00528,train,1,sample_claims/cards/train/likely_invalid/CLM-00528_var1.png,Likely Invalid
CLM-00827,train,1,sample_claims/cards/train/likely_valid/CLM-00827_var1.png,Likely Valid
CLM-02031,train,0,sample_claims/cards/train/likely_valid/CLM-02031_var0.png,Likely Valid
CLM-01739,train,1,sample_claims/cards/train/likely_valid/CLM-01739_var1.png,Likely Valid
CLM-01739,train,0,sample_claims/cards/train/likely_valid/CLM-01739_var0.png,Likely Valid
CLM-02031,train,1,sample_claims/cards/train/likely_valid/CLM-02031_var1.png,Likely Valid
CLM-02223,train,0,sample_claims/cards/train/likely_invalid/CLM-02223_var0.png,Likely Invalid
CLM-00474,train,0,sample_claims/cards/train/manual_review/CLM-00474_var0.png,Manual Review Required
CLM-02223,train,1,sample_claims/cards/train/likely_invalid/CLM-02223_var1.png,Likely Invalid
CLM-00474,train,1,sample_claims/cards/train/manual_review/CLM-00474_var1.png,Manual Review Required
CLM-02277,train,1,sample_claims/cards/train/likely_invalid/CLM-02277_var1.png,Likely Invalid
CLM-02277,train,0,sample_claims/cards/train/likely_invalid/CLM-02277_var0.png,Likely Invalid
CLM-00205,train,0,sample_claims/cards/train/likely_invalid/CLM-00205_var0.png,Likely Invalid
CLM-00205,train,1,sample_claims/cards/train/likely_invalid/CLM-00205_var1.png,Likely Invalid
CLM-00549,train,1,sample_claims/cards/train/likely_valid/CLM-00549_var1.png,Likely Valid
CLM-00549,train,0,sample_claims/cards/train/likely_valid/CLM-00549_var0.png,Likely Valid
CLM-02271,train,0,sample_claims/cards/train/likely_valid/CLM-02271_var0.png,Likely Valid
CLM-02271,train,1,sample_claims/cards/train/likely_valid/CLM-02271_var1.png,Likely Valid
CLM-01456,train,0,sample_claims/cards/train/likely_invalid/CLM-01456_var0.png,Likely Invalid
CLM-01456,train,1,sample_claims/cards/train/likely_invalid/CLM-01456_var1.png,Likely Invalid
CLM-02066,train,1,sample_claims/cards/train/likely_valid/CLM-02066_var1.png,Likely Valid
CLM-02066,train,0,sample_claims/cards/train/likely_valid/CLM-02066_var0.png,Likely Valid
CLM-01224,train,0,sample_claims/cards/train/likely_valid/CLM-01224_var0.png,Likely Valid
CLM-01635,train,0,sample_claims/cards/train/manual_review/CLM-01635_var0.png,Manual Review Required
CLM-01224,train,1,sample_claims/cards/train/likely_valid/CLM-01224_var1.png,Likely Valid
CLM-01635,train,1,sample_claims/cards/train/manual_review/CLM-01635_var1.png,Manual Review Required
CLM-00759,train,0,sample_claims/cards/train/likely_invalid/CLM-00759_var0.png,Likely Invalid
CLM-00759,train,1,sample_claims/cards/train/likely_invalid/CLM-00759_var1.png,Likely Invalid
CLM-01289,train,0,sample_claims/cards/train/likely_invalid/CLM-01289_var0.png,Likely Invalid
CLM-02444,train,0,sample_claims/cards/train/likely_valid/CLM-02444_var0.png,Likely Valid
CLM-01289,train,1,sample_claims/cards/train/likely_invalid/CLM-01289_var1.png,Likely Invalid
CLM-00876,train,0,sample_claims/cards/train/likely_valid/CLM-00876_var0.png,Likely Valid
CLM-02444,train,1,sample_claims/cards/train/likely_valid/CLM-02444_var1.png,Likely Valid
CLM-00876,train,1,sample_claims/cards/train/likely_valid/CLM-00876_var1.png,Likely Valid
CLM-00770,train,0,sample_claims/cards/train/manual_review/CLM-00770_var0.png,Manual Review Required
CLM-00770,train,1,sample_claims/cards/train/manual_review/CLM-00770_var1.png,Manual Review Required
CLM-00862,train,0,sample_claims/cards/train/likely_invalid/CLM-00862_var0.png,Likely Invalid
CLM-01562,train,1,sample_claims/cards/train/likely_invalid/CLM-01562_var1.png,Likely Invalid
CLM-00862,train,1,sample_claims/cards/train/likely_invalid/CLM-00862_var1.png,Likely Invalid
CLM-01562,train,0,sample_claims/cards/train/likely_invalid/CLM-01562_var0.png,Likely Invalid
CLM-00126,train,0,sample_claims/cards/train/likely_invalid/CLM-00126_var0.png,Likely Invalid
CLM-00518,train,0,sample_claims/cards/train/likely_invalid/CLM-00518_var0.png,Likely Invalid
CLM-00126,train,1,sample_claims/cards/train/likely_invalid/CLM-00126_var1.png,Likely Invalid
CLM-00070,train,0,sample_claims/cards/train/likely_invalid/CLM-00070_var0.png,Likely Invalid
CLM-00518,train,1,sample_claims/cards/train/likely_invalid/CLM-00518_var1.png,Likely Invalid
CLM-01812,train,0,sample_claims/cards/train/likely_valid/CLM-01812_var0.png,Likely Valid
CLM-00070,train,1,sample_claims/cards/train/likely_invalid/CLM-00070_var1.png,Likely Invalid
CLM-02463,train,0,sample_claims/cards/train/likely_invalid/CLM-02463_var0.png,Likely Invalid
CLM-01812,train,1,sample_claims/cards/train/likely_valid/CLM-01812_var1.png,Likely Valid
CLM-00029,train,0,sample_claims/cards/train/likely_valid/CLM-00029_var0.png,Likely Valid
CLM-02463,train,1,sample_claims/cards/train/likely_invalid/CLM-02463_var1.png,Likely Invalid
CLM-00029,train,1,sample_claims/cards/train/likely_valid/CLM-00029_var1.png,Likely Valid
CLM-00625,train,0,sample_claims/cards/train/likely_valid/CLM-00625_var0.png,Likely Valid
CLM-00010,train,0,sample_claims/cards/train/likely_valid/CLM-00010_var0.png,Likely Valid
CLM-00625,train,1,sample_claims/cards/train/likely_valid/CLM-00625_var1.png,Likely Valid
CLM-00010,train,1,sample_claims/cards/train/likely_valid/CLM-00010_var1.png,Likely Valid
CLM-02245,train,0,sample_claims/cards/train/manual_review/CLM-02245_var0.png,Manual Review Required
CLM-02245,train,1,sample_claims/cards/train/manual_review/CLM-02245_var1.png,Manual Review Required
CLM-00760,train,0,sample_claims/cards/train/likely_valid/CLM-00760_var0.png,Likely Valid
CLM-00760,train,1,sample_claims/cards/train/likely_valid/CLM-00760_var1.png,Likely Valid
CLM-02213,train,0,sample_claims/cards/train/likely_invalid/CLM-02213_var0.png,Likely Invalid
CLM-01316,train,1,sample_claims/cards/train/likely_valid/CLM-01316_var1.png,Likely Valid
CLM-01316,train,0,sample_claims/cards/train/likely_valid/CLM-01316_var0.png,Likely Valid
CLM-02213,train,1,sample_claims/cards/train/likely_invalid/CLM-02213_var1.png,Likely Invalid
CLM-01218,train,0,sample_claims/cards/train/likely_invalid/CLM-01218_var0.png,Likely Invalid
CLM-01218,train,1,sample_claims/cards/train/likely_invalid/CLM-01218_var1.png,Likely Invalid
CLM-01794,train,0,sample_claims/cards/train/manual_review/CLM-01794_var0.png,Manual Review Required
CLM-01794,train,1,sample_claims/cards/train/manual_review/CLM-01794_var1.png,Manual Review Required
CLM-02161,train,0,sample_claims/cards/train/likely_valid/CLM-02161_var0.png,Likely Valid
CLM-02161,train,1,sample_claims/cards/train/likely_valid/CLM-02161_var1.png,Likely Valid
CLM-02278,train,0,sample_claims/cards/train/likely_invalid/CLM-02278_var0.png,Likely Invalid
CLM-02278,train,1,sample_claims/cards/train/likely_invalid/CLM-02278_var1.png,Likely Invalid
CLM-01498,train,0,sample_claims/cards/train/likely_valid/CLM-01498_var0.png,Likely Valid
CLM-01498,train,1,sample_claims/cards/train/likely_valid/CLM-01498_var1.png,Likely Valid
CLM-02355,train,1,sample_claims/cards/train/likely_invalid/CLM-02355_var1.png,Likely Invalid
CLM-02355,train,0,sample_claims/cards/train/likely_invalid/CLM-02355_var0.png,Likely Invalid
CLM-01053,train,0,sample_claims/cards/train/manual_review/CLM-01053_var0.png,Manual Review Required
CLM-01053,train,1,sample_claims/cards/train/manual_review/CLM-01053_var1.png,Manual Review Required
CLM-00963,train,0,sample_claims/cards/train/likely_invalid/CLM-00963_var0.png,Likely Invalid
CLM-00963,train,1,sample_claims/cards/train/likely_invalid/CLM-00963_var1.png,Likely Invalid
CLM-02038,train,0,sample_claims/cards/train/likely_valid/CLM-02038_var0.png,Likely Valid
CLM-00767,train,0,sample_claims/cards/train/likely_invalid/CLM-00767_var0.png,Likely Invalid
CLM-00767,train,1,sample_claims/cards/train/likely_invalid/CLM-00767_var1.png,Likely Invalid
CLM-02038,train,1,sample_claims/cards/train/likely_valid/CLM-02038_var1.png,Likely Valid
CLM-02399,train,1,sample_claims/cards/train/likely_valid/CLM-02399_var1.png,Likely Valid
CLM-02399,train,0,sample_claims/cards/train/likely_valid/CLM-02399_var0.png,Likely Valid
CLM-01533,train,0,sample_claims/cards/train/likely_valid/CLM-01533_var0.png,Likely Valid
CLM-01533,train,1,sample_claims/cards/train/likely_valid/CLM-01533_var1.png,Likely Valid
CLM-02180,train,0,sample_claims/cards/train/likely_valid/CLM-02180_var0.png,Likely Valid
CLM-01425,train,1,sample_claims/cards/train/likely_invalid/CLM-01425_var1.png,Likely Invalid
CLM-02180,train,1,sample_claims/cards/train/likely_valid/CLM-02180_var1.png,Likely Valid
CLM-01425,train,0,sample_claims/cards/train/likely_invalid/CLM-01425_var0.png,Likely Invalid
CLM-02068,train,0,sample_claims/cards/train/manual_review/CLM-02068_var0.png,Manual Review Required
CLM-02068,train,1,sample_claims/cards/train/manual_review/CLM-02068_var1.png,Manual Review Required
CLM-00426,train,1,sample_claims/cards/train/manual_review/CLM-00426_var1.png,Manual Review Required
CLM-00426,train,0,sample_claims/cards/train/manual_review/CLM-00426_var0.png,Manual Review Required
CLM-01474,train,0,sample_claims/cards/train/manual_review/CLM-01474_var0.png,Manual Review Required
CLM-01474,train,1,sample_claims/cards/train/manual_review/CLM-01474_var1.png,Manual Review Required
CLM-00408,train,0,sample_claims/cards/train/likely_invalid/CLM-00408_var0.png,Likely Invalid
CLM-00408,train,1,sample_claims/cards/train/likely_invalid/CLM-00408_var1.png,Likely Invalid
CLM-00368,train,0,sample_claims/cards/train/manual_review/CLM-00368_var0.png,Manual Review Required
CLM-00368,train,1,sample_claims/cards/train/manual_review/CLM-00368_var1.png,Manual Review Required
CLM-02257,train,0,sample_claims/cards/train/likely_valid/CLM-02257_var0.png,Likely Valid
CLM-02257,train,1,sample_claims/cards/train/likely_valid/CLM-02257_var1.png,Likely Valid
CLM-01253,train,0,sample_claims/cards/train/likely_invalid/CLM-01253_var0.png,Likely Invalid
CLM-01253,train,1,sample_claims/cards/train/likely_invalid/CLM-01253_var1.png,Likely Invalid
CLM-00428,train,1,sample_claims/cards/train/likely_valid/CLM-00428_var1.png,Likely Valid
CLM-00428,train,0,sample_claims/cards/train/likely_valid/CLM-00428_var0.png,Likely Valid
CLM-02470,train,0,sample_claims/cards/train/likely_invalid/CLM-02470_var0.png,Likely Invalid
CLM-02470,train,1,sample_claims/cards/train/likely_invalid/CLM-02470_var1.png,Likely Invalid
CLM-00385,train,0,sample_claims/cards/train/likely_invalid/CLM-00385_var0.png,Likely Invalid
CLM-00385,train,1,sample_claims/cards/train/likely_invalid/CLM-00385_var1.png,Likely Invalid
CLM-01330,train,0,sample_claims/cards/train/likely_valid/CLM-01330_var0.png,Likely Valid
CLM-01330,train,1,sample_claims/cards/train/likely_valid/CLM-01330_var1.png,Likely Valid
CLM-01965,train,0,sample_claims/cards/train/likely_valid/CLM-01965_var0.png,Likely Valid
CLM-01965,train,1,sample_claims/cards/train/likely_valid/CLM-01965_var1.png,Likely Valid
CLM-00517,train,0,sample_claims/cards/train/likely_invalid/CLM-00517_var0.png,Likely Invalid
CLM-01413,train,0,sample_claims/cards/train/likely_valid/CLM-01413_var0.png,Likely Valid
CLM-00517,train,1,sample_claims/cards/train/likely_invalid/CLM-00517_var1.png,Likely Invalid
CLM-01413,train,1,sample_claims/cards/train/likely_valid/CLM-01413_var1.png,Likely Valid
CLM-01099,train,1,sample_claims/cards/train/likely_invalid/CLM-01099_var1.png,Likely Invalid
CLM-01099,train,0,sample_claims/cards/train/likely_invalid/CLM-01099_var0.png,Likely Invalid
CLM-02002,train,0,sample_claims/cards/train/likely_valid/CLM-02002_var0.png,Likely Valid
CLM-02002,train,1,sample_claims/cards/train/likely_valid/CLM-02002_var1.png,Likely Valid
CLM-02334,train,0,sample_claims/cards/train/likely_invalid/CLM-02334_var0.png,Likely Invalid
CLM-02427,train,0,sample_claims/cards/train/likely_invalid/CLM-02427_var0.png,Likely Invalid
CLM-02334,train,1,sample_claims/cards/train/likely_invalid/CLM-02334_var1.png,Likely Invalid
CLM-02427,train,1,sample_claims/cards/train/likely_invalid/CLM-02427_var1.png,Likely Invalid
CLM-00764,train,0,sample_claims/cards/train/likely_invalid/CLM-00764_var0.png,Likely Invalid
CLM-00764,train,1,sample_claims/cards/train/likely_invalid/CLM-00764_var1.png,Likely Invalid
CLM-01799,train,0,sample_claims/cards/train/likely_valid/CLM-01799_var0.png,Likely Valid
CLM-01799,train,1,sample_claims/cards/train/likely_valid/CLM-01799_var1.png,Likely Valid
CLM-01936,train,1,sample_claims/cards/train/likely_valid/CLM-01936_var1.png,Likely Valid
CLM-01936,train,0,sample_claims/cards/train/likely_valid/CLM-01936_var0.png,Likely Valid
CLM-00194,train,0,sample_claims/cards/train/likely_valid/CLM-00194_var0.png,Likely Valid
CLM-00194,train,1,sample_claims/cards/train/likely_valid/CLM-00194_var1.png,Likely Valid
CLM-01296,train,0,sample_claims/cards/train/likely_invalid/CLM-01296_var0.png,Likely Invalid
CLM-01296,train,1,sample_claims/cards/train/likely_invalid/CLM-01296_var1.png,Likely Invalid
CLM-01815,train,1,sample_claims/cards/train/likely_valid/CLM-01815_var1.png,Likely Valid
CLM-01815,train,0,sample_claims/cards/train/likely_valid/CLM-01815_var0.png,Likely Valid
CLM-01522,train,0,sample_claims/cards/train/likely_valid/CLM-01522_var0.png,Likely Valid
CLM-02099,train,0,sample_claims/cards/train/likely_valid/CLM-02099_var0.png,Likely Valid
CLM-01522,train,1,sample_claims/cards/train/likely_valid/CLM-01522_var1.png,Likely Valid
CLM-02099,train,1,sample_claims/cards/train/likely_valid/CLM-02099_var1.png,Likely Valid
CLM-01687,train,0,sample_claims/cards/train/likely_invalid/CLM-01687_var0.png,Likely Invalid
CLM-00683,train,0,sample_claims/cards/train/likely_valid/CLM-00683_var0.png,Likely Valid
CLM-01687,train,1,sample_claims/cards/train/likely_invalid/CLM-01687_var1.png,Likely Invalid
CLM-00683,train,1,sample_claims/cards/train/likely_valid/CLM-00683_var1.png,Likely Valid
CLM-02127,train,0,sample_claims/cards/train/manual_review/CLM-02127_var0.png,Manual Review Required
CLM-02127,train,1,sample_claims/cards/train/manual_review/CLM-02127_var1.png,Manual Review Required
CLM-01985,train,0,sample_claims/cards/train/likely_valid/CLM-01985_var0.png,Likely Valid
CLM-01985,train,1,sample_claims/cards/train/likely_valid/CLM-01985_var1.png,Likely Valid
CLM-00431,train,0,sample_claims/cards/train/manual_review/CLM-00431_var0.png,Manual Review Required
CLM-00431,train,1,sample_claims/cards/train/manual_review/CLM-00431_var1.png,Manual Review Required
CLM-01691,train,0,sample_claims/cards/train/likely_invalid/CLM-01691_var0.png,Likely Invalid
CLM-01691,train,1,sample_claims/cards/train/likely_invalid/CLM-01691_var1.png,Likely Invalid
CLM-00347,train,0,sample_claims/cards/train/likely_valid/CLM-00347_var0.png,Likely Valid
CLM-00347,train,1,sample_claims/cards/train/likely_valid/CLM-00347_var1.png,Likely Valid
CLM-01737,train,0,sample_claims/cards/train/likely_valid/CLM-01737_var0.png,Likely Valid
CLM-01737,train,1,sample_claims/cards/train/likely_valid/CLM-01737_var1.png,Likely Valid
CLM-00332,train,0,sample_claims/cards/train/likely_invalid/CLM-00332_var0.png,Likely Invalid
CLM-00332,train,1,sample_claims/cards/train/likely_invalid/CLM-00332_var1.png,Likely Invalid
CLM-00067,train,0,sample_claims/cards/train/likely_valid/CLM-00067_var0.png,Likely Valid
CLM-00067,train,1,sample_claims/cards/train/likely_valid/CLM-00067_var1.png,Likely Valid
CLM-00976,train,0,sample_claims/cards/train/likely_invalid/CLM-00976_var0.png,Likely Invalid
CLM-00976,train,1,sample_claims/cards/train/likely_invalid/CLM-00976_var1.png,Likely Invalid
CLM-02147,train,0,sample_claims/cards/train/likely_valid/CLM-02147_var0.png,Likely Valid
CLM-02147,train,1,sample_claims/cards/train/likely_valid/CLM-02147_var1.png,Likely Valid
CLM-02331,train,0,sample_claims/cards/train/likely_invalid/CLM-02331_var0.png,Likely Invalid
CLM-02331,train,1,sample_claims/cards/train/likely_invalid/CLM-02331_var1.png,Likely Invalid
CLM-00866,train,0,sample_claims/cards/train/likely_valid/CLM-00866_var0.png,Likely Valid
CLM-00866,train,1,sample_claims/cards/train/likely_valid/CLM-00866_var1.png,Likely Valid
CLM-02272,train,0,sample_claims/cards/train/manual_review/CLM-02272_var0.png,Manual Review Required
CLM-02272,train,1,sample_claims/cards/train/manual_review/CLM-02272_var1.png,Manual Review Required
CLM-00869,train,1,sample_claims/cards/train/likely_invalid/CLM-00869_var1.png,Likely Invalid
CLM-00869,train,0,sample_claims/cards/train/likely_invalid/CLM-00869_var0.png,Likely Invalid
CLM-02261,train,0,sample_claims/cards/train/manual_review/CLM-02261_var0.png,Manual Review Required
CLM-02261,train,1,sample_claims/cards/train/manual_review/CLM-02261_var1.png,Manual Review Required
CLM-01321,train,0,sample_claims/cards/train/manual_review/CLM-01321_var0.png,Manual Review Required
CLM-01321,train,1,sample_claims/cards/train/manual_review/CLM-01321_var1.png,Manual Review Required
CLM-00611,train,0,sample_claims/cards/train/likely_invalid/CLM-00611_var0.png,Likely Invalid
CLM-00611,train,1,sample_claims/cards/train/likely_invalid/CLM-00611_var1.png,Likely Invalid
CLM-01921,train,0,sample_claims/cards/train/likely_invalid/CLM-01921_var0.png,Likely Invalid
CLM-01921,train,1,sample_claims/cards/train/likely_invalid/CLM-01921_var1.png,Likely Invalid
CLM-00570,train,0,sample_claims/cards/train/likely_invalid/CLM-00570_var0.png,Likely Invalid
CLM-00570,train,1,sample_claims/cards/train/likely_invalid/CLM-00570_var1.png,Likely Invalid
CLM-00120,train,1,sample_claims/cards/train/manual_review/CLM-00120_var1.png,Manual Review Required
CLM-00120,train,0,sample_claims/cards/train/manual_review/CLM-00120_var0.png,Manual Review Required
CLM-01135,train,1,sample_claims/cards/train/likely_valid/CLM-01135_var1.png,Likely Valid
CLM-01135,train,0,sample_claims/cards/train/likely_valid/CLM-01135_var0.png,Likely Valid
CLM-01693,train,0,sample_claims/cards/train/manual_review/CLM-01693_var0.png,Manual Review Required
CLM-01693,train,1,sample_claims/cards/train/manual_review/CLM-01693_var1.png,Manual Review Required
CLM-00520,train,0,sample_claims/cards/train/likely_valid/CLM-00520_var0.png,Likely Valid
CLM-02333,train,1,sample_claims/cards/train/manual_review/CLM-02333_var1.png,Manual Review Required
CLM-00520,train,1,sample_claims/cards/train/likely_valid/CLM-00520_var1.png,Likely Valid
CLM-02333,train,0,sample_claims/cards/train/manual_review/CLM-02333_var0.png,Manual Review Required
CLM-00650,train,0,sample_claims/cards/train/likely_valid/CLM-00650_var0.png,Likely Valid
CLM-02454,train,0,sample_claims/cards/train/likely_valid/CLM-02454_var0.png,Likely Valid
CLM-02454,train,1,sample_claims/cards/train/likely_valid/CLM-02454_var1.png,Likely Valid
CLM-00650,train,1,sample_claims/cards/train/likely_valid/CLM-00650_var1.png,Likely Valid
CLM-01694,train,0,sample_claims/cards/train/likely_valid/CLM-01694_var0.png,Likely Valid
CLM-02000,train,0,sample_claims/cards/train/likely_valid/CLM-02000_var0.png,Likely Valid
CLM-01694,train,1,sample_claims/cards/train/likely_valid/CLM-01694_var1.png,Likely Valid
CLM-02000,train,1,sample_claims/cards/train/likely_valid/CLM-02000_var1.png,Likely Valid
CLM-00663,train,0,sample_claims/cards/train/manual_review/CLM-00663_var0.png,Manual Review Required
CLM-02318,train,0,sample_claims/cards/train/likely_valid/CLM-02318_var0.png,Likely Valid
CLM-00663,train,1,sample_claims/cards/train/manual_review/CLM-00663_var1.png,Manual Review Required
CLM-02318,train,1,sample_claims/cards/train/likely_valid/CLM-02318_var1.png,Likely Valid
CLM-00382,train,0,sample_claims/cards/train/likely_valid/CLM-00382_var0.png,Likely Valid
CLM-00382,train,1,sample_claims/cards/train/likely_valid/CLM-00382_var1.png,Likely Valid
CLM-00177,train,0,sample_claims/cards/train/likely_valid/CLM-00177_var0.png,Likely Valid
CLM-00305,train,0,sample_claims/cards/train/likely_invalid/CLM-00305_var0.png,Likely Invalid
CLM-00177,train,1,sample_claims/cards/train/likely_valid/CLM-00177_var1.png,Likely Valid
CLM-00305,train,1,sample_claims/cards/train/likely_invalid/CLM-00305_var1.png,Likely Invalid
CLM-02024,train,1,sample_claims/cards/train/likely_valid/CLM-02024_var1.png,Likely Valid
CLM-02024,train,0,sample_claims/cards/train/likely_valid/CLM-02024_var0.png,Likely Valid
CLM-01966,train,0,sample_claims/cards/train/likely_invalid/CLM-01966_var0.png,Likely Invalid
CLM-01966,train,1,sample_claims/cards/train/likely_invalid/CLM-01966_var1.png,Likely Invalid
CLM-00523,train,0,sample_claims/cards/train/manual_review/CLM-00523_var0.png,Manual Review Required
CLM-00523,train,1,sample_claims/cards/train/manual_review/CLM-00523_var1.png,Manual Review Required
CLM-00167,train,0,sample_claims/cards/train/likely_valid/CLM-00167_var0.png,Likely Valid
CLM-00167,train,1,sample_claims/cards/train/likely_valid/CLM-00167_var1.png,Likely Valid
CLM-02451,train,0,sample_claims/cards/train/likely_valid/CLM-02451_var0.png,Likely Valid
CLM-01842,train,0,sample_claims/cards/train/likely_invalid/CLM-01842_var0.png,Likely Invalid
CLM-02451,train,1,sample_claims/cards/train/likely_valid/CLM-02451_var1.png,Likely Valid
CLM-01842,train,1,sample_claims/cards/train/likely_invalid/CLM-01842_var1.png,Likely Invalid
CLM-01372,train,0,sample_claims/cards/train/likely_valid/CLM-01372_var0.png,Likely Valid
CLM-00954,train,0,sample_claims/cards/train/likely_valid/CLM-00954_var0.png,Likely Valid
CLM-01372,train,1,sample_claims/cards/train/likely_valid/CLM-01372_var1.png,Likely Valid
CLM-00954,train,1,sample_claims/cards/train/likely_valid/CLM-00954_var1.png,Likely Valid
CLM-00157,train,1,sample_claims/cards/train/likely_invalid/CLM-00157_var1.png,Likely Invalid
CLM-01360,train,0,sample_claims/cards/train/manual_review/CLM-01360_var0.png,Manual Review Required
CLM-00157,train,0,sample_claims/cards/train/likely_invalid/CLM-00157_var0.png,Likely Invalid
CLM-01360,train,1,sample_claims/cards/train/manual_review/CLM-01360_var1.png,Manual Review Required
CLM-00454,train,0,sample_claims/cards/train/manual_review/CLM-00454_var0.png,Manual Review Required
CLM-00454,train,1,sample_claims/cards/train/manual_review/CLM-00454_var1.png,Manual Review Required
CLM-01067,train,0,sample_claims/cards/train/likely_valid/CLM-01067_var0.png,Likely Valid
CLM-01067,train,1,sample_claims/cards/train/likely_valid/CLM-01067_var1.png,Likely Valid
CLM-02240,train,0,sample_claims/cards/train/likely_valid/CLM-02240_var0.png,Likely Valid
CLM-02240,train,1,sample_claims/cards/train/likely_valid/CLM-02240_var1.png,Likely Valid
CLM-00328,train,0,sample_claims/cards/train/manual_review/CLM-00328_var0.png,Manual Review Required
CLM-00328,train,1,sample_claims/cards/train/manual_review/CLM-00328_var1.png,Manual Review Required
CLM-01257,train,1,sample_claims/cards/train/likely_valid/CLM-01257_var1.png,Likely Valid
CLM-00149,train,0,sample_claims/cards/train/likely_valid/CLM-00149_var0.png,Likely Valid
CLM-01257,train,0,sample_claims/cards/train/likely_valid/CLM-01257_var0.png,Likely Valid
CLM-00093,train,0,sample_claims/cards/train/likely_valid/CLM-00093_var0.png,Likely Valid
CLM-00149,train,1,sample_claims/cards/train/likely_valid/CLM-00149_var1.png,Likely Valid
CLM-00093,train,1,sample_claims/cards/train/likely_valid/CLM-00093_var1.png,Likely Valid
CLM-02252,train,0,sample_claims/cards/train/likely_valid/CLM-02252_var0.png,Likely Valid
CLM-02252,train,1,sample_claims/cards/train/likely_valid/CLM-02252_var1.png,Likely Valid
CLM-01525,train,0,sample_claims/cards/train/manual_review/CLM-01525_var0.png,Manual Review Required
CLM-01525,train,1,sample_claims/cards/train/manual_review/CLM-01525_var1.png,Manual Review Required
CLM-01590,train,0,sample_claims/cards/train/likely_valid/CLM-01590_var0.png,Likely Valid
CLM-01590,train,1,sample_claims/cards/train/likely_valid/CLM-01590_var1.png,Likely Valid
CLM-00626,train,1,sample_claims/cards/train/likely_valid/CLM-00626_var1.png,Likely Valid
CLM-00626,train,0,sample_claims/cards/train/likely_valid/CLM-00626_var0.png,Likely Valid
CLM-00480,train,0,sample_claims/cards/train/manual_review/CLM-00480_var0.png,Manual Review Required
CLM-00480,train,1,sample_claims/cards/train/manual_review/CLM-00480_var1.png,Manual Review Required
CLM-00413,train,0,sample_claims/cards/train/likely_invalid/CLM-00413_var0.png,Likely Invalid
CLM-00413,train,1,sample_claims/cards/train/likely_invalid/CLM-00413_var1.png,Likely Invalid
CLM-01891,train,0,sample_claims/cards/train/likely_valid/CLM-01891_var0.png,Likely Valid
CLM-01891,train,1,sample_claims/cards/train/likely_valid/CLM-01891_var1.png,Likely Valid
CLM-00132,train,1,sample_claims/cards/train/likely_invalid/CLM-00132_var1.png,Likely Invalid
CLM-00132,train,0,sample_claims/cards/train/likely_invalid/CLM-00132_var0.png,Likely Invalid
CLM-02224,train,0,sample_claims/cards/train/likely_valid/CLM-02224_var0.png,Likely Valid
CLM-01874,train,0,sample_claims/cards/train/likely_valid/CLM-01874_var0.png,Likely Valid
CLM-01874,train,1,sample_claims/cards/train/likely_valid/CLM-01874_var1.png,Likely Valid
CLM-02224,train,1,sample_claims/cards/train/likely_valid/CLM-02224_var1.png,Likely Valid
CLM-00797,train,0,sample_claims/cards/train/likely_valid/CLM-00797_var0.png,Likely Valid
CLM-00254,train,0,sample_claims/cards/train/manual_review/CLM-00254_var0.png,Manual Review Required
CLM-00797,train,1,sample_claims/cards/train/likely_valid/CLM-00797_var1.png,Likely Valid
CLM-00254,train,1,sample_claims/cards/train/manual_review/CLM-00254_var1.png,Manual Review Required
CLM-02413,train,0,sample_claims/cards/train/likely_invalid/CLM-02413_var0.png,Likely Invalid
CLM-02413,train,1,sample_claims/cards/train/likely_invalid/CLM-02413_var1.png,Likely Invalid
CLM-00494,train,0,sample_claims/cards/train/manual_review/CLM-00494_var0.png,Manual Review Required
CLM-00494,train,1,sample_claims/cards/train/manual_review/CLM-00494_var1.png,Manual Review Required
CLM-01649,train,0,sample_claims/cards/train/likely_valid/CLM-01649_var0.png,Likely Valid
CLM-01649,train,1,sample_claims/cards/train/likely_valid/CLM-01649_var1.png,Likely Valid
CLM-00340,train,0,sample_claims/cards/train/likely_valid/CLM-00340_var0.png,Likely Valid
CLM-00340,train,1,sample_claims/cards/train/likely_valid/CLM-00340_var1.png,Likely Valid
CLM-01769,train,0,sample_claims/cards/train/likely_invalid/CLM-01769_var0.png,Likely Invalid
CLM-00416,train,0,sample_claims/cards/train/manual_review/CLM-00416_var0.png,Manual Review Required
CLM-01769,train,1,sample_claims/cards/train/likely_invalid/CLM-01769_var1.png,Likely Invalid
CLM-00416,train,1,sample_claims/cards/train/manual_review/CLM-00416_var1.png,Manual Review Required
CLM-00594,train,0,sample_claims/cards/train/likely_valid/CLM-00594_var0.png,Likely Valid
CLM-00594,train,1,sample_claims/cards/train/likely_valid/CLM-00594_var1.png,Likely Valid
CLM-01203,train,0,sample_claims/cards/train/likely_valid/CLM-01203_var0.png,Likely Valid
CLM-01203,train,1,sample_claims/cards/train/likely_valid/CLM-01203_var1.png,Likely Valid
CLM-01854,train,0,sample_claims/cards/train/likely_valid/CLM-01854_var0.png,Likely Valid
CLM-01854,train,1,sample_claims/cards/train/likely_valid/CLM-01854_var1.png,Likely Valid
CLM-01897,train,0,sample_claims/cards/train/likely_valid/CLM-01897_var0.png,Likely Valid
CLM-01897,train,1,sample_claims/cards/train/likely_valid/CLM-01897_var1.png,Likely Valid
CLM-01279,train,1,sample_claims/cards/train/likely_valid/CLM-01279_var1.png,Likely Valid
CLM-00860,train,0,sample_claims/cards/train/likely_valid/CLM-00860_var0.png,Likely Valid
CLM-01279,train,0,sample_claims/cards/train/likely_valid/CLM-01279_var0.png,Likely Valid
CLM-00860,train,1,sample_claims/cards/train/likely_valid/CLM-00860_var1.png,Likely Valid
CLM-00531,train,0,sample_claims/cards/train/likely_valid/CLM-00531_var0.png,Likely Valid
CLM-00117,train,0,sample_claims/cards/train/likely_invalid/CLM-00117_var0.png,Likely Invalid
CLM-00531,train,1,sample_claims/cards/train/likely_valid/CLM-00531_var1.png,Likely Valid
CLM-00117,train,1,sample_claims/cards/train/likely_invalid/CLM-00117_var1.png,Likely Invalid
CLM-01005,train,0,sample_claims/cards/train/likely_valid/CLM-01005_var0.png,Likely Valid
CLM-00356,train,0,sample_claims/cards/train/likely_valid/CLM-00356_var0.png,Likely Valid
CLM-00356,train,1,sample_claims/cards/train/likely_valid/CLM-00356_var1.png,Likely Valid
CLM-01005,train,1,sample_claims/cards/train/likely_valid/CLM-01005_var1.png,Likely Valid
CLM-02178,train,0,sample_claims/cards/train/likely_valid/CLM-02178_var0.png,Likely Valid
CLM-01894,train,1,sample_claims/cards/train/likely_invalid/CLM-01894_var1.png,Likely Invalid
CLM-01894,train,0,sample_claims/cards/train/likely_invalid/CLM-01894_var0.png,Likely Invalid
CLM-02178,train,1,sample_claims/cards/train/likely_valid/CLM-02178_var1.png,Likely Valid
CLM-02302,train,0,sample_claims/cards/train/manual_review/CLM-02302_var0.png,Manual Review Required
CLM-01373,train,0,sample_claims/cards/train/likely_invalid/CLM-01373_var0.png,Likely Invalid
CLM-01373,train,1,sample_claims/cards/train/likely_invalid/CLM-01373_var1.png,Likely Invalid
CLM-02302,train,1,sample_claims/cards/train/manual_review/CLM-02302_var1.png,Manual Review Required
CLM-02225,train,0,sample_claims/cards/train/likely_valid/CLM-02225_var0.png,Likely Valid
CLM-02225,train,1,sample_claims/cards/train/likely_valid/CLM-02225_var1.png,Likely Valid
CLM-00325,train,0,sample_claims/cards/train/likely_valid/CLM-00325_var0.png,Likely Valid
CLM-00325,train,1,sample_claims/cards/train/likely_valid/CLM-00325_var1.png,Likely Valid
CLM-02489,train,0,sample_claims/cards/train/likely_invalid/CLM-02489_var0.png,Likely Invalid
CLM-02019,train,0,sample_claims/cards/train/manual_review/CLM-02019_var0.png,Manual Review Required
CLM-02489,train,1,sample_claims/cards/train/likely_invalid/CLM-02489_var1.png,Likely Invalid
CLM-02008,train,0,sample_claims/cards/train/likely_invalid/CLM-02008_var0.png,Likely Invalid
CLM-02019,train,1,sample_claims/cards/train/manual_review/CLM-02019_var1.png,Manual Review Required
CLM-02008,train,1,sample_claims/cards/train/likely_invalid/CLM-02008_var1.png,Likely Invalid
CLM-00507,train,0,sample_claims/cards/train/likely_valid/CLM-00507_var0.png,Likely Valid
CLM-00507,train,1,sample_claims/cards/train/likely_valid/CLM-00507_var1.png,Likely Valid
CLM-01293,train,1,sample_claims/cards/train/likely_invalid/CLM-01293_var1.png,Likely Invalid
CLM-01510,train,0,sample_claims/cards/train/likely_valid/CLM-01510_var0.png,Likely Valid
CLM-01293,train,0,sample_claims/cards/train/likely_invalid/CLM-01293_var0.png,Likely Invalid
CLM-01510,train,1,sample_claims/cards/train/likely_valid/CLM-01510_var1.png,Likely Valid
CLM-00934,train,0,sample_claims/cards/train/likely_valid/CLM-00934_var0.png,Likely Valid
CLM-00934,train,1,sample_claims/cards/train/likely_valid/CLM-00934_var1.png,Likely Valid
CLM-00928,train,0,sample_claims/cards/train/likely_invalid/CLM-00928_var0.png,Likely Invalid
CLM-01019,train,0,sample_claims/cards/train/likely_valid/CLM-01019_var0.png,Likely Valid
CLM-00928,train,1,sample_claims/cards/train/likely_invalid/CLM-00928_var1.png,Likely Invalid
CLM-01019,train,1,sample_claims/cards/train/likely_valid/CLM-01019_var1.png,Likely Valid
CLM-01496,train,1,sample_claims/cards/train/likely_valid/CLM-01496_var1.png,Likely Valid
CLM-01496,train,0,sample_claims/cards/train/likely_valid/CLM-01496_var0.png,Likely Valid
CLM-00756,train,0,sample_claims/cards/train/likely_valid/CLM-00756_var0.png,Likely Valid
CLM-00053,train,0,sample_claims/cards/train/likely_invalid/CLM-00053_var0.png,Likely Invalid
CLM-00756,train,1,sample_claims/cards/train/likely_valid/CLM-00756_var1.png,Likely Valid
CLM-00053,train,1,sample_claims/cards/train/likely_invalid/CLM-00053_var1.png,Likely Invalid
CLM-01317,train,0,sample_claims/cards/train/likely_valid/CLM-01317_var0.png,Likely Valid
CLM-00714,train,0,sample_claims/cards/train/manual_review/CLM-00714_var0.png,Manual Review Required
CLM-01317,train,1,sample_claims/cards/train/likely_valid/CLM-01317_var1.png,Likely Valid
CLM-00714,train,1,sample_claims/cards/train/manual_review/CLM-00714_var1.png,Manual Review Required
CLM-02069,train,0,sample_claims/cards/train/likely_valid/CLM-02069_var0.png,Likely Valid
CLM-02069,train,1,sample_claims/cards/train/likely_valid/CLM-02069_var1.png,Likely Valid
CLM-01486,train,0,sample_claims/cards/train/likely_invalid/CLM-01486_var0.png,Likely Invalid
CLM-01342,train,0,sample_claims/cards/train/likely_valid/CLM-01342_var0.png,Likely Valid
CLM-01486,train,1,sample_claims/cards/train/likely_invalid/CLM-01486_var1.png,Likely Invalid
CLM-01342,train,1,sample_claims/cards/train/likely_valid/CLM-01342_var1.png,Likely Valid
CLM-01272,train,0,sample_claims/cards/train/likely_invalid/CLM-01272_var0.png,Likely Invalid
CLM-01272,train,1,sample_claims/cards/train/likely_invalid/CLM-01272_var1.png,Likely Invalid
CLM-01580,train,0,sample_claims/cards/train/likely_valid/CLM-01580_var0.png,Likely Valid
CLM-01580,train,1,sample_claims/cards/train/likely_valid/CLM-01580_var1.png,Likely Valid
CLM-01276,train,1,sample_claims/cards/train/manual_review/CLM-01276_var1.png,Manual Review Required
CLM-01276,train,0,sample_claims/cards/train/manual_review/CLM-01276_var0.png,Manual Review Required
CLM-02138,train,0,sample_claims/cards/train/manual_review/CLM-02138_var0.png,Manual Review Required
CLM-02138,train,1,sample_claims/cards/train/manual_review/CLM-02138_var1.png,Manual Review Required
CLM-02205,train,0,sample_claims/cards/train/manual_review/CLM-02205_var0.png,Manual Review Required
CLM-02205,train,1,sample_claims/cards/train/manual_review/CLM-02205_var1.png,Manual Review Required
CLM-01814,train,0,sample_claims/cards/train/likely_valid/CLM-01814_var0.png,Likely Valid
CLM-01453,train,0,sample_claims/cards/train/manual_review/CLM-01453_var0.png,Manual Review Required
CLM-01814,train,1,sample_claims/cards/train/likely_valid/CLM-01814_var1.png,Likely Valid
CLM-00493,train,0,sample_claims/cards/train/likely_invalid/CLM-00493_var0.png,Likely Invalid
CLM-01453,train,1,sample_claims/cards/train/manual_review/CLM-01453_var1.png,Manual Review Required
CLM-00493,train,1,sample_claims/cards/train/likely_invalid/CLM-00493_var1.png,Likely Invalid
CLM-00783,train,0,sample_claims/cards/train/likely_valid/CLM-00783_var0.png,Likely Valid
CLM-00783,train,1,sample_claims/cards/train/likely_valid/CLM-00783_var1.png,Likely Valid
CLM-01666,train,0,sample_claims/cards/train/likely_invalid/CLM-01666_var0.png,Likely Invalid
CLM-01369,train,0,sample_claims/cards/train/likely_invalid/CLM-01369_var0.png,Likely Invalid
CLM-01666,train,1,sample_claims/cards/train/likely_invalid/CLM-01666_var1.png,Likely Invalid
CLM-01369,train,1,sample_claims/cards/train/likely_invalid/CLM-01369_var1.png,Likely Invalid
CLM-01808,train,0,sample_claims/cards/train/likely_valid/CLM-01808_var0.png,Likely Valid
CLM-01808,train,1,sample_claims/cards/train/likely_valid/CLM-01808_var1.png,Likely Valid
CLM-02306,train,0,sample_claims/cards/train/likely_invalid/CLM-02306_var0.png,Likely Invalid
CLM-02306,train,1,sample_claims/cards/train/likely_invalid/CLM-02306_var1.png,Likely Invalid
CLM-02455,train,0,sample_claims/cards/train/manual_review/CLM-02455_var0.png,Manual Review Required
CLM-02455,train,1,sample_claims/cards/train/manual_review/CLM-02455_var1.png,Manual Review Required
CLM-02173,train,1,sample_claims/cards/train/likely_invalid/CLM-02173_var1.png,Likely Invalid
CLM-02173,train,0,sample_claims/cards/train/likely_invalid/CLM-02173_var0.png,Likely Invalid
CLM-00649,train,0,sample_claims/cards/train/manual_review/CLM-00649_var0.png,Manual Review Required
CLM-00649,train,1,sample_claims/cards/train/manual_review/CLM-00649_var1.png,Manual Review Required
CLM-02112,train,0,sample_claims/cards/train/likely_valid/CLM-02112_var0.png,Likely Valid
CLM-02112,train,1,sample_claims/cards/train/likely_valid/CLM-02112_var1.png,Likely Valid
CLM-00852,train,0,sample_claims/cards/train/manual_review/CLM-00852_var0.png,Manual Review Required
CLM-00852,train,1,sample_claims/cards/train/manual_review/CLM-00852_var1.png,Manual Review Required
CLM-01265,train,0,sample_claims/cards/train/likely_invalid/CLM-01265_var0.png,Likely Invalid
CLM-01265,train,1,sample_claims/cards/train/likely_invalid/CLM-01265_var1.png,Likely Invalid
CLM-02262,train,0,sample_claims/cards/train/likely_invalid/CLM-02262_var0.png,Likely Invalid
CLM-00512,train,0,sample_claims/cards/train/likely_valid/CLM-00512_var0.png,Likely Valid
CLM-00512,train,1,sample_claims/cards/train/likely_valid/CLM-00512_var1.png,Likely Valid
CLM-02262,train,1,sample_claims/cards/train/likely_invalid/CLM-02262_var1.png,Likely Invalid
CLM-01809,train,0,sample_claims/cards/train/manual_review/CLM-01809_var0.png,Manual Review Required
CLM-00792,train,0,sample_claims/cards/train/manual_review/CLM-00792_var0.png,Manual Review Required
CLM-01809,train,1,sample_claims/cards/train/manual_review/CLM-01809_var1.png,Manual Review Required
CLM-00792,train,1,sample_claims/cards/train/manual_review/CLM-00792_var1.png,Manual Review Required
CLM-00916,train,0,sample_claims/cards/train/likely_valid/CLM-00916_var0.png,Likely Valid
CLM-00916,train,1,sample_claims/cards/train/likely_valid/CLM-00916_var1.png,Likely Valid
CLM-00104,train,0,sample_claims/cards/train/likely_valid/CLM-00104_var0.png,Likely Valid
CLM-00104,train,1,sample_claims/cards/train/likely_valid/CLM-00104_var1.png,Likely Valid
CLM-02014,train,0,sample_claims/cards/train/likely_valid/CLM-02014_var0.png,Likely Valid
CLM-00215,train,0,sample_claims/cards/train/manual_review/CLM-00215_var0.png,Manual Review Required
CLM-02014,train,1,sample_claims/cards/train/likely_valid/CLM-02014_var1.png,Likely Valid
CLM-00526,train,0,sample_claims/cards/train/likely_valid/CLM-00526_var0.png,Likely Valid
CLM-00215,train,1,sample_claims/cards/train/manual_review/CLM-00215_var1.png,Manual Review Required
CLM-02432,train,0,sample_claims/cards/train/likely_valid/CLM-02432_var0.png,Likely Valid
CLM-00526,train,1,sample_claims/cards/train/likely_valid/CLM-00526_var1.png,Likely Valid
CLM-00782,train,0,sample_claims/cards/train/likely_invalid/CLM-00782_var0.png,Likely Invalid
CLM-00782,train,1,sample_claims/cards/train/likely_invalid/CLM-00782_var1.png,Likely Invalid
CLM-02432,train,1,sample_claims/cards/train/likely_valid/CLM-02432_var1.png,Likely Valid
CLM-01585,train,0,sample_claims/cards/train/likely_invalid/CLM-01585_var0.png,Likely Invalid
CLM-01585,train,1,sample_claims/cards/train/likely_invalid/CLM-01585_var1.png,Likely Invalid
CLM-01824,train,1,sample_claims/cards/train/manual_review/CLM-01824_var1.png,Manual Review Required
CLM-01824,train,0,sample_claims/cards/train/manual_review/CLM-01824_var0.png,Manual Review Required
CLM-02237,train,0,sample_claims/cards/train/likely_valid/CLM-02237_var0.png,Likely Valid
CLM-02237,train,1,sample_claims/cards/train/likely_valid/CLM-02237_var1.png,Likely Valid
CLM-01855,train,1,sample_claims/cards/train/likely_valid/CLM-01855_var1.png,Likely Valid
CLM-01855,train,0,sample_claims/cards/train/likely_valid/CLM-01855_var0.png,Likely Valid
CLM-00804,train,0,sample_claims/cards/train/likely_invalid/CLM-00804_var0.png,Likely Invalid
CLM-00804,train,1,sample_claims/cards/train/likely_invalid/CLM-00804_var1.png,Likely Invalid
CLM-00277,train,0,sample_claims/cards/train/manual_review/CLM-00277_var0.png,Manual Review Required
CLM-00277,train,1,sample_claims/cards/train/manual_review/CLM-00277_var1.png,Manual Review Required
CLM-01244,train,0,sample_claims/cards/train/manual_review/CLM-01244_var0.png,Manual Review Required
CLM-01244,train,1,sample_claims/cards/train/manual_review/CLM-01244_var1.png,Manual Review Required
CLM-00265,train,0,sample_claims/cards/train/manual_review/CLM-00265_var0.png,Manual Review Required
CLM-00265,train,1,sample_claims/cards/train/manual_review/CLM-00265_var1.png,Manual Review Required
CLM-01091,train,0,sample_claims/cards/train/likely_valid/CLM-01091_var0.png,Likely Valid
CLM-01091,train,1,sample_claims/cards/train/likely_valid/CLM-01091_var1.png,Likely Valid
CLM-02104,train,0,sample_claims/cards/train/likely_invalid/CLM-02104_var0.png,Likely Invalid
CLM-02104,train,1,sample_claims/cards/train/likely_invalid/CLM-02104_var1.png,Likely Invalid
CLM-00394,train,0,sample_claims/cards/train/likely_valid/CLM-00394_var0.png,Likely Valid
CLM-01423,train,0,sample_claims/cards/train/likely_invalid/CLM-01423_var0.png,Likely Invalid
CLM-01423,train,1,sample_claims/cards/train/likely_invalid/CLM-01423_var1.png,Likely Invalid
CLM-00394,train,1,sample_claims/cards/train/likely_valid/CLM-00394_var1.png,Likely Valid
CLM-01844,train,1,sample_claims/cards/train/likely_valid/CLM-01844_var1.png,Likely Valid
CLM-01844,train,0,sample_claims/cards/train/likely_valid/CLM-01844_var0.png,Likely Valid
CLM-01124,train,0,sample_claims/cards/train/likely_invalid/CLM-01124_var0.png,Likely Invalid
CLM-01124,train,1,sample_claims/cards/train/likely_invalid/CLM-01124_var1.png,Likely Invalid
CLM-02039,train,0,sample_claims/cards/train/manual_review/CLM-02039_var0.png,Manual Review Required
CLM-02159,train,1,sample_claims/cards/train/likely_valid/CLM-02159_var1.png,Likely Valid
CLM-02159,train,0,sample_claims/cards/train/likely_valid/CLM-02159_var0.png,Likely Valid
CLM-02039,train,1,sample_claims/cards/train/manual_review/CLM-02039_var1.png,Manual Review Required
CLM-01465,train,0,sample_claims/cards/train/likely_invalid/CLM-01465_var0.png,Likely Invalid
CLM-00677,train,0,sample_claims/cards/train/manual_review/CLM-00677_var0.png,Manual Review Required
CLM-01465,train,1,sample_claims/cards/train/likely_invalid/CLM-01465_var1.png,Likely Invalid
CLM-00677,train,1,sample_claims/cards/train/manual_review/CLM-00677_var1.png,Manual Review Required
CLM-02107,train,0,sample_claims/cards/train/likely_invalid/CLM-02107_var0.png,Likely Invalid
CLM-01037,train,0,sample_claims/cards/train/likely_invalid/CLM-01037_var0.png,Likely Invalid
CLM-02107,train,1,sample_claims/cards/train/likely_invalid/CLM-02107_var1.png,Likely Invalid
CLM-01037,train,1,sample_claims/cards/train/likely_invalid/CLM-01037_var1.png,Likely Invalid
CLM-01356,train,0,sample_claims/cards/train/likely_valid/CLM-01356_var0.png,Likely Valid
CLM-01356,train,1,sample_claims/cards/train/likely_valid/CLM-01356_var1.png,Likely Valid
CLM-01409,train,0,sample_claims/cards/train/manual_review/CLM-01409_var0.png,Manual Review Required
CLM-01654,train,0,sample_claims/cards/train/manual_review/CLM-01654_var0.png,Manual Review Required
CLM-01409,train,1,sample_claims/cards/train/manual_review/CLM-01409_var1.png,Manual Review Required
CLM-01654,train,1,sample_claims/cards/train/manual_review/CLM-01654_var1.png,Manual Review Required
CLM-00579,train,0,sample_claims/cards/train/likely_valid/CLM-00579_var0.png,Likely Valid
CLM-01118,train,0,sample_claims/cards/train/likely_valid/CLM-01118_var0.png,Likely Valid
CLM-01118,train,1,sample_claims/cards/train/likely_valid/CLM-01118_var1.png,Likely Valid
CLM-00579,train,1,sample_claims/cards/train/likely_valid/CLM-00579_var1.png,Likely Valid
CLM-01898,train,1,sample_claims/cards/train/likely_invalid/CLM-01898_var1.png,Likely Invalid
CLM-02212,train,0,sample_claims/cards/train/likely_valid/CLM-02212_var0.png,Likely Valid
CLM-01898,train,0,sample_claims/cards/train/likely_invalid/CLM-01898_var0.png,Likely Invalid
CLM-02212,train,1,sample_claims/cards/train/likely_valid/CLM-02212_var1.png,Likely Valid
CLM-02338,train,0,sample_claims/cards/train/likely_invalid/CLM-02338_var0.png,Likely Invalid
CLM-00461,train,0,sample_claims/cards/train/likely_valid/CLM-00461_var0.png,Likely Valid
CLM-02338,train,1,sample_claims/cards/train/likely_invalid/CLM-02338_var1.png,Likely Invalid
CLM-00461,train,1,sample_claims/cards/train/likely_valid/CLM-00461_var1.png,Likely Valid
CLM-01242,train,1,sample_claims/cards/train/likely_invalid/CLM-01242_var1.png,Likely Invalid
CLM-01242,train,0,sample_claims/cards/train/likely_invalid/CLM-01242_var0.png,Likely Invalid
CLM-00161,train,0,sample_claims/cards/train/likely_invalid/CLM-00161_var0.png,Likely Invalid
CLM-00161,train,1,sample_claims/cards/train/likely_invalid/CLM-00161_var1.png,Likely Invalid
CLM-01014,train,1,sample_claims/cards/train/likely_invalid/CLM-01014_var1.png,Likely Invalid
CLM-01014,train,0,sample_claims/cards/train/likely_invalid/CLM-01014_var0.png,Likely Invalid
CLM-00740,train,0,sample_claims/cards/train/likely_invalid/CLM-00740_var0.png,Likely Invalid
CLM-00740,train,1,sample_claims/cards/train/likely_invalid/CLM-00740_var1.png,Likely Invalid
CLM-02347,train,0,sample_claims/cards/train/manual_review/CLM-02347_var0.png,Manual Review Required
CLM-02347,train,1,sample_claims/cards/train/manual_review/CLM-02347_var1.png,Manual Review Required
CLM-00206,train,1,sample_claims/cards/train/likely_valid/CLM-00206_var1.png,Likely Valid
CLM-00206,train,0,sample_claims/cards/train/likely_valid/CLM-00206_var0.png,Likely Valid
CLM-01056,train,0,sample_claims/cards/train/likely_invalid/CLM-01056_var0.png,Likely Invalid
CLM-01056,train,1,sample_claims/cards/train/likely_invalid/CLM-01056_var1.png,Likely Invalid
CLM-02214,train,0,sample_claims/cards/train/likely_valid/CLM-02214_var0.png,Likely Valid
CLM-02214,train,1,sample_claims/cards/train/likely_valid/CLM-02214_var1.png,Likely Valid
CLM-01312,train,0,sample_claims/cards/train/likely_invalid/CLM-01312_var0.png,Likely Invalid
CLM-01620,train,0,sample_claims/cards/train/likely_valid/CLM-01620_var0.png,Likely Valid
CLM-01075,train,0,sample_claims/cards/train/manual_review/CLM-01075_var0.png,Manual Review Required
CLM-01312,train,1,sample_claims/cards/train/likely_invalid/CLM-01312_var1.png,Likely Invalid
CLM-01620,train,1,sample_claims/cards/train/likely_valid/CLM-01620_var1.png,Likely Valid
CLM-01008,train,0,sample_claims/cards/train/manual_review/CLM-01008_var0.png,Manual Review Required
CLM-01075,train,1,sample_claims/cards/train/manual_review/CLM-01075_var1.png,Manual Review Required
CLM-00966,train,0,sample_claims/cards/train/likely_valid/CLM-00966_var0.png,Likely Valid
CLM-00966,train,1,sample_claims/cards/train/likely_valid/CLM-00966_var1.png,Likely Valid
CLM-01008,train,1,sample_claims/cards/train/manual_review/CLM-01008_var1.png,Manual Review Required
CLM-00776,train,0,sample_claims/cards/train/likely_invalid/CLM-00776_var0.png,Likely Invalid
CLM-00776,train,1,sample_claims/cards/train/likely_invalid/CLM-00776_var1.png,Likely Invalid
CLM-00492,train,0,sample_claims/cards/train/likely_valid/CLM-00492_var0.png,Likely Valid
CLM-01591,train,1,sample_claims/cards/train/likely_valid/CLM-01591_var1.png,Likely Valid
CLM-00492,train,1,sample_claims/cards/train/likely_valid/CLM-00492_var1.png,Likely Valid
CLM-00360,train,0,sample_claims/cards/train/likely_valid/CLM-00360_var0.png,Likely Valid
CLM-01591,train,0,sample_claims/cards/train/likely_valid/CLM-01591_var0.png,Likely Valid
CLM-00360,train,1,sample_claims/cards/train/likely_valid/CLM-00360_var1.png,Likely Valid
CLM-00285,train,1,sample_claims/cards/train/manual_review/CLM-00285_var1.png,Manual Review Required
CLM-01901,train,0,sample_claims/cards/train/likely_valid/CLM-01901_var0.png,Likely Valid
CLM-00285,train,0,sample_claims/cards/train/manual_review/CLM-00285_var0.png,Manual Review Required
CLM-01901,train,1,sample_claims/cards/train/likely_valid/CLM-01901_var1.png,Likely Valid
CLM-02244,train,1,sample_claims/cards/train/likely_valid/CLM-02244_var1.png,Likely Valid
CLM-02244,train,0,sample_claims/cards/train/likely_valid/CLM-02244_var0.png,Likely Valid
CLM-02017,train,0,sample_claims/cards/train/likely_invalid/CLM-02017_var0.png,Likely Invalid
CLM-02017,train,1,sample_claims/cards/train/likely_invalid/CLM-02017_var1.png,Likely Invalid
CLM-01660,train,0,sample_claims/cards/train/manual_review/CLM-01660_var0.png,Manual Review Required
CLM-00138,train,0,sample_claims/cards/train/likely_valid/CLM-00138_var0.png,Likely Valid
CLM-01660,train,1,sample_claims/cards/train/manual_review/CLM-01660_var1.png,Manual Review Required
CLM-02085,train,0,sample_claims/cards/train/likely_invalid/CLM-02085_var0.png,Likely Invalid
CLM-00138,train,1,sample_claims/cards/train/likely_valid/CLM-00138_var1.png,Likely Valid
CLM-02060,train,0,sample_claims/cards/train/likely_valid/CLM-02060_var0.png,Likely Valid
CLM-02085,train,1,sample_claims/cards/train/likely_invalid/CLM-02085_var1.png,Likely Invalid
CLM-02060,train,1,sample_claims/cards/train/likely_valid/CLM-02060_var1.png,Likely Valid
CLM-00208,train,0,sample_claims/cards/train/likely_valid/CLM-00208_var0.png,Likely Valid
CLM-00707,train,0,sample_claims/cards/train/likely_invalid/CLM-00707_var0.png,Likely Invalid
CLM-00707,train,1,sample_claims/cards/train/likely_invalid/CLM-00707_var1.png,Likely Invalid
CLM-00208,train,1,sample_claims/cards/train/likely_valid/CLM-00208_var1.png,Likely Valid
CLM-01116,train,1,sample_claims/cards/train/likely_invalid/CLM-01116_var1.png,Likely Invalid
CLM-01116,train,0,sample_claims/cards/train/likely_invalid/CLM-01116_var0.png,Likely Invalid
CLM-00750,train,1,sample_claims/cards/train/likely_invalid/CLM-00750_var1.png,Likely Invalid
CLM-00432,train,0,sample_claims/cards/train/likely_valid/CLM-00432_var0.png,Likely Valid
CLM-00750,train,0,sample_claims/cards/train/likely_invalid/CLM-00750_var0.png,Likely Invalid
CLM-00432,train,1,sample_claims/cards/train/likely_valid/CLM-00432_var1.png,Likely Valid
CLM-02393,train,0,sample_claims/cards/train/likely_valid/CLM-02393_var0.png,Likely Valid
CLM-02393,train,1,sample_claims/cards/train/likely_valid/CLM-02393_var1.png,Likely Valid
CLM-01290,train,0,sample_claims/cards/train/likely_invalid/CLM-01290_var0.png,Likely Invalid
CLM-01290,train,1,sample_claims/cards/train/likely_invalid/CLM-01290_var1.png,Likely Invalid
CLM-01922,train,0,sample_claims/cards/train/likely_valid/CLM-01922_var0.png,Likely Valid
CLM-01922,train,1,sample_claims/cards/train/likely_valid/CLM-01922_var1.png,Likely Valid
CLM-00906,train,0,sample_claims/cards/train/likely_valid/CLM-00906_var0.png,Likely Valid
CLM-00906,train,1,sample_claims/cards/train/likely_valid/CLM-00906_var1.png,Likely Valid
CLM-00220,train,1,sample_claims/cards/train/likely_invalid/CLM-00220_var1.png,Likely Invalid
CLM-00220,train,0,sample_claims/cards/train/likely_invalid/CLM-00220_var0.png,Likely Invalid
CLM-00050,train,0,sample_claims/cards/train/likely_valid/CLM-00050_var0.png,Likely Valid
CLM-00050,train,1,sample_claims/cards/train/likely_valid/CLM-00050_var1.png,Likely Valid
CLM-01440,train,1,sample_claims/cards/train/likely_invalid/CLM-01440_var1.png,Likely Invalid
CLM-01440,train,0,sample_claims/cards/train/likely_invalid/CLM-01440_var0.png,Likely Invalid
CLM-01183,train,1,sample_claims/cards/train/likely_invalid/CLM-01183_var1.png,Likely Invalid
CLM-01183,train,0,sample_claims/cards/train/likely_invalid/CLM-01183_var0.png,Likely Invalid
CLM-02202,train,1,sample_claims/cards/train/likely_valid/CLM-02202_var1.png,Likely Valid
CLM-00907,train,0,sample_claims/cards/train/likely_valid/CLM-00907_var0.png,Likely Valid
CLM-02202,train,0,sample_claims/cards/train/likely_valid/CLM-02202_var0.png,Likely Valid
CLM-00907,train,1,sample_claims/cards/train/likely_valid/CLM-00907_var1.png,Likely Valid
CLM-00631,train,1,sample_claims/cards/train/likely_valid/CLM-00631_var1.png,Likely Valid
CLM-00631,train,0,sample_claims/cards/train/likely_valid/CLM-00631_var0.png,Likely Valid
CLM-01299,train,0,sample_claims/cards/train/likely_invalid/CLM-01299_var0.png,Likely Invalid
CLM-01299,train,1,sample_claims/cards/train/likely_invalid/CLM-01299_var1.png,Likely Invalid
CLM-02132,train,0,sample_claims/cards/train/likely_valid/CLM-02132_var0.png,Likely Valid
CLM-02132,train,1,sample_claims/cards/train/likely_valid/CLM-02132_var1.png,Likely Valid
CLM-01755,train,0,sample_claims/cards/train/likely_valid/CLM-01755_var0.png,Likely Valid
CLM-01755,train,1,sample_claims/cards/train/likely_valid/CLM-01755_var1.png,Likely Valid
CLM-00815,train,0,sample_claims/cards/train/likely_valid/CLM-00815_var0.png,Likely Valid
CLM-01725,train,0,sample_claims/cards/train/likely_valid/CLM-01725_var0.png,Likely Valid
CLM-00815,train,1,sample_claims/cards/train/likely_valid/CLM-00815_var1.png,Likely Valid
CLM-02119,train,0,sample_claims/cards/train/manual_review/CLM-02119_var0.png,Manual Review Required
CLM-01725,train,1,sample_claims/cards/train/likely_valid/CLM-01725_var1.png,Likely Valid
CLM-02119,train,1,sample_claims/cards/train/manual_review/CLM-02119_var1.png,Manual Review Required
CLM-00415,train,0,sample_claims/cards/train/likely_valid/CLM-00415_var0.png,Likely Valid
CLM-00415,train,1,sample_claims/cards/train/likely_valid/CLM-00415_var1.png,Likely Valid
CLM-01786,train,1,sample_claims/cards/train/likely_valid/CLM-01786_var1.png,Likely Valid
CLM-01786,train,0,sample_claims/cards/train/likely_valid/CLM-01786_var0.png,Likely Valid
CLM-00667,train,0,sample_claims/cards/train/likely_invalid/CLM-00667_var0.png,Likely Invalid
CLM-00667,train,1,sample_claims/cards/train/likely_invalid/CLM-00667_var1.png,Likely Invalid
CLM-01733,train,0,sample_claims/cards/train/likely_valid/CLM-01733_var0.png,Likely Valid
CLM-01733,train,1,sample_claims/cards/train/likely_valid/CLM-01733_var1.png,Likely Valid
CLM-01023,train,0,sample_claims/cards/train/likely_invalid/CLM-01023_var0.png,Likely Invalid
CLM-01023,train,1,sample_claims/cards/train/likely_invalid/CLM-01023_var1.png,Likely Invalid
CLM-01213,train,1,sample_claims/cards/train/likely_valid/CLM-01213_var1.png,Likely Valid
CLM-01213,train,0,sample_claims/cards/train/likely_valid/CLM-01213_var0.png,Likely Valid
CLM-00301,train,1,sample_claims/cards/train/likely_valid/CLM-00301_var1.png,Likely Valid
CLM-00301,train,0,sample_claims/cards/train/likely_valid/CLM-00301_var0.png,Likely Valid
CLM-01838,train,1,sample_claims/cards/train/likely_invalid/CLM-01838_var1.png,Likely Invalid
CLM-01838,train,0,sample_claims/cards/train/likely_invalid/CLM-01838_var0.png,Likely Invalid
CLM-02052,train,0,sample_claims/cards/train/manual_review/CLM-02052_var0.png,Manual Review Required
CLM-02052,train,1,sample_claims/cards/train/manual_review/CLM-02052_var1.png,Manual Review Required
CLM-01695,train,0,sample_claims/cards/train/likely_valid/CLM-01695_var0.png,Likely Valid
CLM-01695,train,1,sample_claims/cards/train/likely_valid/CLM-01695_var1.png,Likely Valid
CLM-00951,train,0,sample_claims/cards/train/likely_invalid/CLM-00951_var0.png,Likely Invalid
CLM-00951,train,1,sample_claims/cards/train/likely_invalid/CLM-00951_var1.png,Likely Invalid
CLM-01380,train,1,sample_claims/cards/train/likely_valid/CLM-01380_var1.png,Likely Valid
CLM-01380,train,0,sample_claims/cards/train/likely_valid/CLM-01380_var0.png,Likely Valid
CLM-01350,train,0,sample_claims/cards/train/manual_review/CLM-01350_var0.png,Manual Review Required
CLM-00401,train,0,sample_claims/cards/train/likely_invalid/CLM-00401_var0.png,Likely Invalid
CLM-01350,train,1,sample_claims/cards/train/manual_review/CLM-01350_var1.png,Manual Review Required
CLM-00401,train,1,sample_claims/cards/train/likely_invalid/CLM-00401_var1.png,Likely Invalid
CLM-02361,train,0,sample_claims/cards/train/likely_invalid/CLM-02361_var0.png,Likely Invalid
CLM-02361,train,1,sample_claims/cards/train/likely_invalid/CLM-02361_var1.png,Likely Invalid
CLM-01909,train,0,sample_claims/cards/train/likely_valid/CLM-01909_var0.png,Likely Valid
CLM-01909,train,1,sample_claims/cards/train/likely_valid/CLM-01909_var1.png,Likely Valid
CLM-00754,train,1,sample_claims/cards/train/likely_valid/CLM-00754_var1.png,Likely Valid
CLM-00754,train,0,sample_claims/cards/train/likely_valid/CLM-00754_var0.png,Likely Valid
CLM-00615,train,0,sample_claims/cards/train/likely_valid/CLM-00615_var0.png,Likely Valid
CLM-00615,train,1,sample_claims/cards/train/likely_valid/CLM-00615_var1.png,Likely Valid
CLM-02083,train,1,sample_claims/cards/train/likely_invalid/CLM-02083_var1.png,Likely Invalid
CLM-02083,train,0,sample_claims/cards/train/likely_invalid/CLM-02083_var0.png,Likely Invalid
CLM-01626,train,0,sample_claims/cards/train/likely_valid/CLM-01626_var0.png,Likely Valid
CLM-01626,train,1,sample_claims/cards/train/likely_valid/CLM-01626_var1.png,Likely Valid
CLM-01032,train,0,sample_claims/cards/train/likely_invalid/CLM-01032_var0.png,Likely Invalid
CLM-00772,train,1,sample_claims/cards/train/likely_valid/CLM-00772_var1.png,Likely Valid
CLM-01032,train,1,sample_claims/cards/train/likely_invalid/CLM-01032_var1.png,Likely Invalid
CLM-00772,train,0,sample_claims/cards/train/likely_valid/CLM-00772_var0.png,Likely Valid
CLM-02054,train,0,sample_claims/cards/train/likely_invalid/CLM-02054_var0.png,Likely Invalid
CLM-02054,train,1,sample_claims/cards/train/likely_invalid/CLM-02054_var1.png,Likely Invalid
CLM-02074,train,1,sample_claims/cards/train/manual_review/CLM-02074_var1.png,Manual Review Required
CLM-02074,train,0,sample_claims/cards/train/manual_review/CLM-02074_var0.png,Manual Review Required
CLM-01773,train,0,sample_claims/cards/train/likely_invalid/CLM-01773_var0.png,Likely Invalid
CLM-01773,train,1,sample_claims/cards/train/likely_invalid/CLM-01773_var1.png,Likely Invalid
CLM-01845,train,0,sample_claims/cards/train/likely_invalid/CLM-01845_var0.png,Likely Invalid
CLM-01845,train,1,sample_claims/cards/train/likely_invalid/CLM-01845_var1.png,Likely Invalid
CLM-01415,train,0,sample_claims/cards/train/likely_valid/CLM-01415_var0.png,Likely Valid
CLM-01415,train,1,sample_claims/cards/train/likely_valid/CLM-01415_var1.png,Likely Valid
CLM-00720,train,0,sample_claims/cards/train/likely_valid/CLM-00720_var0.png,Likely Valid
CLM-00720,train,1,sample_claims/cards/train/likely_valid/CLM-00720_var1.png,Likely Valid
CLM-01201,train,0,sample_claims/cards/train/likely_invalid/CLM-01201_var0.png,Likely Invalid
CLM-01201,train,1,sample_claims/cards/train/likely_invalid/CLM-01201_var1.png,Likely Invalid
CLM-02299,train,0,sample_claims/cards/train/manual_review/CLM-02299_var0.png,Manual Review Required
CLM-02299,train,1,sample_claims/cards/train/manual_review/CLM-02299_var1.png,Manual Review Required
CLM-01853,train,1,sample_claims/cards/train/manual_review/CLM-01853_var1.png,Manual Review Required
CLM-01853,train,0,sample_claims/cards/train/manual_review/CLM-01853_var0.png,Manual Review Required
CLM-01531,train,0,sample_claims/cards/train/likely_invalid/CLM-01531_var0.png,Likely Invalid
CLM-01531,train,1,sample_claims/cards/train/likely_invalid/CLM-01531_var1.png,Likely Invalid
CLM-02273,train,0,sample_claims/cards/train/likely_invalid/CLM-02273_var0.png,Likely Invalid
CLM-02273,train,1,sample_claims/cards/train/likely_invalid/CLM-02273_var1.png,Likely Invalid
CLM-00566,train,0,sample_claims/cards/train/likely_valid/CLM-00566_var0.png,Likely Valid
CLM-00566,train,1,sample_claims/cards/train/likely_valid/CLM-00566_var1.png,Likely Valid
CLM-00858,train,0,sample_claims/cards/train/likely_valid/CLM-00858_var0.png,Likely Valid
CLM-00858,train,1,sample_claims/cards/train/likely_valid/CLM-00858_var1.png,Likely Valid
CLM-00977,train,0,sample_claims/cards/train/likely_invalid/CLM-00977_var0.png,Likely Invalid
CLM-00977,train,1,sample_claims/cards/train/likely_invalid/CLM-00977_var1.png,Likely Invalid
CLM-01567,train,0,sample_claims/cards/train/likely_invalid/CLM-01567_var0.png,Likely Invalid
CLM-01567,train,1,sample_claims/cards/train/likely_invalid/CLM-01567_var1.png,Likely Invalid
CLM-00395,train,0,sample_claims/cards/train/manual_review/CLM-00395_var0.png,Manual Review Required
CLM-00395,train,1,sample_claims/cards/train/manual_review/CLM-00395_var1.png,Manual Review Required
CLM-01918,train,0,sample_claims/cards/train/manual_review/CLM-01918_var0.png,Manual Review Required
CLM-01918,train,1,sample_claims/cards/train/manual_review/CLM-01918_var1.png,Manual Review Required
CLM-02201,train,0,sample_claims/cards/train/likely_valid/CLM-02201_var0.png,Likely Valid
CLM-00418,train,1,sample_claims/cards/train/likely_invalid/CLM-00418_var1.png,Likely Invalid
CLM-00418,train,0,sample_claims/cards/train/likely_invalid/CLM-00418_var0.png,Likely Invalid
CLM-02201,train,1,sample_claims/cards/train/likely_valid/CLM-02201_var1.png,Likely Valid
CLM-00351,train,0,sample_claims/cards/train/likely_valid/CLM-00351_var0.png,Likely Valid
CLM-01727,train,1,sample_claims/cards/train/likely_valid/CLM-01727_var1.png,Likely Valid
CLM-01727,train,0,sample_claims/cards/train/likely_valid/CLM-01727_var0.png,Likely Valid
CLM-00351,train,1,sample_claims/cards/train/likely_valid/CLM-00351_var1.png,Likely Valid
CLM-00315,train,0,sample_claims/cards/train/likely_invalid/CLM-00315_var0.png,Likely Invalid
CLM-00315,train,1,sample_claims/cards/train/likely_invalid/CLM-00315_var1.png,Likely Invalid
CLM-00871,train,1,sample_claims/cards/train/manual_review/CLM-00871_var1.png,Manual Review Required
CLM-00871,train,0,sample_claims/cards/train/manual_review/CLM-00871_var0.png,Manual Review Required
CLM-01106,train,0,sample_claims/cards/train/likely_invalid/CLM-01106_var0.png,Likely Invalid
CLM-01106,train,1,sample_claims/cards/train/likely_invalid/CLM-01106_var1.png,Likely Invalid
CLM-01619,train,0,sample_claims/cards/train/likely_invalid/CLM-01619_var0.png,Likely Invalid
CLM-01619,train,1,sample_claims/cards/train/likely_invalid/CLM-01619_var1.png,Likely Invalid
CLM-00435,train,0,sample_claims/cards/train/manual_review/CLM-00435_var0.png,Manual Review Required
CLM-00435,train,1,sample_claims/cards/train/manual_review/CLM-00435_var1.png,Manual Review Required
CLM-00913,train,0,sample_claims/cards/train/likely_valid/CLM-00913_var0.png,Likely Valid
CLM-00913,train,1,sample_claims/cards/train/likely_valid/CLM-00913_var1.png,Likely Valid
CLM-00164,train,0,sample_claims/cards/train/likely_invalid/CLM-00164_var0.png,Likely Invalid
CLM-00164,train,1,sample_claims/cards/train/likely_invalid/CLM-00164_var1.png,Likely Invalid
CLM-00957,train,0,sample_claims/cards/train/manual_review/CLM-00957_var0.png,Manual Review Required
CLM-00957,train,1,sample_claims/cards/train/manual_review/CLM-00957_var1.png,Manual Review Required
CLM-02246,train,0,sample_claims/cards/train/likely_invalid/CLM-02246_var0.png,Likely Invalid
CLM-02246,train,1,sample_claims/cards/train/likely_invalid/CLM-02246_var1.png,Likely Invalid
CLM-02115,train,0,sample_claims/cards/train/likely_valid/CLM-02115_var0.png,Likely Valid
CLM-02115,train,1,sample_claims/cards/train/likely_valid/CLM-02115_var1.png,Likely Valid
CLM-02176,train,0,sample_claims/cards/train/likely_invalid/CLM-02176_var0.png,Likely Invalid
CLM-00274,train,1,sample_claims/cards/train/likely_valid/CLM-00274_var1.png,Likely Valid
CLM-00274,train,0,sample_claims/cards/train/likely_valid/CLM-00274_var0.png,Likely Valid
CLM-02176,train,1,sample_claims/cards/train/likely_invalid/CLM-02176_var1.png,Likely Invalid
CLM-02328,train,0,sample_claims/cards/train/likely_valid/CLM-02328_var0.png,Likely Valid
CLM-01403,train,0,sample_claims/cards/train/likely_valid/CLM-01403_var0.png,Likely Valid
CLM-01403,train,1,sample_claims/cards/train/likely_valid/CLM-01403_var1.png,Likely Valid
CLM-02328,train,1,sample_claims/cards/train/likely_valid/CLM-02328_var1.png,Likely Valid
CLM-01650,train,0,sample_claims/cards/train/likely_valid/CLM-01650_var0.png,Likely Valid
CLM-01650,train,1,sample_claims/cards/train/likely_valid/CLM-01650_var1.png,Likely Valid
CLM-01805,train,0,sample_claims/cards/train/likely_valid/CLM-01805_var0.png,Likely Valid
CLM-01805,train,1,sample_claims/cards/train/likely_valid/CLM-01805_var1.png,Likely Valid
CLM-02395,train,0,sample_claims/cards/train/likely_valid/CLM-02395_var0.png,Likely Valid
CLM-01473,train,0,sample_claims/cards/train/manual_review/CLM-01473_var0.png,Manual Review Required
CLM-02395,train,1,sample_claims/cards/train/likely_valid/CLM-02395_var1.png,Likely Valid
CLM-01473,train,1,sample_claims/cards/train/manual_review/CLM-01473_var1.png,Manual Review Required
CLM-01060,train,0,sample_claims/cards/train/manual_review/CLM-01060_var0.png,Manual Review Required
CLM-01060,train,1,sample_claims/cards/train/manual_review/CLM-01060_var1.png,Manual Review Required
CLM-01784,train,0,sample_claims/cards/train/manual_review/CLM-01784_var0.png,Manual Review Required
CLM-01784,train,1,sample_claims/cards/train/manual_review/CLM-01784_var1.png,Manual Review Required
CLM-01502,train,0,sample_claims/cards/train/likely_invalid/CLM-01502_var0.png,Likely Invalid
CLM-01343,train,0,sample_claims/cards/train/likely_valid/CLM-01343_var0.png,Likely Valid
CLM-01502,train,1,sample_claims/cards/train/likely_invalid/CLM-01502_var1.png,Likely Invalid
CLM-01343,train,1,sample_claims/cards/train/likely_valid/CLM-01343_var1.png,Likely Valid
CLM-01907,train,0,sample_claims/cards/train/likely_valid/CLM-01907_var0.png,Likely Valid
CLM-01907,train,1,sample_claims/cards/train/likely_valid/CLM-01907_var1.png,Likely Valid
CLM-01172,train,0,sample_claims/cards/train/likely_invalid/CLM-01172_var0.png,Likely Invalid
CLM-01172,train,1,sample_claims/cards/train/likely_invalid/CLM-01172_var1.png,Likely Invalid
CLM-01207,train,0,sample_claims/cards/train/likely_valid/CLM-01207_var0.png,Likely Valid
CLM-01207,train,1,sample_claims/cards/train/likely_valid/CLM-01207_var1.png,Likely Valid
CLM-01528,train,0,sample_claims/cards/train/likely_valid/CLM-01528_var0.png,Likely Valid
CLM-01528,train,1,sample_claims/cards/train/likely_valid/CLM-01528_var1.png,Likely Valid
CLM-00469,train,0,sample_claims/cards/train/likely_invalid/CLM-00469_var0.png,Likely Invalid
CLM-01017,train,0,sample_claims/cards/train/likely_invalid/CLM-01017_var0.png,Likely Invalid
CLM-00469,train,1,sample_claims/cards/train/likely_invalid/CLM-00469_var1.png,Likely Invalid
CLM-01017,train,1,sample_claims/cards/train/likely_invalid/CLM-01017_var1.png,Likely Invalid
CLM-00380,train,1,sample_claims/cards/train/likely_valid/CLM-00380_var1.png,Likely Valid
CLM-00380,train,0,sample_claims/cards/train/likely_valid/CLM-00380_var0.png,Likely Valid
CLM-00688,train,0,sample_claims/cards/train/manual_review/CLM-00688_var0.png,Manual Review Required
CLM-00688,train,1,sample_claims/cards/train/manual_review/CLM-00688_var1.png,Manual Review Required
CLM-00661,train,0,sample_claims/cards/train/likely_invalid/CLM-00661_var0.png,Likely Invalid
CLM-00661,train,1,sample_claims/cards/train/likely_invalid/CLM-00661_var1.png,Likely Invalid
CLM-00061,train,0,sample_claims/cards/train/likely_valid/CLM-00061_var0.png,Likely Valid
CLM-00061,train,1,sample_claims/cards/train/likely_valid/CLM-00061_var1.png,Likely Valid
CLM-01487,train,0,sample_claims/cards/train/likely_valid/CLM-01487_var0.png,Likely Valid
CLM-01487,train,1,sample_claims/cards/train/likely_valid/CLM-01487_var1.png,Likely Valid
CLM-02195,train,0,sample_claims/cards/train/likely_valid/CLM-02195_var0.png,Likely Valid
CLM-02195,train,1,sample_claims/cards/train/likely_valid/CLM-02195_var1.png,Likely Valid
CLM-01662,train,0,sample_claims/cards/train/likely_valid/CLM-01662_var0.png,Likely Valid
CLM-01662,train,1,sample_claims/cards/train/likely_valid/CLM-01662_var1.png,Likely Valid
CLM-02184,train,0,sample_claims/cards/train/likely_valid/CLM-02184_var0.png,Likely Valid
CLM-02184,train,1,sample_claims/cards/train/likely_valid/CLM-02184_var1.png,Likely Valid
CLM-01645,train,0,sample_claims/cards/train/likely_valid/CLM-01645_var0.png,Likely Valid
CLM-01645,train,1,sample_claims/cards/train/likely_valid/CLM-01645_var1.png,Likely Valid
CLM-00709,train,0,sample_claims/cards/train/manual_review/CLM-00709_var0.png,Manual Review Required
CLM-01596,train,1,sample_claims/cards/train/likely_invalid/CLM-01596_var1.png,Likely Invalid
CLM-01596,train,0,sample_claims/cards/train/likely_invalid/CLM-01596_var0.png,Likely Invalid
CLM-00709,train,1,sample_claims/cards/train/manual_review/CLM-00709_var1.png,Manual Review Required
CLM-00556,train,1,sample_claims/cards/train/manual_review/CLM-00556_var1.png,Manual Review Required
CLM-00604,train,0,sample_claims/cards/train/likely_valid/CLM-00604_var0.png,Likely Valid
CLM-00556,train,0,sample_claims/cards/train/manual_review/CLM-00556_var0.png,Manual Review Required
CLM-00604,train,1,sample_claims/cards/train/likely_valid/CLM-00604_var1.png,Likely Valid
CLM-00583,train,0,sample_claims/cards/train/likely_invalid/CLM-00583_var0.png,Likely Invalid
CLM-01045,train,0,sample_claims/cards/train/likely_valid/CLM-01045_var0.png,Likely Valid
CLM-00583,train,1,sample_claims/cards/train/likely_invalid/CLM-00583_var1.png,Likely Invalid
CLM-01045,train,1,sample_claims/cards/train/likely_valid/CLM-01045_var1.png,Likely Valid
CLM-01263,train,0,sample_claims/cards/train/likely_valid/CLM-01263_var0.png,Likely Valid
CLM-01821,train,1,sample_claims/cards/train/likely_valid/CLM-01821_var1.png,Likely Valid
CLM-01821,train,0,sample_claims/cards/train/likely_valid/CLM-01821_var0.png,Likely Valid
CLM-01263,train,1,sample_claims/cards/train/likely_valid/CLM-01263_var1.png,Likely Valid
CLM-01639,train,0,sample_claims/cards/train/manual_review/CLM-01639_var0.png,Manual Review Required
CLM-01639,train,1,sample_claims/cards/train/manual_review/CLM-01639_var1.png,Manual Review Required
CLM-00851,train,0,sample_claims/cards/train/likely_valid/CLM-00851_var0.png,Likely Valid
CLM-00851,train,1,sample_claims/cards/train/likely_valid/CLM-00851_var1.png,Likely Valid
CLM-00635,train,0,sample_claims/cards/train/likely_valid/CLM-00635_var0.png,Likely Valid
CLM-01841,train,1,sample_claims/cards/train/likely_invalid/CLM-01841_var1.png,Likely Invalid
CLM-01841,train,0,sample_claims/cards/train/likely_invalid/CLM-01841_var0.png,Likely Invalid
CLM-00635,train,1,sample_claims/cards/train/likely_valid/CLM-00635_var1.png,Likely Valid
CLM-01550,train,0,sample_claims/cards/train/likely_invalid/CLM-01550_var0.png,Likely Invalid
CLM-00144,train,0,sample_claims/cards/train/likely_invalid/CLM-00144_var0.png,Likely Invalid
CLM-01550,train,1,sample_claims/cards/train/likely_invalid/CLM-01550_var1.png,Likely Invalid
CLM-00144,train,1,sample_claims/cards/train/likely_invalid/CLM-00144_var1.png,Likely Invalid
CLM-02311,train,0,sample_claims/cards/train/likely_valid/CLM-02311_var0.png,Likely Valid
CLM-01241,train,0,sample_claims/cards/train/likely_valid/CLM-01241_var0.png,Likely Valid
CLM-01241,train,1,sample_claims/cards/train/likely_valid/CLM-01241_var1.png,Likely Valid
CLM-02311,train,1,sample_claims/cards/train/likely_valid/CLM-02311_var1.png,Likely Valid
CLM-01624,train,1,sample_claims/cards/train/likely_valid/CLM-01624_var1.png,Likely Valid
CLM-01624,train,0,sample_claims/cards/train/likely_valid/CLM-01624_var0.png,Likely Valid
CLM-02126,train,1,sample_claims/cards/train/likely_invalid/CLM-02126_var1.png,Likely Invalid
CLM-02126,train,0,sample_claims/cards/train/likely_invalid/CLM-02126_var0.png,Likely Invalid
CLM-00608,train,0,sample_claims/cards/train/likely_valid/CLM-00608_var0.png,Likely Valid
CLM-00608,train,1,sample_claims/cards/train/likely_valid/CLM-00608_var1.png,Likely Valid
CLM-00922,train,1,sample_claims/cards/train/likely_valid/CLM-00922_var1.png,Likely Valid
CLM-00922,train,0,sample_claims/cards/train/likely_valid/CLM-00922_var0.png,Likely Valid
CLM-00136,train,1,sample_claims/cards/train/manual_review/CLM-00136_var1.png,Manual Review Required
CLM-00136,train,0,sample_claims/cards/train/manual_review/CLM-00136_var0.png,Manual Review Required
CLM-00058,train,0,sample_claims/cards/train/likely_valid/CLM-00058_var0.png,Likely Valid
CLM-00058,train,1,sample_claims/cards/train/likely_valid/CLM-00058_var1.png,Likely Valid
CLM-00868,train,0,sample_claims/cards/train/likely_valid/CLM-00868_var0.png,Likely Valid
CLM-00868,train,1,sample_claims/cards/train/likely_valid/CLM-00868_var1.png,Likely Valid
CLM-01287,train,0,sample_claims/cards/train/likely_valid/CLM-01287_var0.png,Likely Valid
CLM-01287,train,1,sample_claims/cards/train/likely_valid/CLM-01287_var1.png,Likely Valid
CLM-01548,train,1,sample_claims/cards/train/likely_valid/CLM-01548_var1.png,Likely Valid
CLM-01548,train,0,sample_claims/cards/train/likely_valid/CLM-01548_var0.png,Likely Valid
CLM-01258,train,0,sample_claims/cards/train/likely_valid/CLM-01258_var0.png,Likely Valid
CLM-01166,train,0,sample_claims/cards/train/likely_invalid/CLM-01166_var0.png,Likely Invalid
CLM-01258,train,1,sample_claims/cards/train/likely_valid/CLM-01258_var1.png,Likely Valid
CLM-01166,train,1,sample_claims/cards/train/likely_invalid/CLM-01166_var1.png,Likely Invalid
CLM-00189,train,1,sample_claims/cards/train/manual_review/CLM-00189_var1.png,Manual Review Required
CLM-00189,train,0,sample_claims/cards/train/manual_review/CLM-00189_var0.png,Manual Review Required
CLM-01570,train,0,sample_claims/cards/train/likely_valid/CLM-01570_var0.png,Likely Valid
CLM-01570,train,1,sample_claims/cards/train/likely_valid/CLM-01570_var1.png,Likely Valid
CLM-00230,train,0,sample_claims/cards/train/likely_valid/CLM-00230_var0.png,Likely Valid
CLM-00230,train,1,sample_claims/cards/train/likely_valid/CLM-00230_var1.png,Likely Valid
CLM-02488,train,0,sample_claims/cards/train/likely_invalid/CLM-02488_var0.png,Likely Invalid
CLM-02488,train,1,sample_claims/cards/train/likely_invalid/CLM-02488_var1.png,Likely Invalid
CLM-00598,train,1,sample_claims/cards/train/manual_review/CLM-00598_var1.png,Manual Review Required
CLM-00598,train,0,sample_claims/cards/train/manual_review/CLM-00598_var0.png,Manual Review Required
CLM-00296,train,1,sample_claims/cards/train/likely_valid/CLM-00296_var1.png,Likely Valid
CLM-00037,train,0,sample_claims/cards/train/likely_valid/CLM-00037_var0.png,Likely Valid
CLM-00037,train,1,sample_claims/cards/train/likely_valid/CLM-00037_var1.png,Likely Valid
CLM-00296,train,0,sample_claims/cards/train/likely_valid/CLM-00296_var0.png,Likely Valid
CLM-00962,train,0,sample_claims/cards/train/likely_valid/CLM-00962_var0.png,Likely Valid
CLM-01565,train,0,sample_claims/cards/train/likely_valid/CLM-01565_var0.png,Likely Valid
CLM-01565,train,1,sample_claims/cards/train/likely_valid/CLM-01565_var1.png,Likely Valid
CLM-00962,train,1,sample_claims/cards/train/likely_valid/CLM-00962_var1.png,Likely Valid
CLM-02254,train,0,sample_claims/cards/train/likely_valid/CLM-02254_var0.png,Likely Valid
CLM-02254,train,1,sample_claims/cards/train/likely_valid/CLM-02254_var1.png,Likely Valid
CLM-00721,train,0,sample_claims/cards/train/likely_valid/CLM-00721_var0.png,Likely Valid
CLM-00721,train,1,sample_claims/cards/train/likely_valid/CLM-00721_var1.png,Likely Valid
CLM-00999,train,0,sample_claims/cards/train/likely_invalid/CLM-00999_var0.png,Likely Invalid
CLM-00999,train,1,sample_claims/cards/train/likely_invalid/CLM-00999_var1.png,Likely Invalid
CLM-00201,train,0,sample_claims/cards/train/likely_valid/CLM-00201_var0.png,Likely Valid
CLM-00201,train,1,sample_claims/cards/train/likely_valid/CLM-00201_var1.png,Likely Valid
CLM-02168,train,0,sample_claims/cards/train/likely_invalid/CLM-02168_var0.png,Likely Invalid
CLM-02168,train,1,sample_claims/cards/train/likely_invalid/CLM-02168_var1.png,Likely Invalid
CLM-00711,train,0,sample_claims/cards/train/likely_invalid/CLM-00711_var0.png,Likely Invalid
CLM-00711,train,1,sample_claims/cards/train/likely_invalid/CLM-00711_var1.png,Likely Invalid
CLM-00641,train,0,sample_claims/cards/train/manual_review/CLM-00641_var0.png,Manual Review Required
CLM-00641,train,1,sample_claims/cards/train/manual_review/CLM-00641_var1.png,Manual Review Required
CLM-00134,train,0,sample_claims/cards/train/likely_invalid/CLM-00134_var0.png,Likely Invalid
CLM-00134,train,1,sample_claims/cards/train/likely_invalid/CLM-00134_var1.png,Likely Invalid
CLM-01501,train,0,sample_claims/cards/train/likely_valid/CLM-01501_var0.png,Likely Valid
CLM-01501,train,1,sample_claims/cards/train/likely_valid/CLM-01501_var1.png,Likely Valid
CLM-01888,train,1,sample_claims/cards/train/likely_invalid/CLM-01888_var1.png,Likely Invalid
CLM-00038,train,0,sample_claims/cards/train/likely_valid/CLM-00038_var0.png,Likely Valid
CLM-01888,train,0,sample_claims/cards/train/likely_invalid/CLM-01888_var0.png,Likely Invalid
CLM-02047,train,0,sample_claims/cards/train/likely_valid/CLM-02047_var0.png,Likely Valid
CLM-00887,train,0,sample_claims/cards/train/likely_invalid/CLM-00887_var0.png,Likely Invalid
CLM-00038,train,1,sample_claims/cards/train/likely_valid/CLM-00038_var1.png,Likely Valid
CLM-02047,train,1,sample_claims/cards/train/likely_valid/CLM-02047_var1.png,Likely Valid
CLM-02059,train,0,sample_claims/cards/train/likely_invalid/CLM-02059_var0.png,Likely Invalid
CLM-00887,train,1,sample_claims/cards/train/likely_invalid/CLM-00887_var1.png,Likely Invalid
CLM-02059,train,1,sample_claims/cards/train/likely_invalid/CLM-02059_var1.png,Likely Invalid
CLM-01798,train,0,sample_claims/cards/train/likely_valid/CLM-01798_var0.png,Likely Valid
CLM-01086,train,0,sample_claims/cards/train/manual_review/CLM-01086_var0.png,Manual Review Required
CLM-01086,train,1,sample_claims/cards/train/manual_review/CLM-01086_var1.png,Manual Review Required
CLM-01798,train,1,sample_claims/cards/train/likely_valid/CLM-01798_var1.png,Likely Valid
CLM-01868,train,0,sample_claims/cards/train/likely_valid/CLM-01868_var0.png,Likely Valid
CLM-00207,train,0,sample_claims/cards/train/manual_review/CLM-00207_var0.png,Manual Review Required
CLM-01868,train,1,sample_claims/cards/train/likely_valid/CLM-01868_var1.png,Likely Valid
CLM-00207,train,1,sample_claims/cards/train/manual_review/CLM-00207_var1.png,Manual Review Required
CLM-00825,train,0,sample_claims/cards/train/manual_review/CLM-00825_var0.png,Manual Review Required
CLM-00825,train,1,sample_claims/cards/train/manual_review/CLM-00825_var1.png,Manual Review Required
CLM-00516,train,0,sample_claims/cards/train/likely_valid/CLM-00516_var0.png,Likely Valid
CLM-01519,train,1,sample_claims/cards/train/likely_invalid/CLM-01519_var1.png,Likely Invalid
CLM-01519,train,0,sample_claims/cards/train/likely_invalid/CLM-01519_var0.png,Likely Invalid
CLM-00516,train,1,sample_claims/cards/train/likely_valid/CLM-00516_var1.png,Likely Valid
CLM-00238,train,0,sample_claims/cards/train/likely_invalid/CLM-00238_var0.png,Likely Invalid
CLM-01080,train,0,sample_claims/cards/train/likely_valid/CLM-01080_var0.png,Likely Valid
CLM-00238,train,1,sample_claims/cards/train/likely_invalid/CLM-00238_var1.png,Likely Invalid
CLM-01080,train,1,sample_claims/cards/train/likely_valid/CLM-01080_var1.png,Likely Valid
CLM-02486,train,1,sample_claims/cards/train/likely_invalid/CLM-02486_var1.png,Likely Invalid
CLM-02486,train,0,sample_claims/cards/train/likely_invalid/CLM-02486_var0.png,Likely Invalid
CLM-01605,train,0,sample_claims/cards/train/likely_invalid/CLM-01605_var0.png,Likely Invalid
CLM-01605,train,1,sample_claims/cards/train/likely_invalid/CLM-01605_var1.png,Likely Invalid
CLM-01228,train,0,sample_claims/cards/train/manual_review/CLM-01228_var0.png,Manual Review Required
CLM-01228,train,1,sample_claims/cards/train/manual_review/CLM-01228_var1.png,Manual Review Required
CLM-01589,train,1,sample_claims/cards/train/likely_invalid/CLM-01589_var1.png,Likely Invalid
CLM-01589,train,0,sample_claims/cards/train/likely_invalid/CLM-01589_var0.png,Likely Invalid
CLM-01791,train,1,sample_claims/cards/train/likely_invalid/CLM-01791_var1.png,Likely Invalid
CLM-01791,train,0,sample_claims/cards/train/likely_invalid/CLM-01791_var0.png,Likely Invalid
CLM-00110,train,0,sample_claims/cards/train/likely_invalid/CLM-00110_var0.png,Likely Invalid
CLM-00110,train,1,sample_claims/cards/train/likely_invalid/CLM-00110_var1.png,Likely Invalid
CLM-01311,train,0,sample_claims/cards/train/likely_invalid/CLM-01311_var0.png,Likely Invalid
CLM-01311,train,1,sample_claims/cards/train/likely_invalid/CLM-01311_var1.png,Likely Invalid
CLM-00789,train,0,sample_claims/cards/train/likely_valid/CLM-00789_var0.png,Likely Valid
CLM-00789,train,1,sample_claims/cards/train/likely_valid/CLM-00789_var1.png,Likely Valid
CLM-00135,train,0,sample_claims/cards/train/likely_invalid/CLM-00135_var0.png,Likely Invalid
CLM-02056,train,0,sample_claims/cards/train/likely_valid/CLM-02056_var0.png,Likely Valid
CLM-00135,train,1,sample_claims/cards/train/likely_invalid/CLM-00135_var1.png,Likely Invalid
CLM-02056,train,1,sample_claims/cards/train/likely_valid/CLM-02056_var1.png,Likely Valid
CLM-01323,train,0,sample_claims/cards/train/likely_valid/CLM-01323_var0.png,Likely Valid
CLM-01323,train,1,sample_claims/cards/train/likely_valid/CLM-01323_var1.png,Likely Valid
CLM-01698,train,0,sample_claims/cards/train/likely_invalid/CLM-01698_var0.png,Likely Invalid
CLM-01698,train,1,sample_claims/cards/train/likely_invalid/CLM-01698_var1.png,Likely Invalid
CLM-01408,train,0,sample_claims/cards/train/likely_valid/CLM-01408_var0.png,Likely Valid
CLM-01408,train,1,sample_claims/cards/train/likely_valid/CLM-01408_var1.png,Likely Valid
CLM-02145,train,1,sample_claims/cards/train/likely_valid/CLM-02145_var1.png,Likely Valid
CLM-02145,train,0,sample_claims/cards/train/likely_valid/CLM-02145_var0.png,Likely Valid
CLM-01612,train,0,sample_claims/cards/train/likely_valid/CLM-01612_var0.png,Likely Valid
CLM-01612,train,1,sample_claims/cards/train/likely_valid/CLM-01612_var1.png,Likely Valid
CLM-02368,train,0,sample_claims/cards/train/manual_review/CLM-02368_var0.png,Manual Review Required
CLM-02368,train,1,sample_claims/cards/train/manual_review/CLM-02368_var1.png,Manual Review Required
CLM-00210,train,0,sample_claims/cards/train/likely_valid/CLM-00210_var0.png,Likely Valid
CLM-00210,train,1,sample_claims/cards/train/likely_valid/CLM-00210_var1.png,Likely Valid
CLM-02403,train,0,sample_claims/cards/train/manual_review/CLM-02403_var0.png,Manual Review Required
CLM-02403,train,1,sample_claims/cards/train/manual_review/CLM-02403_var1.png,Manual Review Required
CLM-01514,train,0,sample_claims/cards/train/manual_review/CLM-01514_var0.png,Manual Review Required
CLM-01514,train,1,sample_claims/cards/train/manual_review/CLM-01514_var1.png,Manual Review Required
CLM-01886,train,0,sample_claims/cards/train/likely_valid/CLM-01886_var0.png,Likely Valid
CLM-01886,train,1,sample_claims/cards/train/likely_valid/CLM-01886_var1.png,Likely Valid
CLM-01508,train,0,sample_claims/cards/train/likely_invalid/CLM-01508_var0.png,Likely Invalid
CLM-01508,train,1,sample_claims/cards/train/likely_invalid/CLM-01508_var1.png,Likely Invalid
CLM-01334,train,0,sample_claims/cards/train/likely_invalid/CLM-01334_var0.png,Likely Invalid
CLM-00817,train,0,sample_claims/cards/train/likely_valid/CLM-00817_var0.png,Likely Valid
CLM-00817,train,1,sample_claims/cards/train/likely_valid/CLM-00817_var1.png,Likely Valid
CLM-01334,train,1,sample_claims/cards/train/likely_invalid/CLM-01334_var1.png,Likely Invalid
CLM-00703,train,0,sample_claims/cards/train/likely_valid/CLM-00703_var0.png,Likely Valid
CLM-00703,train,1,sample_claims/cards/train/likely_valid/CLM-00703_var1.png,Likely Valid
CLM-02424,train,1,sample_claims/cards/train/likely_invalid/CLM-02424_var1.png,Likely Invalid
CLM-02424,train,0,sample_claims/cards/train/likely_invalid/CLM-02424_var0.png,Likely Invalid
CLM-00666,train,0,sample_claims/cards/train/likely_valid/CLM-00666_var0.png,Likely Valid
CLM-00666,train,1,sample_claims/cards/train/likely_valid/CLM-00666_var1.png,Likely Valid
CLM-00183,train,0,sample_claims/cards/train/likely_valid/CLM-00183_var0.png,Likely Valid
CLM-00183,train,1,sample_claims/cards/train/likely_valid/CLM-00183_var1.png,Likely Valid
CLM-01011,train,0,sample_claims/cards/train/likely_valid/CLM-01011_var0.png,Likely Valid
CLM-01011,train,1,sample_claims/cards/train/likely_valid/CLM-01011_var1.png,Likely Valid
CLM-00839,train,0,sample_claims/cards/train/likely_valid/CLM-00839_var0.png,Likely Valid
CLM-00839,train,1,sample_claims/cards/train/likely_valid/CLM-00839_var1.png,Likely Valid
CLM-00302,train,0,sample_claims/cards/train/likely_valid/CLM-00302_var0.png,Likely Valid
CLM-00302,train,1,sample_claims/cards/train/likely_valid/CLM-00302_var1.png,Likely Valid
CLM-01161,train,0,sample_claims/cards/train/manual_review/CLM-01161_var0.png,Manual Review Required
CLM-01161,train,1,sample_claims/cards/train/manual_review/CLM-01161_var1.png,Manual Review Required
CLM-02276,train,0,sample_claims/cards/train/manual_review/CLM-02276_var0.png,Manual Review Required
CLM-02276,train,1,sample_claims/cards/train/manual_review/CLM-02276_var1.png,Manual Review Required
CLM-00606,train,0,sample_claims/cards/train/likely_valid/CLM-00606_var0.png,Likely Valid
CLM-00606,train,1,sample_claims/cards/train/likely_valid/CLM-00606_var1.png,Likely Valid
CLM-02163,train,0,sample_claims/cards/train/likely_invalid/CLM-02163_var0.png,Likely Invalid
CLM-02163,train,1,sample_claims/cards/train/likely_invalid/CLM-02163_var1.png,Likely Invalid
CLM-00111,train,0,sample_claims/cards/train/likely_invalid/CLM-00111_var0.png,Likely Invalid
CLM-00111,train,1,sample_claims/cards/train/likely_invalid/CLM-00111_var1.png,Likely Invalid
CLM-02383,train,0,sample_claims/cards/train/likely_valid/CLM-02383_var0.png,Likely Valid
CLM-02383,train,1,sample_claims/cards/train/likely_valid/CLM-02383_var1.png,Likely Valid
CLM-00657,train,0,sample_claims/cards/train/likely_valid/CLM-00657_var0.png,Likely Valid
CLM-00482,train,0,sample_claims/cards/train/likely_invalid/CLM-00482_var0.png,Likely Invalid
CLM-00657,train,1,sample_claims/cards/train/likely_valid/CLM-00657_var1.png,Likely Valid
CLM-00482,train,1,sample_claims/cards/train/likely_invalid/CLM-00482_var1.png,Likely Invalid
CLM-01621,train,0,sample_claims/cards/train/manual_review/CLM-01621_var0.png,Manual Review Required
CLM-01621,train,1,sample_claims/cards/train/manual_review/CLM-01621_var1.png,Manual Review Required
CLM-01743,train,0,sample_claims/cards/train/likely_invalid/CLM-01743_var0.png,Likely Invalid
CLM-01743,train,1,sample_claims/cards/train/likely_invalid/CLM-01743_var1.png,Likely Invalid
CLM-00788,train,0,sample_claims/cards/train/manual_review/CLM-00788_var0.png,Manual Review Required
CLM-00788,train,1,sample_claims/cards/train/manual_review/CLM-00788_var1.png,Manual Review Required
CLM-00307,train,0,sample_claims/cards/train/likely_invalid/CLM-00307_var0.png,Likely Invalid
CLM-00307,train,1,sample_claims/cards/train/likely_invalid/CLM-00307_var1.png,Likely Invalid
CLM-01051,train,0,sample_claims/cards/train/likely_invalid/CLM-01051_var0.png,Likely Invalid
CLM-01051,train,1,sample_claims/cards/train/likely_invalid/CLM-01051_var1.png,Likely Invalid
CLM-02500,train,0,sample_claims/cards/train/likely_valid/CLM-02500_var0.png,Likely Valid
CLM-02500,train,1,sample_claims/cards/train/likely_valid/CLM-02500_var1.png,Likely Valid
CLM-02125,train,0,sample_claims/cards/train/likely_invalid/CLM-02125_var0.png,Likely Invalid
CLM-00151,train,0,sample_claims/cards/train/likely_invalid/CLM-00151_var0.png,Likely Invalid
CLM-02125,train,1,sample_claims/cards/train/likely_invalid/CLM-02125_var1.png,Likely Invalid
CLM-00151,train,1,sample_claims/cards/train/likely_invalid/CLM-00151_var1.png,Likely Invalid
CLM-02340,train,0,sample_claims/cards/train/likely_valid/CLM-02340_var0.png,Likely Valid
CLM-00369,train,0,sample_claims/cards/train/likely_invalid/CLM-00369_var0.png,Likely Invalid
CLM-00369,train,1,sample_claims/cards/train/likely_invalid/CLM-00369_var1.png,Likely Invalid
CLM-02340,train,1,sample_claims/cards/train/likely_valid/CLM-02340_var1.png,Likely Valid
CLM-01895,train,0,sample_claims/cards/train/likely_valid/CLM-01895_var0.png,Likely Valid
CLM-01895,train,1,sample_claims/cards/train/likely_valid/CLM-01895_var1.png,Likely Valid
CLM-01515,train,1,sample_claims/cards/train/likely_invalid/CLM-01515_var1.png,Likely Invalid
CLM-01515,train,0,sample_claims/cards/train/likely_invalid/CLM-01515_var0.png,Likely Invalid
CLM-01712,train,0,sample_claims/cards/train/likely_valid/CLM-01712_var0.png,Likely Valid
CLM-01712,train,1,sample_claims/cards/train/likely_valid/CLM-01712_var1.png,Likely Valid
CLM-01022,train,0,sample_claims/cards/train/likely_valid/CLM-01022_var0.png,Likely Valid
CLM-01022,train,1,sample_claims/cards/train/likely_valid/CLM-01022_var1.png,Likely Valid
CLM-00425,train,0,sample_claims/cards/train/likely_valid/CLM-00425_var0.png,Likely Valid
CLM-00425,train,1,sample_claims/cards/train/likely_valid/CLM-00425_var1.png,Likely Valid
CLM-00822,train,0,sample_claims/cards/train/likely_invalid/CLM-00822_var0.png,Likely Invalid
CLM-00822,train,1,sample_claims/cards/train/likely_invalid/CLM-00822_var1.png,Likely Invalid
CLM-00511,train,0,sample_claims/cards/train/likely_valid/CLM-00511_var0.png,Likely Valid
CLM-00511,train,1,sample_claims/cards/train/likely_valid/CLM-00511_var1.png,Likely Valid
CLM-01801,train,0,sample_claims/cards/train/likely_invalid/CLM-01801_var0.png,Likely Invalid
CLM-01801,train,1,sample_claims/cards/train/likely_invalid/CLM-01801_var1.png,Likely Invalid
CLM-00236,train,0,sample_claims/cards/train/likely_valid/CLM-00236_var0.png,Likely Valid
CLM-00236,train,1,sample_claims/cards/train/likely_valid/CLM-00236_var1.png,Likely Valid
CLM-00404,train,0,sample_claims/cards/train/manual_review/CLM-00404_var0.png,Manual Review Required
CLM-00404,train,1,sample_claims/cards/train/manual_review/CLM-00404_var1.png,Manual Review Required
CLM-00569,train,1,sample_claims/cards/train/manual_review/CLM-00569_var1.png,Manual Review Required
CLM-00569,train,0,sample_claims/cards/train/manual_review/CLM-00569_var0.png,Manual Review Required
CLM-01490,train,0,sample_claims/cards/train/likely_valid/CLM-01490_var0.png,Likely Valid
CLM-01490,train,1,sample_claims/cards/train/likely_valid/CLM-01490_var1.png,Likely Valid
CLM-00744,train,1,sample_claims/cards/train/likely_invalid/CLM-00744_var1.png,Likely Invalid
CLM-00744,train,0,sample_claims/cards/train/likely_invalid/CLM-00744_var0.png,Likely Invalid
CLM-01993,train,0,sample_claims/cards/train/likely_valid/CLM-01993_var0.png,Likely Valid
CLM-01993,train,1,sample_claims/cards/train/likely_valid/CLM-01993_var1.png,Likely Valid
CLM-01983,train,0,sample_claims/cards/train/likely_valid/CLM-01983_var0.png,Likely Valid
CLM-01983,train,1,sample_claims/cards/train/likely_valid/CLM-01983_var1.png,Likely Valid
CLM-01655,train,0,sample_claims/cards/train/likely_valid/CLM-01655_var0.png,Likely Valid
CLM-01655,train,1,sample_claims/cards/train/likely_valid/CLM-01655_var1.png,Likely Valid
CLM-02312,train,0,sample_claims/cards/train/manual_review/CLM-02312_var0.png,Manual Review Required
CLM-02312,train,1,sample_claims/cards/train/manual_review/CLM-02312_var1.png,Manual Review Required
CLM-02091,train,0,sample_claims/cards/train/likely_valid/CLM-02091_var0.png,Likely Valid
CLM-02091,train,1,sample_claims/cards/train/likely_valid/CLM-02091_var1.png,Likely Valid
CLM-02253,train,1,sample_claims/cards/train/likely_invalid/CLM-02253_var1.png,Likely Invalid
CLM-02253,train,0,sample_claims/cards/train/likely_invalid/CLM-02253_var0.png,Likely Invalid
CLM-02027,train,0,sample_claims/cards/train/likely_invalid/CLM-02027_var0.png,Likely Invalid
CLM-02027,train,1,sample_claims/cards/train/likely_invalid/CLM-02027_var1.png,Likely Invalid
CLM-00599,train,0,sample_claims/cards/train/likely_invalid/CLM-00599_var0.png,Likely Invalid
CLM-00599,train,1,sample_claims/cards/train/likely_invalid/CLM-00599_var1.png,Likely Invalid
CLM-02072,train,0,sample_claims/cards/train/likely_valid/CLM-02072_var0.png,Likely Valid
CLM-01963,train,0,sample_claims/cards/train/manual_review/CLM-01963_var0.png,Manual Review Required
CLM-02072,train,1,sample_claims/cards/train/likely_valid/CLM-02072_var1.png,Likely Valid
CLM-01963,train,1,sample_claims/cards/train/manual_review/CLM-01963_var1.png,Manual Review Required
CLM-01956,train,1,sample_claims/cards/train/likely_invalid/CLM-01956_var1.png,Likely Invalid
CLM-00448,train,1,sample_claims/cards/train/likely_invalid/CLM-00448_var1.png,Likely Invalid
CLM-01956,train,0,sample_claims/cards/train/likely_invalid/CLM-01956_var0.png,Likely Invalid
CLM-00448,train,0,sample_claims/cards/train/likely_invalid/CLM-00448_var0.png,Likely Invalid
CLM-00982,train,0,sample_claims/cards/train/likely_invalid/CLM-00982_var0.png,Likely Invalid
CLM-01176,train,0,sample_claims/cards/train/likely_valid/CLM-01176_var0.png,Likely Valid
CLM-01176,train,1,sample_claims/cards/train/likely_valid/CLM-01176_var1.png,Likely Valid
CLM-00982,train,1,sample_claims/cards/train/likely_invalid/CLM-00982_var1.png,Likely Invalid
CLM-00390,train,0,sample_claims/cards/train/manual_review/CLM-00390_var0.png,Manual Review Required
CLM-00390,train,1,sample_claims/cards/train/manual_review/CLM-00390_var1.png,Manual Review Required
CLM-01379,train,0,sample_claims/cards/train/likely_invalid/CLM-01379_var0.png,Likely Invalid
CLM-01010,train,1,sample_claims/cards/train/manual_review/CLM-01010_var1.png,Manual Review Required
CLM-01010,train,0,sample_claims/cards/train/manual_review/CLM-01010_var0.png,Manual Review Required
CLM-01379,train,1,sample_claims/cards/train/likely_invalid/CLM-01379_var1.png,Likely Invalid
CLM-01507,train,0,sample_claims/cards/train/likely_invalid/CLM-01507_var0.png,Likely Invalid
CLM-01507,train,1,sample_claims/cards/train/likely_invalid/CLM-01507_var1.png,Likely Invalid
CLM-00787,train,1,sample_claims/cards/train/likely_valid/CLM-00787_var1.png,Likely Valid
CLM-00787,train,0,sample_claims/cards/train/likely_valid/CLM-00787_var0.png,Likely Valid
CLM-01493,train,0,sample_claims/cards/train/likely_valid/CLM-01493_var0.png,Likely Valid
CLM-00427,train,0,sample_claims/cards/train/likely_valid/CLM-00427_var0.png,Likely Valid
CLM-01493,train,1,sample_claims/cards/train/likely_valid/CLM-01493_var1.png,Likely Valid
CLM-00427,train,1,sample_claims/cards/train/likely_valid/CLM-00427_var1.png,Likely Valid
CLM-00241,train,1,sample_claims/cards/train/likely_valid/CLM-00241_var1.png,Likely Valid
CLM-00241,train,0,sample_claims/cards/train/likely_valid/CLM-00241_var0.png,Likely Valid
CLM-02314,train,0,sample_claims/cards/train/manual_review/CLM-02314_var0.png,Manual Review Required
CLM-02314,train,1,sample_claims/cards/train/manual_review/CLM-02314_var1.png,Manual Review Required
CLM-00832,train,1,sample_claims/cards/train/manual_review/CLM-00832_var1.png,Manual Review Required
CLM-02134,train,0,sample_claims/cards/train/likely_invalid/CLM-02134_var0.png,Likely Invalid
CLM-00832,train,0,sample_claims/cards/train/manual_review/CLM-00832_var0.png,Manual Review Required
CLM-02134,train,1,sample_claims/cards/train/likely_invalid/CLM-02134_var1.png,Likely Invalid
CLM-00179,train,1,sample_claims/cards/train/likely_invalid/CLM-00179_var1.png,Likely Invalid
CLM-00179,train,0,sample_claims/cards/train/likely_invalid/CLM-00179_var0.png,Likely Invalid
CLM-01545,train,0,sample_claims/cards/train/likely_valid/CLM-01545_var0.png,Likely Valid
CLM-01545,train,1,sample_claims/cards/train/likely_valid/CLM-01545_var1.png,Likely Valid
CLM-02095,train,1,sample_claims/cards/train/likely_invalid/CLM-02095_var1.png,Likely Invalid
CLM-02095,train,0,sample_claims/cards/train/likely_invalid/CLM-02095_var0.png,Likely Invalid
CLM-00841,train,0,sample_claims/cards/train/likely_invalid/CLM-00841_var0.png,Likely Invalid
CLM-00841,train,1,sample_claims/cards/train/likely_invalid/CLM-00841_var1.png,Likely Invalid
CLM-00786,train,0,sample_claims/cards/train/likely_valid/CLM-00786_var0.png,Likely Valid
CLM-00786,train,1,sample_claims/cards/train/likely_valid/CLM-00786_var1.png,Likely Valid
CLM-01185,train,0,sample_claims/cards/train/likely_valid/CLM-01185_var0.png,Likely Valid
CLM-01185,train,1,sample_claims/cards/train/likely_valid/CLM-01185_var1.png,Likely Valid
CLM-01206,train,0,sample_claims/cards/train/likely_valid/CLM-01206_var0.png,Likely Valid
CLM-00610,train,1,sample_claims/cards/train/manual_review/CLM-00610_var1.png,Manual Review Required
CLM-01206,train,1,sample_claims/cards/train/likely_valid/CLM-01206_var1.png,Likely Valid
CLM-00610,train,0,sample_claims/cards/train/manual_review/CLM-00610_var0.png,Manual Review Required
CLM-02192,train,0,sample_claims/cards/train/manual_review/CLM-02192_var0.png,Manual Review Required
CLM-02192,train,1,sample_claims/cards/train/manual_review/CLM-02192_var1.png,Manual Review Required
CLM-00033,train,0,sample_claims/cards/train/likely_invalid/CLM-00033_var0.png,Likely Invalid
CLM-00033,train,1,sample_claims/cards/train/likely_invalid/CLM-00033_var1.png,Likely Invalid
CLM-00790,train,0,sample_claims/cards/train/manual_review/CLM-00790_var0.png,Manual Review Required
CLM-02015,train,1,sample_claims/cards/train/likely_invalid/CLM-02015_var1.png,Likely Invalid
CLM-02015,train,0,sample_claims/cards/train/likely_invalid/CLM-02015_var0.png,Likely Invalid
CLM-00790,train,1,sample_claims/cards/train/manual_review/CLM-00790_var1.png,Manual Review Required
CLM-00359,train,0,sample_claims/cards/train/likely_invalid/CLM-00359_var0.png,Likely Invalid
CLM-01370,train,0,sample_claims/cards/train/likely_valid/CLM-01370_var0.png,Likely Valid
CLM-01370,train,1,sample_claims/cards/train/likely_valid/CLM-01370_var1.png,Likely Valid
CLM-00359,train,1,sample_claims/cards/train/likely_invalid/CLM-00359_var1.png,Likely Invalid
CLM-01978,train,0,sample_claims/cards/train/likely_valid/CLM-01978_var0.png,Likely Valid
CLM-01978,train,1,sample_claims/cards/train/likely_valid/CLM-01978_var1.png,Likely Valid
CLM-00389,train,1,sample_claims/cards/train/likely_invalid/CLM-00389_var1.png,Likely Invalid
CLM-00389,train,0,sample_claims/cards/train/likely_invalid/CLM-00389_var0.png,Likely Invalid
CLM-01734,train,0,sample_claims/cards/train/likely_valid/CLM-01734_var0.png,Likely Valid
CLM-01734,train,1,sample_claims/cards/train/likely_valid/CLM-01734_var1.png,Likely Valid
CLM-00812,train,1,sample_claims/cards/train/likely_valid/CLM-00812_var1.png,Likely Valid
CLM-00812,train,0,sample_claims/cards/train/likely_valid/CLM-00812_var0.png,Likely Valid
CLM-01915,train,1,sample_claims/cards/train/likely_valid/CLM-01915_var1.png,Likely Valid
CLM-01915,train,0,sample_claims/cards/train/likely_valid/CLM-01915_var0.png,Likely Valid
CLM-00605,train,0,sample_claims/cards/train/likely_valid/CLM-00605_var0.png,Likely Valid
CLM-00605,train,1,sample_claims/cards/train/likely_valid/CLM-00605_var1.png,Likely Valid
CLM-01100,train,0,sample_claims/cards/train/manual_review/CLM-01100_var0.png,Manual Review Required
CLM-01100,train,1,sample_claims/cards/train/manual_review/CLM-01100_var1.png,Manual Review Required
CLM-00539,train,0,sample_claims/cards/train/likely_valid/CLM-00539_var0.png,Likely Valid
CLM-01127,train,0,sample_claims/cards/train/likely_invalid/CLM-01127_var0.png,Likely Invalid
CLM-00539,train,1,sample_claims/cards/train/likely_valid/CLM-00539_var1.png,Likely Valid
CLM-00969,train,0,sample_claims/cards/train/likely_valid/CLM-00969_var0.png,Likely Valid
CLM-00969,train,1,sample_claims/cards/train/likely_valid/CLM-00969_var1.png,Likely Valid
CLM-01127,train,1,sample_claims/cards/train/likely_invalid/CLM-01127_var1.png,Likely Invalid
CLM-02055,train,1,sample_claims/cards/train/likely_invalid/CLM-02055_var1.png,Likely Invalid
CLM-02055,train,0,sample_claims/cards/train/likely_invalid/CLM-02055_var0.png,Likely Invalid
CLM-01599,train,0,sample_claims/cards/train/likely_valid/CLM-01599_var0.png,Likely Valid
CLM-01599,train,1,sample_claims/cards/train/likely_valid/CLM-01599_var1.png,Likely Valid
CLM-01040,train,1,sample_claims/cards/train/manual_review/CLM-01040_var1.png,Manual Review Required
CLM-01040,train,0,sample_claims/cards/train/manual_review/CLM-01040_var0.png,Manual Review Required
CLM-02353,train,0,sample_claims/cards/train/likely_valid/CLM-02353_var0.png,Likely Valid
CLM-02353,train,1,sample_claims/cards/train/likely_valid/CLM-02353_var1.png,Likely Valid
CLM-00524,train,0,sample_claims/cards/train/likely_valid/CLM-00524_var0.png,Likely Valid
CLM-01303,train,0,sample_claims/cards/train/likely_invalid/CLM-01303_var0.png,Likely Invalid
CLM-01303,train,1,sample_claims/cards/train/likely_invalid/CLM-01303_var1.png,Likely Invalid
CLM-00524,train,1,sample_claims/cards/train/likely_valid/CLM-00524_var1.png,Likely Valid
CLM-01919,train,0,sample_claims/cards/train/manual_review/CLM-01919_var0.png,Manual Review Required
CLM-01919,train,1,sample_claims/cards/train/manual_review/CLM-01919_var1.png,Manual Review Required
CLM-01661,train,0,sample_claims/cards/train/likely_valid/CLM-01661_var0.png,Likely Valid
CLM-01661,train,1,sample_claims/cards/train/likely_valid/CLM-01661_var1.png,Likely Valid
CLM-01002,train,1,sample_claims/cards/train/likely_valid/CLM-01002_var1.png,Likely Valid
CLM-01972,train,0,sample_claims/cards/train/likely_invalid/CLM-01972_var0.png,Likely Invalid
CLM-01002,train,0,sample_claims/cards/train/likely_valid/CLM-01002_var0.png,Likely Valid
CLM-01972,train,1,sample_claims/cards/train/likely_invalid/CLM-01972_var1.png,Likely Invalid
CLM-00266,train,0,sample_claims/cards/train/likely_invalid/CLM-00266_var0.png,Likely Invalid
CLM-00079,train,0,sample_claims/cards/train/likely_valid/CLM-00079_var0.png,Likely Valid
CLM-00266,train,1,sample_claims/cards/train/likely_invalid/CLM-00266_var1.png,Likely Invalid
CLM-00079,train,1,sample_claims/cards/train/likely_valid/CLM-00079_var1.png,Likely Valid
CLM-01836,train,1,sample_claims/cards/train/likely_valid/CLM-01836_var1.png,Likely Valid
CLM-01836,train,0,sample_claims/cards/train/likely_valid/CLM-01836_var0.png,Likely Valid
CLM-01142,train,0,sample_claims/cards/train/manual_review/CLM-01142_var0.png,Manual Review Required
CLM-01142,train,1,sample_claims/cards/train/manual_review/CLM-01142_var1.png,Manual Review Required
CLM-01470,train,1,sample_claims/cards/train/likely_valid/CLM-01470_var1.png,Likely Valid
CLM-00620,train,0,sample_claims/cards/train/manual_review/CLM-00620_var0.png,Manual Review Required
CLM-01470,train,0,sample_claims/cards/train/likely_valid/CLM-01470_var0.png,Likely Valid
CLM-00620,train,1,sample_claims/cards/train/manual_review/CLM-00620_var1.png,Manual Review Required
CLM-00614,train,0,sample_claims/cards/train/likely_valid/CLM-00614_var0.png,Likely Valid
CLM-00904,train,0,sample_claims/cards/train/likely_valid/CLM-00904_var0.png,Likely Valid
CLM-00904,train,1,sample_claims/cards/train/likely_valid/CLM-00904_var1.png,Likely Valid
CLM-00614,train,1,sample_claims/cards/train/likely_valid/CLM-00614_var1.png,Likely Valid
CLM-02048,train,0,sample_claims/cards/train/likely_valid/CLM-02048_var0.png,Likely Valid
CLM-01410,train,0,sample_claims/cards/train/likely_valid/CLM-01410_var0.png,Likely Valid
CLM-02048,train,1,sample_claims/cards/train/likely_valid/CLM-02048_var1.png,Likely Valid
CLM-01410,train,1,sample_claims/cards/train/likely_valid/CLM-01410_var1.png,Likely Valid
CLM-00047,train,0,sample_claims/cards/train/likely_invalid/CLM-00047_var0.png,Likely Invalid
CLM-00047,train,1,sample_claims/cards/train/likely_invalid/CLM-00047_var1.png,Likely Invalid
CLM-00548,train,0,sample_claims/cards/train/manual_review/CLM-00548_var0.png,Manual Review Required
CLM-00548,train,1,sample_claims/cards/train/manual_review/CLM-00548_var1.png,Manual Review Required
CLM-00478,train,0,sample_claims/cards/train/manual_review/CLM-00478_var0.png,Manual Review Required
CLM-00478,train,1,sample_claims/cards/train/manual_review/CLM-00478_var1.png,Manual Review Required
CLM-00879,train,0,sample_claims/cards/train/likely_valid/CLM-00879_var0.png,Likely Valid
CLM-00879,train,1,sample_claims/cards/train/likely_valid/CLM-00879_var1.png,Likely Valid
CLM-01858,train,0,sample_claims/cards/train/manual_review/CLM-01858_var0.png,Manual Review Required
CLM-01137,train,1,sample_claims/cards/train/likely_valid/CLM-01137_var1.png,Likely Valid
CLM-01137,train,0,sample_claims/cards/train/likely_valid/CLM-01137_var0.png,Likely Valid
CLM-01858,train,1,sample_claims/cards/train/manual_review/CLM-01858_var1.png,Manual Review Required
CLM-00174,train,0,sample_claims/cards/train/likely_valid/CLM-00174_var0.png,Likely Valid
CLM-00174,train,1,sample_claims/cards/train/likely_valid/CLM-00174_var1.png,Likely Valid
CLM-01719,train,0,sample_claims/cards/train/likely_valid/CLM-01719_var0.png,Likely Valid
CLM-00028,train,0,sample_claims/cards/train/likely_valid/CLM-00028_var0.png,Likely Valid
CLM-01719,train,1,sample_claims/cards/train/likely_valid/CLM-01719_var1.png,Likely Valid
CLM-00028,train,1,sample_claims/cards/train/likely_valid/CLM-00028_var1.png,Likely Valid
CLM-00708,train,0,sample_claims/cards/train/likely_valid/CLM-00708_var0.png,Likely Valid
CLM-00708,train,1,sample_claims/cards/train/likely_valid/CLM-00708_var1.png,Likely Valid
CLM-01511,train,0,sample_claims/cards/train/likely_valid/CLM-01511_var0.png,Likely Valid
CLM-01511,train,1,sample_claims/cards/train/likely_valid/CLM-01511_var1.png,Likely Valid
CLM-01947,train,0,sample_claims/cards/train/likely_valid/CLM-01947_var0.png,Likely Valid
CLM-00672,train,0,sample_claims/cards/train/likely_valid/CLM-00672_var0.png,Likely Valid
CLM-00672,train,1,sample_claims/cards/train/likely_valid/CLM-00672_var1.png,Likely Valid
CLM-01947,train,1,sample_claims/cards/train/likely_valid/CLM-01947_var1.png,Likely Valid
CLM-02123,train,0,sample_claims/cards/train/likely_valid/CLM-02123_var0.png,Likely Valid
CLM-02123,train,1,sample_claims/cards/train/likely_valid/CLM-02123_var1.png,Likely Valid
CLM-01104,train,1,sample_claims/cards/train/likely_valid/CLM-01104_var1.png,Likely Valid
CLM-01104,train,0,sample_claims/cards/train/likely_valid/CLM-01104_var0.png,Likely Valid
CLM-01832,train,0,sample_claims/cards/train/likely_valid/CLM-01832_var0.png,Likely Valid
CLM-00233,train,0,sample_claims/cards/train/manual_review/CLM-00233_var0.png,Manual Review Required
CLM-01832,train,1,sample_claims/cards/train/likely_valid/CLM-01832_var1.png,Likely Valid
CLM-00233,train,1,sample_claims/cards/train/manual_review/CLM-00233_var1.png,Manual Review Required
CLM-00095,train,0,sample_claims/cards/train/likely_invalid/CLM-00095_var0.png,Likely Invalid
CLM-00095,train,1,sample_claims/cards/train/likely_invalid/CLM-00095_var1.png,Likely Invalid
CLM-01469,train,0,sample_claims/cards/train/likely_invalid/CLM-01469_var0.png,Likely Invalid
CLM-01469,train,1,sample_claims/cards/train/likely_invalid/CLM-01469_var1.png,Likely Invalid
CLM-00559,train,0,sample_claims/cards/train/likely_valid/CLM-00559_var0.png,Likely Valid
CLM-02350,train,0,sample_claims/cards/train/likely_valid/CLM-02350_var0.png,Likely Valid
CLM-02350,train,1,sample_claims/cards/train/likely_valid/CLM-02350_var1.png,Likely Valid
CLM-00559,train,1,sample_claims/cards/train/likely_valid/CLM-00559_var1.png,Likely Valid
CLM-01576,train,0,sample_claims/cards/train/likely_valid/CLM-01576_var0.png,Likely Valid
CLM-01576,train,1,sample_claims/cards/train/likely_valid/CLM-01576_var1.png,Likely Valid
CLM-01908,train,0,sample_claims/cards/train/likely_invalid/CLM-01908_var0.png,Likely Invalid
CLM-01908,train,1,sample_claims/cards/train/likely_invalid/CLM-01908_var1.png,Likely Invalid
CLM-00023,train,0,sample_claims/cards/train/likely_valid/CLM-00023_var0.png,Likely Valid
CLM-00023,train,1,sample_claims/cards/train/likely_valid/CLM-00023_var1.png,Likely Valid
CLM-02078,train,0,sample_claims/cards/train/manual_review/CLM-02078_var0.png,Manual Review Required
CLM-02078,train,1,sample_claims/cards/train/manual_review/CLM-02078_var1.png,Manual Review Required
CLM-01872,train,0,sample_claims/cards/train/likely_valid/CLM-01872_var0.png,Likely Valid
CLM-01872,train,1,sample_claims/cards/train/likely_valid/CLM-01872_var1.png,Likely Valid
CLM-02315,train,0,sample_claims/cards/train/likely_valid/CLM-02315_var0.png,Likely Valid
CLM-02315,train,1,sample_claims/cards/train/likely_valid/CLM-02315_var1.png,Likely Valid
CLM-01178,train,0,sample_claims/cards/train/likely_invalid/CLM-01178_var0.png,Likely Invalid
CLM-01178,train,1,sample_claims/cards/train/likely_invalid/CLM-01178_var1.png,Likely Invalid
CLM-00997,train,0,sample_claims/cards/train/manual_review/CLM-00997_var0.png,Manual Review Required
CLM-01431,train,0,sample_claims/cards/train/likely_valid/CLM-01431_var0.png,Likely Valid
CLM-01431,train,1,sample_claims/cards/train/likely_valid/CLM-01431_var1.png,Likely Valid
CLM-00997,train,1,sample_claims/cards/train/manual_review/CLM-00997_var1.png,Manual Review Required
CLM-00828,train,1,sample_claims/cards/train/likely_valid/CLM-00828_var1.png,Likely Valid
CLM-00828,train,0,sample_claims/cards/train/likely_valid/CLM-00828_var0.png,Likely Valid
CLM-00568,train,1,sample_claims/cards/train/likely_invalid/CLM-00568_var1.png,Likely Invalid
CLM-00568,train,0,sample_claims/cards/train/likely_invalid/CLM-00568_var0.png,Likely Invalid
CLM-02050,train,0,sample_claims/cards/train/likely_valid/CLM-02050_var0.png,Likely Valid
CLM-02050,train,1,sample_claims/cards/train/likely_valid/CLM-02050_var1.png,Likely Valid
CLM-01020,train,1,sample_claims/cards/train/likely_invalid/CLM-01020_var1.png,Likely Invalid
CLM-01020,train,0,sample_claims/cards/train/likely_invalid/CLM-01020_var0.png,Likely Invalid
CLM-00096,train,0,sample_claims/cards/train/manual_review/CLM-00096_var0.png,Manual Review Required
CLM-00096,train,1,sample_claims/cards/train/manual_review/CLM-00096_var1.png,Manual Review Required
CLM-00794,train,1,sample_claims/cards/train/manual_review/CLM-00794_var1.png,Manual Review Required
CLM-00794,train,0,sample_claims/cards/train/manual_review/CLM-00794_var0.png,Manual Review Required
CLM-00715,train,0,sample_claims/cards/train/likely_valid/CLM-00715_var0.png,Likely Valid
CLM-00765,train,0,sample_claims/cards/train/manual_review/CLM-00765_var0.png,Manual Review Required
CLM-00715,train,1,sample_claims/cards/train/likely_valid/CLM-00715_var1.png,Likely Valid
CLM-00552,train,0,sample_claims/cards/train/likely_invalid/CLM-00552_var0.png,Likely Invalid
CLM-00765,train,1,sample_claims/cards/train/manual_review/CLM-00765_var1.png,Manual Review Required
CLM-01305,train,0,sample_claims/cards/train/manual_review/CLM-01305_var0.png,Manual Review Required
CLM-01305,train,1,sample_claims/cards/train/manual_review/CLM-01305_var1.png,Manual Review Required
CLM-00173,train,0,sample_claims/cards/train/likely_invalid/CLM-00173_var0.png,Likely Invalid
CLM-00552,train,1,sample_claims/cards/train/likely_invalid/CLM-00552_var1.png,Likely Invalid
CLM-00173,train,1,sample_claims/cards/train/likely_invalid/CLM-00173_var1.png,Likely Invalid
CLM-01319,train,0,sample_claims/cards/train/manual_review/CLM-01319_var0.png,Manual Review Required
CLM-01319,train,1,sample_claims/cards/train/manual_review/CLM-01319_var1.png,Manual Review Required
CLM-00908,train,0,sample_claims/cards/train/likely_invalid/CLM-00908_var0.png,Likely Invalid
CLM-01308,train,0,sample_claims/cards/train/manual_review/CLM-01308_var0.png,Manual Review Required
CLM-00908,train,1,sample_claims/cards/train/likely_invalid/CLM-00908_var1.png,Likely Invalid
CLM-00988,train,0,sample_claims/cards/train/likely_valid/CLM-00988_var0.png,Likely Valid
CLM-01308,train,1,sample_claims/cards/train/manual_review/CLM-01308_var1.png,Manual Review Required
CLM-00988,train,1,sample_claims/cards/train/likely_valid/CLM-00988_var1.png,Likely Valid
CLM-00158,train,0,sample_claims/cards/train/likely_valid/CLM-00158_var0.png,Likely Valid
CLM-00158,train,1,sample_claims/cards/train/likely_valid/CLM-00158_var1.png,Likely Valid
CLM-02443,train,0,sample_claims/cards/train/likely_valid/CLM-02443_var0.png,Likely Valid
CLM-02443,train,1,sample_claims/cards/train/likely_valid/CLM-02443_var1.png,Likely Valid
CLM-01199,train,0,sample_claims/cards/train/likely_invalid/CLM-01199_var0.png,Likely Invalid
CLM-01839,train,1,sample_claims/cards/train/likely_invalid/CLM-01839_var1.png,Likely Invalid
CLM-01199,train,1,sample_claims/cards/train/likely_invalid/CLM-01199_var1.png,Likely Invalid
CLM-01839,train,0,sample_claims/cards/train/likely_invalid/CLM-01839_var0.png,Likely Invalid
CLM-02456,train,0,sample_claims/cards/train/likely_invalid/CLM-02456_var0.png,Likely Invalid
CLM-02456,train,1,sample_claims/cards/train/likely_invalid/CLM-02456_var1.png,Likely Invalid
CLM-01643,train,0,sample_claims/cards/train/likely_valid/CLM-01643_var0.png,Likely Valid
CLM-01643,train,1,sample_claims/cards/train/likely_valid/CLM-01643_var1.png,Likely Valid
CLM-00355,train,0,sample_claims/cards/train/likely_valid/CLM-00355_var0.png,Likely Valid
CLM-00355,train,1,sample_claims/cards/train/likely_valid/CLM-00355_var1.png,Likely Valid
CLM-01883,train,0,sample_claims/cards/train/likely_valid/CLM-01883_var0.png,Likely Valid
CLM-01883,train,1,sample_claims/cards/train/likely_valid/CLM-01883_var1.png,Likely Valid
CLM-02480,train,0,sample_claims/cards/train/likely_valid/CLM-02480_var0.png,Likely Valid
CLM-02480,train,1,sample_claims/cards/train/likely_valid/CLM-02480_var1.png,Likely Valid
CLM-00373,train,0,sample_claims/cards/train/manual_review/CLM-00373_var0.png,Manual Review Required
CLM-00373,train,1,sample_claims/cards/train/manual_review/CLM-00373_var1.png,Manual Review Required
CLM-02322,train,0,sample_claims/cards/train/likely_invalid/CLM-02322_var0.png,Likely Invalid
CLM-02322,train,1,sample_claims/cards/train/likely_invalid/CLM-02322_var1.png,Likely Invalid
CLM-01618,train,0,sample_claims/cards/train/likely_valid/CLM-01618_var0.png,Likely Valid
CLM-01618,train,1,sample_claims/cards/train/likely_valid/CLM-01618_var1.png,Likely Valid
CLM-02075,train,0,sample_claims/cards/train/likely_valid/CLM-02075_var0.png,Likely Valid
CLM-02075,train,1,sample_claims/cards/train/likely_valid/CLM-02075_var1.png,Likely Valid
CLM-01753,train,0,sample_claims/cards/train/likely_valid/CLM-01753_var0.png,Likely Valid
CLM-01753,train,1,sample_claims/cards/train/likely_valid/CLM-01753_var1.png,Likely Valid
CLM-02434,train,0,sample_claims/cards/train/likely_valid/CLM-02434_var0.png,Likely Valid
CLM-02434,train,1,sample_claims/cards/train/likely_valid/CLM-02434_var1.png,Likely Valid
CLM-02437,train,0,sample_claims/cards/train/likely_invalid/CLM-02437_var0.png,Likely Invalid
CLM-02437,train,1,sample_claims/cards/train/likely_invalid/CLM-02437_var1.png,Likely Invalid
CLM-00487,train,0,sample_claims/cards/train/likely_valid/CLM-00487_var0.png,Likely Valid
CLM-00487,train,1,sample_claims/cards/train/likely_valid/CLM-00487_var1.png,Likely Valid
CLM-01429,train,0,sample_claims/cards/train/manual_review/CLM-01429_var0.png,Manual Review Required
CLM-01429,train,1,sample_claims/cards/train/manual_review/CLM-01429_var1.png,Manual Review Required
CLM-01917,train,0,sample_claims/cards/train/manual_review/CLM-01917_var0.png,Manual Review Required
CLM-01917,train,1,sample_claims/cards/train/manual_review/CLM-01917_var1.png,Manual Review Required
CLM-01627,train,0,sample_claims/cards/train/likely_valid/CLM-01627_var0.png,Likely Valid
CLM-01627,train,1,sample_claims/cards/train/likely_valid/CLM-01627_var1.png,Likely Valid
CLM-00222,train,0,sample_claims/cards/train/likely_valid/CLM-00222_var0.png,Likely Valid
CLM-00222,train,1,sample_claims/cards/train/likely_valid/CLM-00222_var1.png,Likely Valid
CLM-01483,train,1,sample_claims/cards/train/likely_invalid/CLM-01483_var1.png,Likely Invalid
CLM-01483,train,0,sample_claims/cards/train/likely_invalid/CLM-01483_var0.png,Likely Invalid
CLM-00228,train,0,sample_claims/cards/train/manual_review/CLM-00228_var0.png,Manual Review Required
CLM-00757,train,0,sample_claims/cards/train/likely_valid/CLM-00757_var0.png,Likely Valid
CLM-00228,train,1,sample_claims/cards/train/manual_review/CLM-00228_var1.png,Manual Review Required
CLM-00757,train,1,sample_claims/cards/train/likely_valid/CLM-00757_var1.png,Likely Valid
CLM-00007,train,0,sample_claims/cards/train/likely_valid/CLM-00007_var0.png,Likely Valid
CLM-00007,train,1,sample_claims/cards/train/likely_valid/CLM-00007_var1.png,Likely Valid
CLM-00313,train,0,sample_claims/cards/train/likely_valid/CLM-00313_var0.png,Likely Valid
CLM-00313,train,1,sample_claims/cards/train/likely_valid/CLM-00313_var1.png,Likely Valid
CLM-01000,train,0,sample_claims/cards/train/likely_valid/CLM-01000_var0.png,Likely Valid
CLM-00423,train,0,sample_claims/cards/train/likely_valid/CLM-00423_var0.png,Likely Valid
CLM-00423,train,1,sample_claims/cards/train/likely_valid/CLM-00423_var1.png,Likely Valid
CLM-01000,train,1,sample_claims/cards/train/likely_valid/CLM-01000_var1.png,Likely Valid
CLM-02228,train,1,sample_claims/cards/train/likely_invalid/CLM-02228_var1.png,Likely Invalid
CLM-02228,train,0,sample_claims/cards/train/likely_invalid/CLM-02228_var0.png,Likely Invalid
CLM-00291,train,1,sample_claims/cards/train/likely_valid/CLM-00291_var1.png,Likely Valid
CLM-00291,train,0,sample_claims/cards/train/likely_valid/CLM-00291_var0.png,Likely Valid
CLM-00590,train,1,sample_claims/cards/train/likely_valid/CLM-00590_var1.png,Likely Valid
CLM-00590,train,0,sample_claims/cards/train/likely_valid/CLM-00590_var0.png,Likely Valid
CLM-01852,train,1,sample_claims/cards/train/manual_review/CLM-01852_var1.png,Manual Review Required
CLM-01852,train,0,sample_claims/cards/train/manual_review/CLM-01852_var0.png,Manual Review Required
CLM-02485,train,1,sample_claims/cards/train/likely_invalid/CLM-02485_var1.png,Likely Invalid
CLM-02485,train,0,sample_claims/cards/train/likely_invalid/CLM-02485_var0.png,Likely Invalid
CLM-01813,train,1,sample_claims/cards/train/likely_invalid/CLM-01813_var1.png,Likely Invalid
CLM-01813,train,0,sample_claims/cards/train/likely_invalid/CLM-01813_var0.png,Likely Invalid
CLM-01038,train,0,sample_claims/cards/train/likely_valid/CLM-01038_var0.png,Likely Valid
CLM-01038,train,1,sample_claims/cards/train/likely_valid/CLM-01038_var1.png,Likely Valid
CLM-01495,train,1,sample_claims/cards/train/likely_valid/CLM-01495_var1.png,Likely Valid
CLM-01495,train,0,sample_claims/cards/train/likely_valid/CLM-01495_var0.png,Likely Valid
CLM-01992,train,0,sample_claims/cards/train/likely_invalid/CLM-01992_var0.png,Likely Invalid
CLM-01992,train,1,sample_claims/cards/train/likely_invalid/CLM-01992_var1.png,Likely Invalid
CLM-00668,train,1,sample_claims/cards/train/likely_valid/CLM-00668_var1.png,Likely Valid
CLM-00668,train,0,sample_claims/cards/train/likely_valid/CLM-00668_var0.png,Likely Valid
CLM-02067,train,1,sample_claims/cards/train/likely_invalid/CLM-02067_var1.png,Likely Invalid
CLM-02067,train,0,sample_claims/cards/train/likely_invalid/CLM-02067_var0.png,Likely Invalid
CLM-00676,train,0,sample_claims/cards/train/likely_valid/CLM-00676_var0.png,Likely Valid
CLM-02093,train,0,sample_claims/cards/train/likely_invalid/CLM-02093_var0.png,Likely Invalid
CLM-00676,train,1,sample_claims/cards/train/likely_valid/CLM-00676_var1.png,Likely Valid
CLM-02093,train,1,sample_claims/cards/train/likely_invalid/CLM-02093_var1.png,Likely Invalid
CLM-00281,train,1,sample_claims/cards/train/manual_review/CLM-00281_var1.png,Manual Review Required
CLM-00281,train,0,sample_claims/cards/train/manual_review/CLM-00281_var0.png,Manual Review Required
CLM-01793,train,0,sample_claims/cards/train/likely_valid/CLM-01793_var0.png,Likely Valid
CLM-01793,train,1,sample_claims/cards/train/likely_valid/CLM-01793_var1.png,Likely Valid
CLM-00894,train,1,sample_claims/cards/train/likely_valid/CLM-00894_var1.png,Likely Valid
CLM-00894,train,0,sample_claims/cards/train/likely_valid/CLM-00894_var0.png,Likely Valid
CLM-01906,train,0,sample_claims/cards/train/manual_review/CLM-01906_var0.png,Manual Review Required
CLM-01848,train,0,sample_claims/cards/train/likely_valid/CLM-01848_var0.png,Likely Valid
CLM-01906,train,1,sample_claims/cards/train/manual_review/CLM-01906_var1.png,Manual Review Required
CLM-01210,train,0,sample_claims/cards/train/manual_review/CLM-01210_var0.png,Manual Review Required
CLM-01848,train,1,sample_claims/cards/train/likely_valid/CLM-01848_var1.png,Likely Valid
CLM-01210,train,1,sample_claims/cards/train/manual_review/CLM-01210_var1.png,Manual Review Required
CLM-01935,train,0,sample_claims/cards/train/likely_invalid/CLM-01935_var0.png,Likely Invalid
CLM-01935,train,1,sample_claims/cards/train/likely_invalid/CLM-01935_var1.png,Likely Invalid
CLM-00259,train,0,sample_claims/cards/train/likely_invalid/CLM-00259_var0.png,Likely Invalid
CLM-00259,train,1,sample_claims/cards/train/likely_invalid/CLM-00259_var1.png,Likely Invalid
CLM-02226,train,1,sample_claims/cards/train/likely_valid/CLM-02226_var1.png,Likely Valid
CLM-00618,train,0,sample_claims/cards/train/likely_invalid/CLM-00618_var0.png,Likely Invalid
CLM-02226,train,0,sample_claims/cards/train/likely_valid/CLM-02226_var0.png,Likely Valid
CLM-00618,train,1,sample_claims/cards/train/likely_invalid/CLM-00618_var1.png,Likely Invalid
CLM-00267,train,1,sample_claims/cards/train/likely_valid/CLM-00267_var1.png,Likely Valid
CLM-00267,train,0,sample_claims/cards/train/likely_valid/CLM-00267_var0.png,Likely Valid
CLM-01351,train,0,sample_claims/cards/train/likely_valid/CLM-01351_var0.png,Likely Valid
CLM-01351,train,1,sample_claims/cards/train/likely_valid/CLM-01351_var1.png,Likely Valid
CLM-00306,train,1,sample_claims/cards/train/manual_review/CLM-00306_var1.png,Manual Review Required
CLM-00306,train,0,sample_claims/cards/train/manual_review/CLM-00306_var0.png,Manual Review Required
CLM-01026,train,0,sample_claims/cards/train/manual_review/CLM-01026_var0.png,Manual Review Required
CLM-01746,train,0,sample_claims/cards/train/likely_valid/CLM-01746_var0.png,Likely Valid
CLM-01746,train,1,sample_claims/cards/train/likely_valid/CLM-01746_var1.png,Likely Valid
CLM-01026,train,1,sample_claims/cards/train/manual_review/CLM-01026_var1.png,Manual Review Required
CLM-01544,train,0,sample_claims/cards/train/likely_valid/CLM-01544_var0.png,Likely Valid
CLM-02011,train,0,sample_claims/cards/train/likely_invalid/CLM-02011_var0.png,Likely Invalid
CLM-01544,train,1,sample_claims/cards/train/likely_valid/CLM-01544_var1.png,Likely Valid
CLM-01407,train,0,sample_claims/cards/train/likely_valid/CLM-01407_var0.png,Likely Valid
CLM-02011,train,1,sample_claims/cards/train/likely_invalid/CLM-02011_var1.png,Likely Invalid
CLM-01407,train,1,sample_claims/cards/train/likely_valid/CLM-01407_var1.png,Likely Valid
CLM-02081,train,0,sample_claims/cards/train/likely_invalid/CLM-02081_var0.png,Likely Invalid
CLM-02128,train,0,sample_claims/cards/train/likely_invalid/CLM-02128_var0.png,Likely Invalid
CLM-02081,train,1,sample_claims/cards/train/likely_invalid/CLM-02081_var1.png,Likely Invalid
CLM-01703,train,1,sample_claims/cards/train/likely_invalid/CLM-01703_var1.png,Likely Invalid
CLM-02128,train,1,sample_claims/cards/train/likely_invalid/CLM-02128_var1.png,Likely Invalid
CLM-01703,train,0,sample_claims/cards/train/likely_invalid/CLM-01703_var0.png,Likely Invalid
CLM-00942,train,0,sample_claims/cards/train/likely_valid/CLM-00942_var0.png,Likely Valid
CLM-02117,train,0,sample_claims/cards/train/likely_valid/CLM-02117_var0.png,Likely Valid
CLM-00942,train,1,sample_claims/cards/train/likely_valid/CLM-00942_var1.png,Likely Valid
CLM-02117,train,1,sample_claims/cards/train/likely_valid/CLM-02117_var1.png,Likely Valid
CLM-02088,train,0,sample_claims/cards/train/manual_review/CLM-02088_var0.png,Manual Review Required
CLM-02088,train,1,sample_claims/cards/train/manual_review/CLM-02088_var1.png,Manual Review Required
CLM-01892,train,0,sample_claims/cards/train/likely_valid/CLM-01892_var0.png,Likely Valid
CLM-01892,train,1,sample_claims/cards/train/likely_valid/CLM-01892_var1.png,Likely Valid
CLM-02264,train,0,sample_claims/cards/train/likely_invalid/CLM-02264_var0.png,Likely Invalid
CLM-02264,train,1,sample_claims/cards/train/likely_invalid/CLM-02264_var1.png,Likely Invalid
CLM-00065,train,1,sample_claims/cards/train/likely_valid/CLM-00065_var1.png,Likely Valid
CLM-00065,train,0,sample_claims/cards/train/likely_valid/CLM-00065_var0.png,Likely Valid
CLM-01134,train,0,sample_claims/cards/train/likely_invalid/CLM-01134_var0.png,Likely Invalid
CLM-01134,train,1,sample_claims/cards/train/likely_invalid/CLM-01134_var1.png,Likely Invalid
CLM-01752,train,1,sample_claims/cards/train/manual_review/CLM-01752_var1.png,Manual Review Required
CLM-01752,train,0,sample_claims/cards/train/manual_review/CLM-01752_var0.png,Manual Review Required
CLM-00204,train,0,sample_claims/cards/train/likely_valid/CLM-00204_var0.png,Likely Valid
CLM-00204,train,1,sample_claims/cards/train/likely_valid/CLM-00204_var1.png,Likely Valid
CLM-01145,train,0,sample_claims/cards/train/likely_valid/CLM-01145_var0.png,Likely Valid
CLM-01145,train,1,sample_claims/cards/train/likely_valid/CLM-01145_var1.png,Likely Valid
CLM-00113,train,0,sample_claims/cards/train/likely_invalid/CLM-00113_var0.png,Likely Invalid
CLM-00113,train,1,sample_claims/cards/train/likely_invalid/CLM-00113_var1.png,Likely Invalid
CLM-02411,train,1,sample_claims/cards/train/likely_valid/CLM-02411_var1.png,Likely Valid
CLM-02411,train,0,sample_claims/cards/train/likely_valid/CLM-02411_var0.png,Likely Valid
CLM-00895,train,0,sample_claims/cards/train/likely_valid/CLM-00895_var0.png,Likely Valid
CLM-00463,train,0,sample_claims/cards/train/manual_review/CLM-00463_var0.png,Manual Review Required
CLM-00895,train,1,sample_claims/cards/train/likely_valid/CLM-00895_var1.png,Likely Valid
CLM-00463,train,1,sample_claims/cards/train/manual_review/CLM-00463_var1.png,Manual Review Required
CLM-01157,train,0,sample_claims/cards/train/likely_valid/CLM-01157_var0.png,Likely Valid
CLM-01157,train,1,sample_claims/cards/train/likely_valid/CLM-01157_var1.png,Likely Valid
CLM-00821,train,1,sample_claims/cards/train/likely_valid/CLM-00821_var1.png,Likely Valid
CLM-00821,train,0,sample_claims/cards/train/likely_valid/CLM-00821_var0.png,Likely Valid
CLM-00921,train,0,sample_claims/cards/train/likely_valid/CLM-00921_var0.png,Likely Valid
CLM-00921,train,1,sample_claims/cards/train/likely_valid/CLM-00921_var1.png,Likely Valid
CLM-02100,train,1,sample_claims/cards/train/likely_valid/CLM-02100_var1.png,Likely Valid
CLM-02100,train,0,sample_claims/cards/train/likely_valid/CLM-02100_var0.png,Likely Valid
CLM-01237,train,0,sample_claims/cards/train/likely_valid/CLM-01237_var0.png,Likely Valid
CLM-00736,train,0,sample_claims/cards/train/manual_review/CLM-00736_var0.png,Manual Review Required
CLM-01237,train,1,sample_claims/cards/train/likely_valid/CLM-01237_var1.png,Likely Valid
CLM-00736,train,1,sample_claims/cards/train/manual_review/CLM-00736_var1.png,Manual Review Required
CLM-00970,train,0,sample_claims/cards/train/likely_valid/CLM-00970_var0.png,Likely Valid
CLM-00970,train,1,sample_claims/cards/train/likely_valid/CLM-00970_var1.png,Likely Valid
CLM-00309,train,0,sample_claims/cards/train/manual_review/CLM-00309_var0.png,Manual Review Required
CLM-00309,train,1,sample_claims/cards/train/manual_review/CLM-00309_var1.png,Manual Review Required
CLM-02491,train,0,sample_claims/cards/train/likely_invalid/CLM-02491_var0.png,Likely Invalid
CLM-02491,train,1,sample_claims/cards/train/likely_invalid/CLM-02491_var1.png,Likely Invalid
CLM-02495,train,0,sample_claims/cards/train/likely_valid/CLM-02495_var0.png,Likely Valid
CLM-02495,train,1,sample_claims/cards/train/likely_valid/CLM-02495_var1.png,Likely Valid
CLM-01259,train,0,sample_claims/cards/train/likely_invalid/CLM-01259_var0.png,Likely Invalid
CLM-01259,train,1,sample_claims/cards/train/likely_invalid/CLM-01259_var1.png,Likely Invalid
CLM-01062,train,0,sample_claims/cards/train/likely_invalid/CLM-01062_var0.png,Likely Invalid
CLM-01062,train,1,sample_claims/cards/train/likely_invalid/CLM-01062_var1.png,Likely Invalid
CLM-01054,train,1,sample_claims/cards/train/likely_valid/CLM-01054_var1.png,Likely Valid
CLM-01054,train,0,sample_claims/cards/train/likely_valid/CLM-01054_var0.png,Likely Valid
CLM-01108,train,0,sample_claims/cards/train/likely_invalid/CLM-01108_var0.png,Likely Invalid
CLM-01108,train,1,sample_claims/cards/train/likely_invalid/CLM-01108_var1.png,Likely Invalid
CLM-01188,train,1,sample_claims/cards/train/manual_review/CLM-01188_var1.png,Manual Review Required
CLM-02365,train,0,sample_claims/cards/train/likely_valid/CLM-02365_var0.png,Likely Valid
CLM-01188,train,0,sample_claims/cards/train/manual_review/CLM-01188_var0.png,Manual Review Required
CLM-02365,train,1,sample_claims/cards/train/likely_valid/CLM-02365_var1.png,Likely Valid
CLM-01386,train,0,sample_claims/cards/train/likely_invalid/CLM-01386_var0.png,Likely Invalid
CLM-01397,train,0,sample_claims/cards/train/manual_review/CLM-01397_var0.png,Manual Review Required
CLM-01386,train,1,sample_claims/cards/train/likely_invalid/CLM-01386_var1.png,Likely Invalid
CLM-01397,train,1,sample_claims/cards/train/manual_review/CLM-01397_var1.png,Manual Review Required
CLM-02193,train,0,sample_claims/cards/train/likely_valid/CLM-02193_var0.png,Likely Valid
CLM-02193,train,1,sample_claims/cards/train/likely_valid/CLM-02193_var1.png,Likely Valid
CLM-01552,train,0,sample_claims/cards/train/likely_invalid/CLM-01552_var0.png,Likely Invalid
CLM-01552,train,1,sample_claims/cards/train/likely_invalid/CLM-01552_var1.png,Likely Invalid
CLM-02110,train,1,sample_claims/cards/train/likely_valid/CLM-02110_var1.png,Likely Valid
CLM-02110,train,0,sample_claims/cards/train/likely_valid/CLM-02110_var0.png,Likely Valid
CLM-01292,train,1,sample_claims/cards/train/likely_valid/CLM-01292_var1.png,Likely Valid
CLM-01292,train,0,sample_claims/cards/train/likely_valid/CLM-01292_var0.png,Likely Valid
CLM-00901,train,1,sample_claims/cards/train/likely_valid/CLM-00901_var1.png,Likely Valid
CLM-00901,train,0,sample_claims/cards/train/likely_valid/CLM-00901_var0.png,Likely Valid
CLM-01634,train,0,sample_claims/cards/train/likely_invalid/CLM-01634_var0.png,Likely Invalid
CLM-01634,train,1,sample_claims/cards/train/likely_invalid/CLM-01634_var1.png,Likely Invalid
CLM-00855,train,0,sample_claims/cards/train/manual_review/CLM-00855_var0.png,Manual Review Required
CLM-00855,train,1,sample_claims/cards/train/manual_review/CLM-00855_var1.png,Manual Review Required
CLM-01818,train,0,sample_claims/cards/train/manual_review/CLM-01818_var0.png,Manual Review Required
CLM-01818,train,1,sample_claims/cards/train/manual_review/CLM-01818_var1.png,Manual Review Required
CLM-00225,train,0,sample_claims/cards/train/manual_review/CLM-00225_var0.png,Manual Review Required
CLM-00225,train,1,sample_claims/cards/train/manual_review/CLM-00225_var1.png,Manual Review Required
CLM-02208,train,0,sample_claims/cards/train/likely_invalid/CLM-02208_var0.png,Likely Invalid
CLM-02208,train,1,sample_claims/cards/train/likely_invalid/CLM-02208_var1.png,Likely Invalid
CLM-02391,train,1,sample_claims/cards/train/manual_review/CLM-02391_var1.png,Manual Review Required
CLM-02391,train,0,sample_claims/cards/train/manual_review/CLM-02391_var0.png,Manual Review Required
CLM-00064,train,0,sample_claims/cards/train/likely_valid/CLM-00064_var0.png,Likely Valid
CLM-00064,train,1,sample_claims/cards/train/likely_valid/CLM-00064_var1.png,Likely Valid
CLM-00232,train,0,sample_claims/cards/train/likely_valid/CLM-00232_var0.png,Likely Valid
CLM-00232,train,1,sample_claims/cards/train/likely_valid/CLM-00232_var1.png,Likely Valid
CLM-01647,train,1,sample_claims/cards/train/manual_review/CLM-01647_var1.png,Manual Review Required
CLM-01647,train,0,sample_claims/cards/train/manual_review/CLM-01647_var0.png,Manual Review Required
CLM-00902,train,1,sample_claims/cards/train/likely_valid/CLM-00902_var1.png,Likely Valid
CLM-00902,train,0,sample_claims/cards/train/likely_valid/CLM-00902_var0.png,Likely Valid
CLM-00165,train,1,sample_claims/cards/train/manual_review/CLM-00165_var1.png,Manual Review Required
CLM-00165,train,0,sample_claims/cards/train/manual_review/CLM-00165_var0.png,Manual Review Required
CLM-01658,train,0,sample_claims/cards/train/manual_review/CLM-01658_var0.png,Manual Review Required
CLM-01658,train,1,sample_claims/cards/train/manual_review/CLM-01658_var1.png,Manual Review Required
CLM-01391,train,0,sample_claims/cards/train/manual_review/CLM-01391_var0.png,Manual Review Required
CLM-01391,train,1,sample_claims/cards/train/manual_review/CLM-01391_var1.png,Manual Review Required
CLM-00080,train,0,sample_claims/cards/train/manual_review/CLM-00080_var0.png,Manual Review Required
CLM-00080,train,1,sample_claims/cards/train/manual_review/CLM-00080_var1.png,Manual Review Required
CLM-01555,train,1,sample_claims/cards/train/likely_valid/CLM-01555_var1.png,Likely Valid
CLM-01555,train,0,sample_claims/cards/train/likely_valid/CLM-01555_var0.png,Likely Valid
CLM-02371,train,1,sample_claims/cards/train/likely_invalid/CLM-02371_var1.png,Likely Invalid
CLM-02371,train,0,sample_claims/cards/train/likely_invalid/CLM-02371_var0.png,Likely Invalid
CLM-01251,train,0,sample_claims/cards/train/likely_invalid/CLM-01251_var0.png,Likely Invalid
CLM-01251,train,1,sample_claims/cards/train/likely_invalid/CLM-01251_var1.png,Likely Invalid
CLM-02423,train,0,sample_claims/cards/train/likely_valid/CLM-02423_var0.png,Likely Valid
CLM-02423,train,1,sample_claims/cards/train/likely_valid/CLM-02423_var1.png,Likely Valid
CLM-00561,train,0,sample_claims/cards/train/likely_valid/CLM-00561_var0.png,Likely Valid
CLM-01039,train,0,sample_claims/cards/train/likely_valid/CLM-01039_var0.png,Likely Valid
CLM-02452,train,0,sample_claims/cards/train/likely_valid/CLM-02452_var0.png,Likely Valid
CLM-00561,train,1,sample_claims/cards/train/likely_valid/CLM-00561_var1.png,Likely Valid
CLM-02452,train,1,sample_claims/cards/train/likely_valid/CLM-02452_var1.png,Likely Valid
CLM-01039,train,1,sample_claims/cards/train/likely_valid/CLM-01039_var1.png,Likely Valid
CLM-01341,train,0,sample_claims/cards/train/likely_invalid/CLM-01341_var0.png,Likely Invalid
CLM-01553,train,1,sample_claims/cards/train/likely_valid/CLM-01553_var1.png,Likely Valid
CLM-01553,train,0,sample_claims/cards/train/likely_valid/CLM-01553_var0.png,Likely Valid
CLM-01341,train,1,sample_claims/cards/train/likely_invalid/CLM-01341_var1.png,Likely Invalid
CLM-00479,train,0,sample_claims/cards/train/likely_valid/CLM-00479_var0.png,Likely Valid
CLM-01837,train,0,sample_claims/cards/train/likely_invalid/CLM-01837_var0.png,Likely Invalid
CLM-00479,train,1,sample_claims/cards/train/likely_valid/CLM-00479_var1.png,Likely Valid
CLM-01837,train,1,sample_claims/cards/train/likely_invalid/CLM-01837_var1.png,Likely Invalid
CLM-01556,train,1,sample_claims/cards/train/likely_invalid/CLM-01556_var1.png,Likely Invalid
CLM-01556,train,0,sample_claims/cards/train/likely_invalid/CLM-01556_var0.png,Likely Invalid
CLM-00820,train,0,sample_claims/cards/train/likely_invalid/CLM-00820_var0.png,Likely Invalid
CLM-00820,train,1,sample_claims/cards/train/likely_invalid/CLM-00820_var1.png,Likely Invalid
CLM-00098,train,1,sample_claims/cards/train/likely_valid/CLM-00098_var1.png,Likely Valid
CLM-00098,train,0,sample_claims/cards/train/likely_valid/CLM-00098_var0.png,Likely Valid
CLM-01324,train,0,sample_claims/cards/train/likely_invalid/CLM-01324_var0.png,Likely Invalid
CLM-01324,train,1,sample_claims/cards/train/likely_invalid/CLM-01324_var1.png,Likely Invalid
CLM-00341,train,1,sample_claims/cards/train/likely_valid/CLM-00341_var1.png,Likely Valid
CLM-00341,train,0,sample_claims/cards/train/likely_valid/CLM-00341_var0.png,Likely Valid
CLM-00275,train,0,sample_claims/cards/train/likely_valid/CLM-00275_var0.png,Likely Valid
CLM-00275,train,1,sample_claims/cards/train/likely_valid/CLM-00275_var1.png,Likely Valid
CLM-00379,train,1,sample_claims/cards/train/likely_invalid/CLM-00379_var1.png,Likely Invalid
CLM-00379,train,0,sample_claims/cards/train/likely_invalid/CLM-00379_var0.png,Likely Invalid
CLM-01592,train,0,sample_claims/cards/train/likely_invalid/CLM-01592_var0.png,Likely Invalid
CLM-01592,train,1,sample_claims/cards/train/likely_invalid/CLM-01592_var1.png,Likely Invalid
CLM-02327,train,0,sample_claims/cards/train/likely_invalid/CLM-02327_var0.png,Likely Invalid
CLM-02327,train,1,sample_claims/cards/train/likely_invalid/CLM-02327_var1.png,Likely Invalid
CLM-01277,train,1,sample_claims/cards/train/likely_valid/CLM-01277_var1.png,Likely Valid
CLM-01277,train,0,sample_claims/cards/train/likely_valid/CLM-01277_var0.png,Likely Valid
CLM-00937,train,0,sample_claims/cards/train/likely_invalid/CLM-00937_var0.png,Likely Invalid
CLM-00937,train,1,sample_claims/cards/train/likely_invalid/CLM-00937_var1.png,Likely Invalid
CLM-00724,train,0,sample_claims/cards/train/manual_review/CLM-00724_var0.png,Manual Review Required
CLM-00724,train,1,sample_claims/cards/train/manual_review/CLM-00724_var1.png,Manual Review Required
CLM-02379,train,0,sample_claims/cards/train/manual_review/CLM-02379_var0.png,Manual Review Required
CLM-02379,train,1,sample_claims/cards/train/manual_review/CLM-02379_var1.png,Manual Review Required
CLM-00187,train,0,sample_claims/cards/train/likely_invalid/CLM-00187_var0.png,Likely Invalid
CLM-00187,train,1,sample_claims/cards/train/likely_invalid/CLM-00187_var1.png,Likely Invalid
CLM-01160,train,0,sample_claims/cards/train/manual_review/CLM-01160_var0.png,Manual Review Required
CLM-01160,train,1,sample_claims/cards/train/manual_review/CLM-01160_var1.png,Manual Review Required
CLM-00940,train,0,sample_claims/cards/train/manual_review/CLM-00940_var0.png,Manual Review Required
CLM-00940,train,1,sample_claims/cards/train/manual_review/CLM-00940_var1.png,Manual Review Required
CLM-00150,train,0,sample_claims/cards/train/likely_invalid/CLM-00150_var0.png,Likely Invalid
CLM-01840,train,1,sample_claims/cards/train/likely_invalid/CLM-01840_var1.png,Likely Invalid
CLM-01840,train,0,sample_claims/cards/train/likely_invalid/CLM-01840_var0.png,Likely Invalid
CLM-00150,train,1,sample_claims/cards/train/likely_invalid/CLM-00150_var1.png,Likely Invalid
CLM-01085,train,0,sample_claims/cards/train/manual_review/CLM-01085_var0.png,Manual Review Required
CLM-01085,train,1,sample_claims/cards/train/manual_review/CLM-01085_var1.png,Manual Review Required
CLM-01588,train,0,sample_claims/cards/train/manual_review/CLM-01588_var0.png,Manual Review Required
CLM-01588,train,1,sample_claims/cards/train/manual_review/CLM-01588_var1.png,Manual Review Required
CLM-00458,train,0,sample_claims/cards/train/likely_valid/CLM-00458_var0.png,Likely Valid
CLM-00458,train,1,sample_claims/cards/train/likely_valid/CLM-00458_var1.png,Likely Valid
CLM-00529,train,0,sample_claims/cards/train/likely_invalid/CLM-00529_var0.png,Likely Invalid
CLM-01554,train,1,sample_claims/cards/train/likely_valid/CLM-01554_var1.png,Likely Valid
CLM-00529,train,1,sample_claims/cards/train/likely_invalid/CLM-00529_var1.png,Likely Invalid
CLM-01554,train,0,sample_claims/cards/train/likely_valid/CLM-01554_var0.png,Likely Valid
CLM-02392,train,0,sample_claims/cards/train/likely_invalid/CLM-02392_var0.png,Likely Invalid
CLM-02392,train,1,sample_claims/cards/train/likely_invalid/CLM-02392_var1.png,Likely Invalid
CLM-01572,train,0,sample_claims/cards/train/likely_valid/CLM-01572_var0.png,Likely Valid
CLM-01572,train,1,sample_claims/cards/train/likely_valid/CLM-01572_var1.png,Likely Valid
CLM-00961,train,1,sample_claims/cards/train/likely_valid/CLM-00961_var1.png,Likely Valid
CLM-00961,train,0,sample_claims/cards/train/likely_valid/CLM-00961_var0.png,Likely Valid
CLM-00099,train,0,sample_claims/cards/train/likely_invalid/CLM-00099_var0.png,Likely Invalid
CLM-00099,train,1,sample_claims/cards/train/likely_invalid/CLM-00099_var1.png,Likely Invalid
CLM-02384,train,0,sample_claims/cards/train/likely_invalid/CLM-02384_var0.png,Likely Invalid
CLM-02429,train,0,sample_claims/cards/train/likely_invalid/CLM-02429_var0.png,Likely Invalid
CLM-02384,train,1,sample_claims/cards/train/likely_invalid/CLM-02384_var1.png,Likely Invalid
CLM-02429,train,1,sample_claims/cards/train/likely_invalid/CLM-02429_var1.png,Likely Invalid
CLM-01986,train,0,sample_claims/cards/train/likely_valid/CLM-01986_var0.png,Likely Valid
CLM-00762,train,0,sample_claims/cards/train/likely_valid/CLM-00762_var0.png,Likely Valid
CLM-00762,train,1,sample_claims/cards/train/likely_valid/CLM-00762_var1.png,Likely Valid
CLM-01986,train,1,sample_claims/cards/train/likely_valid/CLM-01986_var1.png,Likely Valid
CLM-00861,train,0,sample_claims/cards/train/likely_invalid/CLM-00861_var0.png,Likely Invalid
CLM-00861,train,1,sample_claims/cards/train/likely_invalid/CLM-00861_var1.png,Likely Invalid
CLM-02155,train,0,sample_claims/cards/train/likely_valid/CLM-02155_var0.png,Likely Valid
CLM-02155,train,1,sample_claims/cards/train/likely_valid/CLM-02155_var1.png,Likely Valid
CLM-01530,train,0,sample_claims/cards/train/likely_invalid/CLM-01530_var0.png,Likely Invalid
CLM-01530,train,1,sample_claims/cards/train/likely_invalid/CLM-01530_var1.png,Likely Invalid
CLM-00168,train,0,sample_claims/cards/train/likely_valid/CLM-00168_var0.png,Likely Valid
CLM-00168,train,1,sample_claims/cards/train/likely_valid/CLM-00168_var1.png,Likely Valid
CLM-02170,train,0,sample_claims/cards/train/likely_valid/CLM-02170_var0.png,Likely Valid
CLM-02170,train,1,sample_claims/cards/train/likely_valid/CLM-02170_var1.png,Likely Valid
CLM-01505,train,0,sample_claims/cards/train/manual_review/CLM-01505_var0.png,Manual Review Required
CLM-01505,train,1,sample_claims/cards/train/manual_review/CLM-01505_var1.png,Manual Review Required
CLM-00327,train,1,sample_claims/cards/train/manual_review/CLM-00327_var1.png,Manual Review Required
CLM-00327,train,0,sample_claims/cards/train/manual_review/CLM-00327_var0.png,Manual Review Required
CLM-00596,train,0,sample_claims/cards/train/manual_review/CLM-00596_var0.png,Manual Review Required
CLM-00596,train,1,sample_claims/cards/train/manual_review/CLM-00596_var1.png,Manual Review Required
CLM-00824,train,1,sample_claims/cards/train/likely_valid/CLM-00824_var1.png,Likely Valid
CLM-00824,train,0,sample_claims/cards/train/likely_valid/CLM-00824_var0.png,Likely Valid
CLM-01174,train,1,sample_claims/cards/train/likely_valid/CLM-01174_var1.png,Likely Valid
CLM-01174,train,0,sample_claims/cards/train/likely_valid/CLM-01174_var0.png,Likely Valid
CLM-01314,train,0,sample_claims/cards/train/likely_valid/CLM-01314_var0.png,Likely Valid
CLM-01314,train,1,sample_claims/cards/train/likely_valid/CLM-01314_var1.png,Likely Valid
CLM-00621,train,0,sample_claims/cards/train/likely_invalid/CLM-00621_var0.png,Likely Invalid
CLM-00621,train,1,sample_claims/cards/train/likely_invalid/CLM-00621_var1.png,Likely Invalid
CLM-00049,train,0,sample_claims/cards/train/likely_invalid/CLM-00049_var0.png,Likely Invalid
CLM-00049,train,1,sample_claims/cards/train/likely_invalid/CLM-00049_var1.png,Likely Invalid
CLM-02345,train,0,sample_claims/cards/train/likely_valid/CLM-02345_var0.png,Likely Valid
CLM-02345,train,1,sample_claims/cards/train/likely_valid/CLM-02345_var1.png,Likely Valid
CLM-01120,train,0,sample_claims/cards/train/manual_review/CLM-01120_var0.png,Manual Review Required
CLM-00036,train,0,sample_claims/cards/train/likely_invalid/CLM-00036_var0.png,Likely Invalid
CLM-01120,train,1,sample_claims/cards/train/manual_review/CLM-01120_var1.png,Manual Review Required
CLM-00036,train,1,sample_claims/cards/train/likely_invalid/CLM-00036_var1.png,Likely Invalid
CLM-01280,train,1,sample_claims/cards/train/likely_valid/CLM-01280_var1.png,Likely Valid
CLM-01280,train,0,sample_claims/cards/train/likely_valid/CLM-01280_var0.png,Likely Valid
CLM-01977,train,0,sample_claims/cards/train/likely_invalid/CLM-01977_var0.png,Likely Invalid
CLM-01977,train,1,sample_claims/cards/train/likely_invalid/CLM-01977_var1.png,Likely Invalid
CLM-01125,train,0,sample_claims/cards/train/likely_valid/CLM-01125_var0.png,Likely Valid
CLM-01125,train,1,sample_claims/cards/train/likely_valid/CLM-01125_var1.png,Likely Valid
CLM-00466,train,0,sample_claims/cards/train/manual_review/CLM-00466_var0.png,Manual Review Required
CLM-00466,train,1,sample_claims/cards/train/manual_review/CLM-00466_var1.png,Manual Review Required
CLM-02250,train,0,sample_claims/cards/train/manual_review/CLM-02250_var0.png,Manual Review Required
CLM-02250,train,1,sample_claims/cards/train/manual_review/CLM-02250_var1.png,Manual Review Required
CLM-02233,train,0,sample_claims/cards/train/likely_valid/CLM-02233_var0.png,Likely Valid
CLM-02233,train,1,sample_claims/cards/train/likely_valid/CLM-02233_var1.png,Likely Valid
CLM-02373,train,0,sample_claims/cards/train/likely_invalid/CLM-02373_var0.png,Likely Invalid
CLM-02373,train,1,sample_claims/cards/train/likely_invalid/CLM-02373_var1.png,Likely Invalid
CLM-02158,train,0,sample_claims/cards/train/likely_valid/CLM-02158_var0.png,Likely Valid
CLM-02158,train,1,sample_claims/cards/train/likely_valid/CLM-02158_var1.png,Likely Valid
CLM-02186,train,0,sample_claims/cards/train/likely_valid/CLM-02186_var0.png,Likely Valid
CLM-02186,train,1,sample_claims/cards/train/likely_valid/CLM-02186_var1.png,Likely Valid
CLM-00613,train,0,sample_claims/cards/train/likely_invalid/CLM-00613_var0.png,Likely Invalid
CLM-00613,train,1,sample_claims/cards/train/likely_invalid/CLM-00613_var1.png,Likely Invalid
CLM-01800,train,0,sample_claims/cards/train/likely_valid/CLM-01800_var0.png,Likely Valid
CLM-01800,train,1,sample_claims/cards/train/likely_valid/CLM-01800_var1.png,Likely Valid
CLM-00975,train,1,sample_claims/cards/train/likely_invalid/CLM-00975_var1.png,Likely Invalid
CLM-00975,train,0,sample_claims/cards/train/likely_invalid/CLM-00975_var0.png,Likely Invalid
CLM-01421,train,0,sample_claims/cards/train/likely_invalid/CLM-01421_var0.png,Likely Invalid
CLM-00536,train,0,sample_claims/cards/train/manual_review/CLM-00536_var0.png,Manual Review Required
CLM-01421,train,1,sample_claims/cards/train/likely_invalid/CLM-01421_var1.png,Likely Invalid
CLM-00536,train,1,sample_claims/cards/train/manual_review/CLM-00536_var1.png,Manual Review Required
CLM-01756,train,0,sample_claims/cards/train/likely_valid/CLM-01756_var0.png,Likely Valid
CLM-01004,train,1,sample_claims/cards/train/likely_invalid/CLM-01004_var1.png,Likely Invalid
CLM-01004,train,0,sample_claims/cards/train/likely_invalid/CLM-01004_var0.png,Likely Invalid
CLM-01756,train,1,sample_claims/cards/train/likely_valid/CLM-01756_var1.png,Likely Valid
CLM-01959,train,1,sample_claims/cards/train/likely_valid/CLM-01959_var1.png,Likely Valid
CLM-01959,train,0,sample_claims/cards/train/likely_valid/CLM-01959_var0.png,Likely Valid
CLM-01101,train,0,sample_claims/cards/train/likely_invalid/CLM-01101_var0.png,Likely Invalid
CLM-01101,train,1,sample_claims/cards/train/likely_invalid/CLM-01101_var1.png,Likely Invalid
CLM-00462,train,1,sample_claims/cards/train/likely_invalid/CLM-00462_var1.png,Likely Invalid
CLM-00462,train,0,sample_claims/cards/train/likely_invalid/CLM-00462_var0.png,Likely Invalid
CLM-00553,train,0,sample_claims/cards/train/likely_valid/CLM-00553_var0.png,Likely Valid
CLM-00553,train,1,sample_claims/cards/train/likely_valid/CLM-00553_var1.png,Likely Valid
CLM-01355,train,0,sample_claims/cards/train/likely_valid/CLM-01355_var0.png,Likely Valid
CLM-02003,train,0,sample_claims/cards/train/manual_review/CLM-02003_var0.png,Manual Review Required
CLM-01355,train,1,sample_claims/cards/train/likely_valid/CLM-01355_var1.png,Likely Valid
CLM-02003,train,1,sample_claims/cards/train/manual_review/CLM-02003_var1.png,Manual Review Required
CLM-00545,train,0,sample_claims/cards/train/likely_valid/CLM-00545_var0.png,Likely Valid
CLM-00545,train,1,sample_claims/cards/train/likely_valid/CLM-00545_var1.png,Likely Valid
CLM-02057,train,0,sample_claims/cards/train/likely_invalid/CLM-02057_var0.png,Likely Invalid
CLM-02057,train,1,sample_claims/cards/train/likely_invalid/CLM-02057_var1.png,Likely Invalid
CLM-00109,train,1,sample_claims/cards/train/likely_invalid/CLM-00109_var1.png,Likely Invalid
CLM-00109,train,0,sample_claims/cards/train/likely_invalid/CLM-00109_var0.png,Likely Invalid
CLM-02188,train,0,sample_claims/cards/train/likely_valid/CLM-02188_var0.png,Likely Valid
CLM-02188,train,1,sample_claims/cards/train/likely_valid/CLM-02188_var1.png,Likely Valid
CLM-01652,train,0,sample_claims/cards/train/likely_invalid/CLM-01652_var0.png,Likely Invalid
CLM-01652,train,1,sample_claims/cards/train/likely_invalid/CLM-01652_var1.png,Likely Invalid
CLM-01623,train,0,sample_claims/cards/train/likely_valid/CLM-01623_var0.png,Likely Valid
CLM-01623,train,1,sample_claims/cards/train/likely_valid/CLM-01623_var1.png,Likely Valid
CLM-02021,train,0,sample_claims/cards/train/manual_review/CLM-02021_var0.png,Manual Review Required
CLM-00103,train,0,sample_claims/cards/train/likely_valid/CLM-00103_var0.png,Likely Valid
CLM-02021,train,1,sample_claims/cards/train/manual_review/CLM-02021_var1.png,Manual Review Required
CLM-00103,train,1,sample_claims/cards/train/likely_valid/CLM-00103_var1.png,Likely Valid
CLM-00001,train,1,sample_claims/cards/train/likely_invalid/CLM-00001_var1.png,Likely Invalid
CLM-00981,train,0,sample_claims/cards/train/likely_invalid/CLM-00981_var0.png,Likely Invalid
CLM-00001,train,0,sample_claims/cards/train/likely_invalid/CLM-00001_var0.png,Likely Invalid
CLM-00981,train,1,sample_claims/cards/train/likely_invalid/CLM-00981_var1.png,Likely Invalid
CLM-01851,train,0,sample_claims/cards/train/likely_valid/CLM-01851_var0.png,Likely Valid
CLM-01851,train,1,sample_claims/cards/train/likely_valid/CLM-01851_var1.png,Likely Valid
CLM-00810,train,0,sample_claims/cards/train/likely_invalid/CLM-00810_var0.png,Likely Invalid
CLM-00810,train,1,sample_claims/cards/train/likely_invalid/CLM-00810_var1.png,Likely Invalid
CLM-02142,train,0,sample_claims/cards/train/likely_invalid/CLM-02142_var0.png,Likely Invalid
CLM-02142,train,1,sample_claims/cards/train/likely_invalid/CLM-02142_var1.png,Likely Invalid
CLM-01167,train,1,sample_claims/cards/train/likely_invalid/CLM-01167_var1.png,Likely Invalid
CLM-01167,train,0,sample_claims/cards/train/likely_invalid/CLM-01167_var0.png,Likely Invalid
CLM-00884,train,0,sample_claims/cards/train/likely_invalid/CLM-00884_var0.png,Likely Invalid
CLM-01444,train,0,sample_claims/cards/train/likely_invalid/CLM-01444_var0.png,Likely Invalid
CLM-00884,train,1,sample_claims/cards/train/likely_invalid/CLM-00884_var1.png,Likely Invalid
CLM-01444,train,1,sample_claims/cards/train/likely_invalid/CLM-01444_var1.png,Likely Invalid
CLM-02414,train,0,sample_claims/cards/train/manual_review/CLM-02414_var0.png,Manual Review Required
CLM-02414,train,1,sample_claims/cards/train/manual_review/CLM-02414_var1.png,Manual Review Required
CLM-00716,train,0,sample_claims/cards/train/manual_review/CLM-00716_var0.png,Manual Review Required
CLM-00716,train,1,sample_claims/cards/train/manual_review/CLM-00716_var1.png,Manual Review Required
CLM-00123,train,0,sample_claims/cards/train/likely_valid/CLM-00123_var0.png,Likely Valid
CLM-00123,train,1,sample_claims/cards/train/likely_valid/CLM-00123_var1.png,Likely Valid
CLM-01749,train,1,sample_claims/cards/train/likely_valid/CLM-01749_var1.png,Likely Valid
CLM-01749,train,0,sample_claims/cards/train/likely_valid/CLM-01749_var0.png,Likely Valid
CLM-00357,train,0,sample_claims/cards/train/manual_review/CLM-00357_var0.png,Manual Review Required
CLM-00357,train,1,sample_claims/cards/train/manual_review/CLM-00357_var1.png,Manual Review Required
CLM-01775,train,0,sample_claims/cards/train/likely_valid/CLM-01775_var0.png,Likely Valid
CLM-01775,train,1,sample_claims/cards/train/likely_valid/CLM-01775_var1.png,Likely Valid
CLM-00781,train,1,sample_claims/cards/train/likely_valid/CLM-00781_var1.png,Likely Valid
CLM-00781,train,0,sample_claims/cards/train/likely_valid/CLM-00781_var0.png,Likely Valid
CLM-01754,train,0,sample_claims/cards/train/likely_invalid/CLM-01754_var0.png,Likely Invalid
CLM-01754,train,1,sample_claims/cards/train/likely_invalid/CLM-01754_var1.png,Likely Invalid
CLM-00936,train,0,sample_claims/cards/train/likely_valid/CLM-00936_var0.png,Likely Valid
CLM-00936,train,1,sample_claims/cards/train/likely_valid/CLM-00936_var1.png,Likely Valid
CLM-01796,train,0,sample_claims/cards/train/likely_invalid/CLM-01796_var0.png,Likely Invalid
CLM-01796,train,1,sample_claims/cards/train/likely_invalid/CLM-01796_var1.png,Likely Invalid
CLM-00444,train,0,sample_claims/cards/train/likely_valid/CLM-00444_var0.png,Likely Valid
CLM-00444,train,1,sample_claims/cards/train/likely_valid/CLM-00444_var1.png,Likely Valid
CLM-00710,train,0,sample_claims/cards/train/likely_invalid/CLM-00710_var0.png,Likely Invalid
CLM-00710,train,1,sample_claims/cards/train/likely_invalid/CLM-00710_var1.png,Likely Invalid
CLM-00500,train,0,sample_claims/cards/train/likely_valid/CLM-00500_var0.png,Likely Valid
CLM-00500,train,1,sample_claims/cards/train/likely_valid/CLM-00500_var1.png,Likely Valid
CLM-00105,train,0,sample_claims/cards/train/likely_valid/CLM-00105_var0.png,Likely Valid
CLM-00105,train,1,sample_claims/cards/train/likely_valid/CLM-00105_var1.png,Likely Valid
CLM-01573,train,0,sample_claims/cards/train/likely_valid/CLM-01573_var0.png,Likely Valid
CLM-01573,train,1,sample_claims/cards/train/likely_valid/CLM-01573_var1.png,Likely Valid
CLM-02141,train,0,sample_claims/cards/train/likely_invalid/CLM-02141_var0.png,Likely Invalid
CLM-02141,train,1,sample_claims/cards/train/likely_invalid/CLM-02141_var1.png,Likely Invalid
CLM-00722,train,0,sample_claims/cards/train/likely_valid/CLM-00722_var0.png,Likely Valid
CLM-00722,train,1,sample_claims/cards/train/likely_valid/CLM-00722_var1.png,Likely Valid
CLM-01764,train,0,sample_claims/cards/train/manual_review/CLM-01764_var0.png,Manual Review Required
CLM-01764,train,1,sample_claims/cards/train/manual_review/CLM-01764_var1.png,Manual Review Required
CLM-00915,train,0,sample_claims/cards/train/likely_invalid/CLM-00915_var0.png,Likely Invalid
CLM-00915,train,1,sample_claims/cards/train/likely_invalid/CLM-00915_var1.png,Likely Invalid
CLM-01834,train,1,sample_claims/cards/train/manual_review/CLM-01834_var1.png,Manual Review Required
CLM-01834,train,0,sample_claims/cards/train/manual_review/CLM-01834_var0.png,Manual Review Required
CLM-01539,train,0,sample_claims/cards/train/likely_valid/CLM-01539_var0.png,Likely Valid
CLM-01539,train,1,sample_claims/cards/train/likely_valid/CLM-01539_var1.png,Likely Valid
CLM-01268,train,0,sample_claims/cards/train/likely_invalid/CLM-01268_var0.png,Likely Invalid
CLM-01268,train,1,sample_claims/cards/train/likely_invalid/CLM-01268_var1.png,Likely Invalid
CLM-00101,train,0,sample_claims/cards/train/likely_valid/CLM-00101_var0.png,Likely Valid
CLM-00101,train,1,sample_claims/cards/train/likely_valid/CLM-00101_var1.png,Likely Valid
CLM-00143,train,0,sample_claims/cards/train/likely_invalid/CLM-00143_var0.png,Likely Invalid
CLM-00143,train,1,sample_claims/cards/train/likely_invalid/CLM-00143_var1.png,Likely Invalid
CLM-01955,train,0,sample_claims/cards/train/likely_valid/CLM-01955_var0.png,Likely Valid
CLM-00893,train,0,sample_claims/cards/train/likely_valid/CLM-00893_var0.png,Likely Valid
CLM-01955,train,1,sample_claims/cards/train/likely_valid/CLM-01955_var1.png,Likely Valid
CLM-00893,train,1,sample_claims/cards/train/likely_valid/CLM-00893_var1.png,Likely Valid
CLM-02084,train,0,sample_claims/cards/train/likely_invalid/CLM-02084_var0.png,Likely Invalid
CLM-02084,train,1,sample_claims/cards/train/likely_invalid/CLM-02084_var1.png,Likely Invalid
CLM-02290,train,0,sample_claims/cards/train/manual_review/CLM-02290_var0.png,Manual Review Required
CLM-02290,train,1,sample_claims/cards/train/manual_review/CLM-02290_var1.png,Manual Review Required
CLM-00948,train,0,sample_claims/cards/train/likely_invalid/CLM-00948_var0.png,Likely Invalid
CLM-01708,train,0,sample_claims/cards/train/likely_invalid/CLM-01708_var0.png,Likely Invalid
CLM-00948,train,1,sample_claims/cards/train/likely_invalid/CLM-00948_var1.png,Likely Invalid
CLM-01708,train,1,sample_claims/cards/train/likely_invalid/CLM-01708_var1.png,Likely Invalid
CLM-00002,train,0,sample_claims/cards/train/likely_invalid/CLM-00002_var0.png,Likely Invalid
CLM-02408,train,0,sample_claims/cards/train/likely_valid/CLM-02408_var0.png,Likely Valid
CLM-00002,train,1,sample_claims/cards/train/likely_invalid/CLM-00002_var1.png,Likely Invalid
CLM-02408,train,1,sample_claims/cards/train/likely_valid/CLM-02408_var1.png,Likely Valid
CLM-02249,train,0,sample_claims/cards/train/likely_valid/CLM-02249_var0.png,Likely Valid
CLM-01095,train,0,sample_claims/cards/train/likely_invalid/CLM-01095_var0.png,Likely Invalid
CLM-02249,train,1,sample_claims/cards/train/likely_valid/CLM-02249_var1.png,Likely Valid
CLM-01095,train,1,sample_claims/cards/train/likely_invalid/CLM-01095_var1.png,Likely Invalid
CLM-00584,train,0,sample_claims/cards/train/manual_review/CLM-00584_var0.png,Manual Review Required
CLM-01683,train,0,sample_claims/cards/train/likely_invalid/CLM-01683_var0.png,Likely Invalid
CLM-01683,train,1,sample_claims/cards/train/likely_invalid/CLM-01683_var1.png,Likely Invalid
CLM-00584,train,1,sample_claims/cards/train/manual_review/CLM-00584_var1.png,Manual Review Required
CLM-00679,train,1,sample_claims/cards/train/likely_valid/CLM-00679_var1.png,Likely Valid
CLM-00679,train,0,sample_claims/cards/train/likely_valid/CLM-00679_var0.png,Likely Valid
CLM-00865,train,0,sample_claims/cards/train/likely_invalid/CLM-00865_var0.png,Likely Invalid
CLM-00865,train,1,sample_claims/cards/train/likely_invalid/CLM-00865_var1.png,Likely Invalid
CLM-00112,train,0,sample_claims/cards/train/manual_review/CLM-00112_var0.png,Manual Review Required
CLM-00112,train,1,sample_claims/cards/train/manual_review/CLM-00112_var1.png,Manual Review Required
CLM-01622,train,0,sample_claims/cards/train/likely_invalid/CLM-01622_var0.png,Likely Invalid
CLM-01449,train,0,sample_claims/cards/train/likely_invalid/CLM-01449_var0.png,Likely Invalid
CLM-01622,train,1,sample_claims/cards/train/likely_invalid/CLM-01622_var1.png,Likely Invalid
CLM-01449,train,1,sample_claims/cards/train/likely_invalid/CLM-01449_var1.png,Likely Invalid
CLM-01803,train,0,sample_claims/cards/train/manual_review/CLM-01803_var0.png,Manual Review Required
CLM-01994,train,0,sample_claims/cards/train/likely_valid/CLM-01994_var0.png,Likely Valid
CLM-01803,train,1,sample_claims/cards/train/manual_review/CLM-01803_var1.png,Manual Review Required
CLM-01994,train,1,sample_claims/cards/train/likely_valid/CLM-01994_var1.png,Likely Valid
CLM-02287,train,0,sample_claims/cards/train/likely_valid/CLM-02287_var0.png,Likely Valid
CLM-02287,train,1,sample_claims/cards/train/likely_valid/CLM-02287_var1.png,Likely Valid
CLM-00741,train,0,sample_claims/cards/train/manual_review/CLM-00741_var0.png,Manual Review Required
CLM-00741,train,1,sample_claims/cards/train/manual_review/CLM-00741_var1.png,Manual Review Required
CLM-00519,train,0,sample_claims/cards/train/likely_invalid/CLM-00519_var0.png,Likely Invalid
CLM-00519,train,1,sample_claims/cards/train/likely_invalid/CLM-00519_var1.png,Likely Invalid
CLM-02362,train,0,sample_claims/cards/train/manual_review/CLM-02362_var0.png,Manual Review Required
CLM-02362,train,1,sample_claims/cards/train/manual_review/CLM-02362_var1.png,Manual Review Required
CLM-00467,train,0,sample_claims/cards/train/manual_review/CLM-00467_var0.png,Manual Review Required
CLM-00467,train,1,sample_claims/cards/train/manual_review/CLM-00467_var1.png,Manual Review Required
CLM-01869,train,0,sample_claims/cards/train/likely_valid/CLM-01869_var0.png,Likely Valid
CLM-01869,train,1,sample_claims/cards/train/likely_valid/CLM-01869_var1.png,Likely Valid
CLM-00701,train,0,sample_claims/cards/train/likely_invalid/CLM-00701_var0.png,Likely Invalid
CLM-00701,train,1,sample_claims/cards/train/likely_invalid/CLM-00701_var1.png,Likely Invalid
CLM-01361,train,0,sample_claims/cards/train/manual_review/CLM-01361_var0.png,Manual Review Required
CLM-01361,train,1,sample_claims/cards/train/manual_review/CLM-01361_var1.png,Manual Review Required
CLM-01538,train,0,sample_claims/cards/train/likely_valid/CLM-01538_var0.png,Likely Valid
CLM-00349,train,0,sample_claims/cards/train/manual_review/CLM-00349_var0.png,Manual Review Required
CLM-00349,train,1,sample_claims/cards/train/manual_review/CLM-00349_var1.png,Manual Review Required
CLM-00771,train,0,sample_claims/cards/train/likely_valid/CLM-00771_var0.png,Likely Valid
CLM-01538,train,1,sample_claims/cards/train/likely_valid/CLM-01538_var1.png,Likely Valid
CLM-00771,train,1,sample_claims/cards/train/likely_valid/CLM-00771_var1.png,Likely Valid
CLM-02435,train,0,sample_claims/cards/train/likely_valid/CLM-02435_var0.png,Likely Valid
CLM-02435,train,1,sample_claims/cards/train/likely_valid/CLM-02435_var1.png,Likely Valid
CLM-02369,train,0,sample_claims/cards/train/likely_invalid/CLM-02369_var0.png,Likely Invalid
CLM-02369,train,1,sample_claims/cards/train/likely_invalid/CLM-02369_var1.png,Likely Invalid
CLM-00617,train,0,sample_claims/cards/train/likely_invalid/CLM-00617_var0.png,Likely Invalid
CLM-02220,train,0,sample_claims/cards/train/likely_invalid/CLM-02220_var0.png,Likely Invalid
CLM-00617,train,1,sample_claims/cards/train/likely_invalid/CLM-00617_var1.png,Likely Invalid
CLM-02220,train,1,sample_claims/cards/train/likely_invalid/CLM-02220_var1.png,Likely Invalid
CLM-01234,train,0,sample_claims/cards/train/likely_valid/CLM-01234_var0.png,Likely Valid
CLM-01234,train,1,sample_claims/cards/train/likely_valid/CLM-01234_var1.png,Likely Valid
CLM-01667,train,0,sample_claims/cards/train/manual_review/CLM-01667_var0.png,Manual Review Required
CLM-01667,train,1,sample_claims/cards/train/manual_review/CLM-01667_var1.png,Manual Review Required
CLM-01079,train,0,sample_claims/cards/train/likely_valid/CLM-01079_var0.png,Likely Valid
CLM-01079,train,1,sample_claims/cards/train/likely_valid/CLM-01079_var1.png,Likely Valid
CLM-02023,train,0,sample_claims/cards/train/likely_invalid/CLM-02023_var0.png,Likely Invalid
CLM-02063,train,0,sample_claims/cards/train/likely_valid/CLM-02063_var0.png,Likely Valid
CLM-02023,train,1,sample_claims/cards/train/likely_invalid/CLM-02023_var1.png,Likely Invalid
CLM-02063,train,1,sample_claims/cards/train/likely_valid/CLM-02063_var1.png,Likely Valid
CLM-00217,train,0,sample_claims/cards/train/likely_valid/CLM-00217_var0.png,Likely Valid
CLM-00217,train,1,sample_claims/cards/train/likely_valid/CLM-00217_var1.png,Likely Valid
CLM-01362,train,0,sample_claims/cards/train/likely_valid/CLM-01362_var0.png,Likely Valid
CLM-01362,train,1,sample_claims/cards/train/likely_valid/CLM-01362_var1.png,Likely Valid
CLM-00811,train,0,sample_claims/cards/train/likely_invalid/CLM-00811_var0.png,Likely Invalid
CLM-00811,train,1,sample_claims/cards/train/likely_invalid/CLM-00811_var1.png,Likely Invalid
CLM-00655,train,0,sample_claims/cards/train/likely_valid/CLM-00655_var0.png,Likely Valid
CLM-00655,train,1,sample_claims/cards/train/likely_valid/CLM-00655_var1.png,Likely Valid
CLM-00115,train,0,sample_claims/cards/train/likely_invalid/CLM-00115_var0.png,Likely Invalid
CLM-00115,train,1,sample_claims/cards/train/likely_invalid/CLM-00115_var1.png,Likely Invalid
CLM-01607,train,1,sample_claims/cards/train/likely_valid/CLM-01607_var1.png,Likely Valid
CLM-01607,train,0,sample_claims/cards/train/likely_valid/CLM-01607_var0.png,Likely Valid
CLM-01179,train,1,sample_claims/cards/train/likely_valid/CLM-01179_var1.png,Likely Valid
CLM-01179,train,0,sample_claims/cards/train/likely_valid/CLM-01179_var0.png,Likely Valid
CLM-01012,train,1,sample_claims/cards/train/likely_valid/CLM-01012_var1.png,Likely Valid
CLM-01012,train,0,sample_claims/cards/train/likely_valid/CLM-01012_var0.png,Likely Valid
CLM-01455,train,1,sample_claims/cards/train/likely_valid/CLM-01455_var1.png,Likely Valid
CLM-01455,train,0,sample_claims/cards/train/likely_valid/CLM-01455_var0.png,Likely Valid
CLM-01459,train,0,sample_claims/cards/train/likely_valid/CLM-01459_var0.png,Likely Valid
CLM-01459,train,1,sample_claims/cards/train/likely_valid/CLM-01459_var1.png,Likely Valid
CLM-00652,train,1,sample_claims/cards/train/likely_valid/CLM-00652_var1.png,Likely Valid
CLM-01762,train,0,sample_claims/cards/train/likely_valid/CLM-01762_var0.png,Likely Valid
CLM-00652,train,0,sample_claims/cards/train/likely_valid/CLM-00652_var0.png,Likely Valid
CLM-01762,train,1,sample_claims/cards/train/likely_valid/CLM-01762_var1.png,Likely Valid
CLM-02199,train,0,sample_claims/cards/train/likely_invalid/CLM-02199_var0.png,Likely Invalid
CLM-02199,train,1,sample_claims/cards/train/likely_invalid/CLM-02199_var1.png,Likely Invalid
CLM-02006,train,1,sample_claims/cards/train/likely_invalid/CLM-02006_var1.png,Likely Invalid
CLM-02006,train,0,sample_claims/cards/train/likely_invalid/CLM-02006_var0.png,Likely Invalid
CLM-00316,train,1,sample_claims/cards/train/likely_valid/CLM-00316_var1.png,Likely Valid
CLM-00316,train,0,sample_claims/cards/train/likely_valid/CLM-00316_var0.png,Likely Valid
CLM-01438,train,0,sample_claims/cards/train/likely_valid/CLM-01438_var0.png,Likely Valid
CLM-01438,train,1,sample_claims/cards/train/likely_valid/CLM-01438_var1.png,Likely Valid
CLM-00083,train,0,sample_claims/cards/train/likely_invalid/CLM-00083_var0.png,Likely Invalid
CLM-00083,train,1,sample_claims/cards/train/likely_invalid/CLM-00083_var1.png,Likely Invalid
CLM-02493,train,0,sample_claims/cards/train/manual_review/CLM-02493_var0.png,Manual Review Required
CLM-02493,train,1,sample_claims/cards/train/manual_review/CLM-02493_var1.png,Manual Review Required
CLM-01777,train,1,sample_claims/cards/train/likely_invalid/CLM-01777_var1.png,Likely Invalid
CLM-00685,train,0,sample_claims/cards/train/likely_valid/CLM-00685_var0.png,Likely Valid
CLM-01777,train,0,sample_claims/cards/train/likely_invalid/CLM-01777_var0.png,Likely Invalid
CLM-01481,train,0,sample_claims/cards/train/likely_invalid/CLM-01481_var0.png,Likely Invalid
CLM-00685,train,1,sample_claims/cards/train/likely_valid/CLM-00685_var1.png,Likely Valid
CLM-00146,train,0,sample_claims/cards/train/likely_invalid/CLM-00146_var0.png,Likely Invalid
CLM-01481,train,1,sample_claims/cards/train/likely_invalid/CLM-01481_var1.png,Likely Invalid
CLM-00146,train,1,sample_claims/cards/train/likely_invalid/CLM-00146_var1.png,Likely Invalid
CLM-00483,train,0,sample_claims/cards/train/likely_invalid/CLM-00483_var0.png,Likely Invalid
CLM-00483,train,1,sample_claims/cards/train/likely_invalid/CLM-00483_var1.png,Likely Invalid
CLM-00718,train,0,sample_claims/cards/train/likely_valid/CLM-00718_var0.png,Likely Valid
CLM-00718,train,1,sample_claims/cards/train/likely_valid/CLM-00718_var1.png,Likely Valid
CLM-01766,train,0,sample_claims/cards/train/likely_invalid/CLM-01766_var0.png,Likely Invalid
CLM-01766,train,1,sample_claims/cards/train/likely_invalid/CLM-01766_var1.png,Likely Invalid
CLM-00761,train,0,sample_claims/cards/train/likely_invalid/CLM-00761_var0.png,Likely Invalid
CLM-01720,train,1,sample_claims/cards/train/likely_invalid/CLM-01720_var1.png,Likely Invalid
CLM-01720,train,0,sample_claims/cards/train/likely_invalid/CLM-01720_var0.png,Likely Invalid
CLM-00761,train,1,sample_claims/cards/train/likely_invalid/CLM-00761_var1.png,Likely Invalid
CLM-01036,train,0,sample_claims/cards/train/likely_valid/CLM-01036_var0.png,Likely Valid
CLM-01499,train,0,sample_claims/cards/train/likely_invalid/CLM-01499_var0.png,Likely Invalid
CLM-01036,train,1,sample_claims/cards/train/likely_valid/CLM-01036_var1.png,Likely Valid
CLM-01499,train,1,sample_claims/cards/train/likely_invalid/CLM-01499_var1.png,Likely Invalid
CLM-02422,train,0,sample_claims/cards/train/manual_review/CLM-02422_var0.png,Manual Review Required
CLM-02422,train,1,sample_claims/cards/train/manual_review/CLM-02422_var1.png,Manual Review Required
CLM-00457,train,1,sample_claims/cards/train/likely_invalid/CLM-00457_var1.png,Likely Invalid
CLM-00457,train,0,sample_claims/cards/train/likely_invalid/CLM-00457_var0.png,Likely Invalid
CLM-00060,train,0,sample_claims/cards/train/likely_invalid/CLM-00060_var0.png,Likely Invalid
CLM-02450,train,0,sample_claims/cards/train/manual_review/CLM-02450_var0.png,Manual Review Required
CLM-00060,train,1,sample_claims/cards/train/likely_invalid/CLM-00060_var1.png,Likely Invalid
CLM-02450,train,1,sample_claims/cards/train/manual_review/CLM-02450_var1.png,Manual Review Required
CLM-00968,val,0,sample_claims/cards/val/likely_valid/CLM-00968_var0.png,Likely Valid
CLM-00755,val,0,sample_claims/cards/val/likely_valid/CLM-00755_var0.png,Likely Valid
CLM-01387,val,0,sample_claims/cards/val/likely_valid/CLM-01387_var0.png,Likely Valid
CLM-00793,val,0,sample_claims/cards/val/likely_valid/CLM-00793_var0.png,Likely Valid
CLM-01055,val,0,sample_claims/cards/val/likely_valid/CLM-01055_var0.png,Likely Valid
CLM-01990,val,0,sample_claims/cards/val/manual_review/CLM-01990_var0.png,Manual Review Required
CLM-00654,val,0,sample_claims/cards/val/likely_valid/CLM-00654_var0.png,Likely Valid
CLM-02121,val,0,sample_claims/cards/val/likely_invalid/CLM-02121_var0.png,Likely Invalid
CLM-00689,val,0,sample_claims/cards/val/likely_invalid/CLM-00689_var0.png,Likely Invalid
CLM-02229,val,0,sample_claims/cards/val/likely_valid/CLM-02229_var0.png,Likely Valid
CLM-01180,val,0,sample_claims/cards/val/likely_invalid/CLM-01180_var0.png,Likely Invalid
CLM-01247,val,0,sample_claims/cards/val/likely_invalid/CLM-01247_var0.png,Likely Invalid
CLM-01219,val,0,sample_claims/cards/val/manual_review/CLM-01219_var0.png,Manual Review Required
CLM-00573,val,0,sample_claims/cards/val/manual_review/CLM-00573_var0.png,Manual Review Required
CLM-00653,val,0,sample_claims/cards/val/manual_review/CLM-00653_var0.png,Manual Review Required
CLM-01586,val,0,sample_claims/cards/val/likely_invalid/CLM-01586_var0.png,Likely Invalid
CLM-01418,val,0,sample_claims/cards/val/manual_review/CLM-01418_var0.png,Manual Review Required
CLM-00525,val,0,sample_claims/cards/val/likely_valid/CLM-00525_var0.png,Likely Valid
CLM-02140,val,0,sample_claims/cards/val/likely_valid/CLM-02140_var0.png,Likely Valid
CLM-00591,val,0,sample_claims/cards/val/manual_review/CLM-00591_var0.png,Manual Review Required
CLM-01937,val,0,sample_claims/cards/val/manual_review/CLM-01937_var0.png,Manual Review Required
CLM-02118,val,0,sample_claims/cards/val/likely_valid/CLM-02118_var0.png,Likely Valid
CLM-01028,val,0,sample_claims/cards/val/likely_valid/CLM-01028_var0.png,Likely Valid
CLM-01787,val,0,sample_claims/cards/val/likely_valid/CLM-01787_var0.png,Likely Valid
CLM-00643,val,0,sample_claims/cards/val/manual_review/CLM-00643_var0.png,Manual Review Required
CLM-00743,val,0,sample_claims/cards/val/likely_valid/CLM-00743_var0.png,Likely Valid
CLM-00288,val,0,sample_claims/cards/val/likely_valid/CLM-00288_var0.png,Likely Valid
CLM-02316,val,0,sample_claims/cards/val/likely_invalid/CLM-02316_var0.png,Likely Invalid
CLM-01430,val,0,sample_claims/cards/val/likely_invalid/CLM-01430_var0.png,Likely Invalid
CLM-02295,val,0,sample_claims/cards/val/manual_review/CLM-02295_var0.png,Manual Review Required
CLM-00372,val,0,sample_claims/cards/val/likely_invalid/CLM-00372_var0.png,Likely Invalid
CLM-01084,val,0,sample_claims/cards/val/likely_valid/CLM-01084_var0.png,Likely Valid
CLM-01630,val,0,sample_claims/cards/val/manual_review/CLM-01630_var0.png,Manual Review Required
CLM-01458,val,0,sample_claims/cards/val/likely_invalid/CLM-01458_var0.png,Likely Invalid
CLM-02279,val,0,sample_claims/cards/val/likely_valid/CLM-02279_var0.png,Likely Valid
CLM-00445,val,0,sample_claims/cards/val/likely_valid/CLM-00445_var0.png,Likely Valid
CLM-01046,val,0,sample_claims/cards/val/likely_valid/CLM-01046_var0.png,Likely Valid
CLM-00176,val,0,sample_claims/cards/val/likely_invalid/CLM-00176_var0.png,Likely Invalid
CLM-01291,val,0,sample_claims/cards/val/manual_review/CLM-01291_var0.png,Manual Review Required
CLM-00214,val,0,sample_claims/cards/val/likely_invalid/CLM-00214_var0.png,Likely Invalid
CLM-02382,val,0,sample_claims/cards/val/likely_invalid/CLM-02382_var0.png,Likely Invalid
CLM-01904,val,0,sample_claims/cards/val/likely_valid/CLM-01904_var0.png,Likely Valid
CLM-01679,val,0,sample_claims/cards/val/likely_invalid/CLM-01679_var0.png,Likely Invalid
CLM-01205,val,0,sample_claims/cards/val/likely_valid/CLM-01205_var0.png,Likely Valid
CLM-02496,val,0,sample_claims/cards/val/likely_invalid/CLM-02496_var0.png,Likely Invalid
CLM-01593,val,0,sample_claims/cards/val/manual_review/CLM-01593_var0.png,Manual Review Required
CLM-01843,val,0,sample_claims/cards/val/likely_valid/CLM-01843_var0.png,Likely Valid
CLM-00510,val,0,sample_claims/cards/val/likely_valid/CLM-00510_var0.png,Likely Valid
CLM-00446,val,0,sample_claims/cards/val/likely_valid/CLM-00446_var0.png,Likely Valid
CLM-01049,val,0,sample_claims/cards/val/likely_invalid/CLM-01049_var0.png,Likely Invalid
CLM-00846,val,0,sample_claims/cards/val/likely_invalid/CLM-00846_var0.png,Likely Invalid
CLM-00863,val,0,sample_claims/cards/val/likely_valid/CLM-00863_var0.png,Likely Valid
CLM-01285,val,0,sample_claims/cards/val/likely_valid/CLM-01285_var0.png,Likely Valid
CLM-00737,val,0,sample_claims/cards/val/likely_invalid/CLM-00737_var0.png,Likely Invalid
CLM-02358,val,0,sample_claims/cards/val/likely_invalid/CLM-02358_var0.png,Likely Invalid
CLM-01482,val,0,sample_claims/cards/val/likely_valid/CLM-01482_var0.png,Likely Valid
CLM-02241,val,0,sample_claims/cards/val/likely_valid/CLM-02241_var0.png,Likely Valid
CLM-00182,val,0,sample_claims/cards/val/likely_valid/CLM-00182_var0.png,Likely Valid
CLM-01190,val,0,sample_claims/cards/val/likely_invalid/CLM-01190_var0.png,Likely Invalid
CLM-02153,val,0,sample_claims/cards/val/likely_invalid/CLM-02153_var0.png,Likely Invalid
CLM-02269,val,0,sample_claims/cards/val/likely_invalid/CLM-02269_var0.png,Likely Invalid
CLM-02421,val,0,sample_claims/cards/val/likely_valid/CLM-02421_var0.png,Likely Valid
CLM-00300,val,0,sample_claims/cards/val/likely_valid/CLM-00300_var0.png,Likely Valid
CLM-01302,val,0,sample_claims/cards/val/likely_valid/CLM-01302_var0.png,Likely Valid
CLM-02389,val,0,sample_claims/cards/val/likely_valid/CLM-02389_var0.png,Likely Valid
CLM-02092,val,0,sample_claims/cards/val/likely_valid/CLM-02092_var0.png,Likely Valid
CLM-02431,val,0,sample_claims/cards/val/likely_valid/CLM-02431_var0.png,Likely Valid
CLM-01269,val,0,sample_claims/cards/val/likely_invalid/CLM-01269_var0.png,Likely Invalid
CLM-01651,val,0,sample_claims/cards/val/manual_review/CLM-01651_var0.png,Manual Review Required
CLM-00506,val,0,sample_claims/cards/val/manual_review/CLM-00506_var0.png,Manual Review Required
CLM-00364,val,0,sample_claims/cards/val/likely_valid/CLM-00364_var0.png,Likely Valid
CLM-00141,val,0,sample_claims/cards/val/likely_valid/CLM-00141_var0.png,Likely Valid
CLM-01331,val,0,sample_claims/cards/val/likely_valid/CLM-01331_var0.png,Likely Valid
CLM-01751,val,0,sample_claims/cards/val/likely_valid/CLM-01751_var0.png,Likely Valid
CLM-02310,val,0,sample_claims/cards/val/likely_valid/CLM-02310_var0.png,Likely Valid
CLM-01512,val,0,sample_claims/cards/val/likely_invalid/CLM-01512_var0.png,Likely Invalid
CLM-01574,val,0,sample_claims/cards/val/likely_valid/CLM-01574_var0.png,Likely Valid
CLM-02375,val,0,sample_claims/cards/val/likely_valid/CLM-02375_var0.png,Likely Valid
CLM-01744,val,0,sample_claims/cards/val/likely_invalid/CLM-01744_var0.png,Likely Invalid
CLM-00247,val,0,sample_claims/cards/val/likely_invalid/CLM-00247_var0.png,Likely Invalid
CLM-00602,val,0,sample_claims/cards/val/manual_review/CLM-00602_var0.png,Manual Review Required
CLM-01208,val,0,sample_claims/cards/val/likely_invalid/CLM-01208_var0.png,Likely Invalid
CLM-00024,val,0,sample_claims/cards/val/likely_valid/CLM-00024_var0.png,Likely Valid
CLM-00284,val,0,sample_claims/cards/val/likely_valid/CLM-00284_var0.png,Likely Valid
CLM-00451,val,0,sample_claims/cards/val/likely_valid/CLM-00451_var0.png,Likely Valid
CLM-00184,val,0,sample_claims/cards/val/likely_invalid/CLM-00184_var0.png,Likely Invalid
CLM-01089,val,0,sample_claims/cards/val/manual_review/CLM-01089_var0.png,Manual Review Required
CLM-01807,val,0,sample_claims/cards/val/likely_valid/CLM-01807_var0.png,Likely Valid
CLM-02386,val,0,sample_claims/cards/val/manual_review/CLM-02386_var0.png,Manual Review Required
CLM-01830,val,0,sample_claims/cards/val/manual_review/CLM-01830_var0.png,Manual Review Required
CLM-01198,val,0,sample_claims/cards/val/likely_valid/CLM-01198_var0.png,Likely Valid
CLM-00665,val,0,sample_claims/cards/val/likely_valid/CLM-00665_var0.png,Likely Valid
CLM-01035,val,0,sample_claims/cards/val/likely_invalid/CLM-01035_var0.png,Likely Invalid
CLM-00324,val,0,sample_claims/cards/val/manual_review/CLM-00324_var0.png,Manual Review Required
CLM-02274,val,0,sample_claims/cards/val/likely_valid/CLM-02274_var0.png,Likely Valid
CLM-00537,val,0,sample_claims/cards/val/likely_valid/CLM-00537_var0.png,Likely Valid
CLM-01637,val,0,sample_claims/cards/val/likely_invalid/CLM-01637_var0.png,Likely Invalid
CLM-00809,val,0,sample_claims/cards/val/likely_invalid/CLM-00809_var0.png,Likely Invalid
CLM-01879,val,0,sample_claims/cards/val/likely_invalid/CLM-01879_var0.png,Likely Invalid
CLM-01914,val,0,sample_claims/cards/val/likely_valid/CLM-01914_var0.png,Likely Valid
CLM-00127,val,0,sample_claims/cards/val/manual_review/CLM-00127_var0.png,Manual Review Required
CLM-02036,val,0,sample_claims/cards/val/likely_invalid/CLM-02036_var0.png,Likely Invalid
CLM-01282,val,0,sample_claims/cards/val/likely_valid/CLM-01282_var0.png,Likely Valid
CLM-00735,val,0,sample_claims/cards/val/likely_valid/CLM-00735_var0.png,Likely Valid
CLM-01524,val,0,sample_claims/cards/val/likely_valid/CLM-01524_var0.png,Likely Valid
CLM-00642,val,0,sample_claims/cards/val/likely_valid/CLM-00642_var0.png,Likely Valid
CLM-00270,val,0,sample_claims/cards/val/likely_invalid/CLM-00270_var0.png,Likely Invalid
CLM-00312,val,0,sample_claims/cards/val/likely_valid/CLM-00312_var0.png,Likely Valid
CLM-01074,val,0,sample_claims/cards/val/likely_invalid/CLM-01074_var0.png,Likely Invalid
CLM-02160,val,0,sample_claims/cards/val/likely_valid/CLM-02160_var0.png,Likely Valid
CLM-01126,val,0,sample_claims/cards/val/likely_valid/CLM-01126_var0.png,Likely Valid
CLM-02005,val,0,sample_claims/cards/val/likely_valid/CLM-02005_var0.png,Likely Valid
CLM-02020,val,0,sample_claims/cards/val/likely_valid/CLM-02020_var0.png,Likely Valid
CLM-00175,val,0,sample_claims/cards/val/likely_invalid/CLM-00175_var0.png,Likely Invalid
CLM-02222,val,0,sample_claims/cards/val/likely_invalid/CLM-02222_var0.png,Likely Invalid
CLM-00987,val,0,sample_claims/cards/val/likely_invalid/CLM-00987_var0.png,Likely Invalid
CLM-01653,val,0,sample_claims/cards/val/likely_valid/CLM-01653_var0.png,Likely Valid
CLM-02298,val,0,sample_claims/cards/val/manual_review/CLM-02298_var0.png,Manual Review Required
CLM-00039,val,0,sample_claims/cards/val/likely_invalid/CLM-00039_var0.png,Likely Invalid
CLM-00945,val,0,sample_claims/cards/val/likely_valid/CLM-00945_var0.png,Likely Valid
CLM-02402,val,0,sample_claims/cards/val/likely_invalid/CLM-02402_var0.png,Likely Invalid
CLM-01697,val,0,sample_claims/cards/val/likely_valid/CLM-01697_var0.png,Likely Valid
CLM-01760,val,0,sample_claims/cards/val/likely_valid/CLM-01760_var0.png,Likely Valid
CLM-01354,val,0,sample_claims/cards/val/likely_valid/CLM-01354_var0.png,Likely Valid
CLM-01383,val,0,sample_claims/cards/val/likely_invalid/CLM-01383_var0.png,Likely Invalid
CLM-00245,val,0,sample_claims/cards/val/likely_valid/CLM-00245_var0.png,Likely Valid
CLM-00496,val,0,sample_claims/cards/val/likely_invalid/CLM-00496_var0.png,Likely Invalid
CLM-01732,val,0,sample_claims/cards/val/likely_valid/CLM-01732_var0.png,Likely Valid
CLM-02025,val,0,sample_claims/cards/val/likely_invalid/CLM-02025_var0.png,Likely Invalid
CLM-02049,val,0,sample_claims/cards/val/likely_valid/CLM-02049_var0.png,Likely Valid
CLM-00211,val,0,sample_claims/cards/val/likely_valid/CLM-00211_var0.png,Likely Valid
CLM-00442,val,0,sample_claims/cards/val/likely_valid/CLM-00442_var0.png,Likely Valid
CLM-01348,val,0,sample_claims/cards/val/likely_invalid/CLM-01348_var0.png,Likely Invalid
CLM-00795,val,0,sample_claims/cards/val/likely_invalid/CLM-00795_var0.png,Likely Invalid
CLM-00081,val,0,sample_claims/cards/val/likely_valid/CLM-00081_var0.png,Likely Valid
CLM-01950,val,0,sample_claims/cards/val/likely_valid/CLM-01950_var0.png,Likely Valid
CLM-00557,val,0,sample_claims/cards/val/likely_valid/CLM-00557_var0.png,Likely Valid
CLM-00322,val,0,sample_claims/cards/val/likely_valid/CLM-00322_var0.png,Likely Valid
CLM-01204,val,0,sample_claims/cards/val/likely_valid/CLM-01204_var0.png,Likely Valid
CLM-01681,val,0,sample_claims/cards/val/likely_invalid/CLM-01681_var0.png,Likely Invalid
CLM-00502,val,0,sample_claims/cards/val/likely_invalid/CLM-00502_var0.png,Likely Invalid
CLM-01644,val,0,sample_claims/cards/val/likely_valid/CLM-01644_var0.png,Likely Valid
CLM-01214,val,0,sample_claims/cards/val/likely_invalid/CLM-01214_var0.png,Likely Invalid
CLM-00799,val,0,sample_claims/cards/val/likely_valid/CLM-00799_var0.png,Likely Valid
CLM-00040,val,0,sample_claims/cards/val/likely_valid/CLM-00040_var0.png,Likely Valid
CLM-01506,val,0,sample_claims/cards/val/manual_review/CLM-01506_var0.png,Manual Review Required
CLM-00124,val,0,sample_claims/cards/val/likely_invalid/CLM-00124_var0.png,Likely Invalid
CLM-00209,val,0,sample_claims/cards/val/likely_valid/CLM-00209_var0.png,Likely Valid
CLM-00659,val,0,sample_claims/cards/val/manual_review/CLM-00659_var0.png,Manual Review Required
CLM-00857,val,0,sample_claims/cards/val/likely_valid/CLM-00857_var0.png,Likely Valid
CLM-02270,val,0,sample_claims/cards/val/likely_valid/CLM-02270_var0.png,Likely Valid
CLM-00257,val,0,sample_claims/cards/val/likely_invalid/CLM-00257_var0.png,Likely Invalid
CLM-00268,val,0,sample_claims/cards/val/manual_review/CLM-00268_var0.png,Manual Review Required
CLM-02377,val,0,sample_claims/cards/val/likely_valid/CLM-02377_var0.png,Likely Valid
CLM-01970,val,0,sample_claims/cards/val/likely_valid/CLM-01970_var0.png,Likely Valid
CLM-02045,val,0,sample_claims/cards/val/likely_invalid/CLM-02045_var0.png,Likely Invalid
CLM-00450,val,0,sample_claims/cards/val/likely_invalid/CLM-00450_var0.png,Likely Invalid
CLM-01236,val,0,sample_claims/cards/val/manual_review/CLM-01236_var0.png,Manual Review Required
CLM-00470,val,0,sample_claims/cards/val/manual_review/CLM-00470_var0.png,Manual Review Required
CLM-00407,val,0,sample_claims/cards/val/manual_review/CLM-00407_var0.png,Manual Review Required
CLM-01240,val,0,sample_claims/cards/val/likely_valid/CLM-01240_var0.png,Likely Valid
CLM-02291,val,0,sample_claims/cards/val/likely_valid/CLM-02291_var0.png,Likely Valid
CLM-00059,val,0,sample_claims/cards/val/likely_valid/CLM-00059_var0.png,Likely Valid
CLM-00353,val,0,sample_claims/cards/val/likely_valid/CLM-00353_var0.png,Likely Valid
CLM-00985,val,0,sample_claims/cards/val/likely_valid/CLM-00985_var0.png,Likely Valid
CLM-00527,val,0,sample_claims/cards/val/likely_valid/CLM-00527_var0.png,Likely Valid
CLM-01445,val,0,sample_claims/cards/val/likely_valid/CLM-01445_var0.png,Likely Valid
CLM-01113,val,0,sample_claims/cards/val/likely_valid/CLM-01113_var0.png,Likely Valid
CLM-02137,val,0,sample_claims/cards/val/likely_valid/CLM-02137_var0.png,Likely Valid
CLM-01674,val,0,sample_claims/cards/val/likely_valid/CLM-01674_var0.png,Likely Valid
CLM-01631,val,0,sample_claims/cards/val/manual_review/CLM-01631_var0.png,Manual Review Required
CLM-01981,val,0,sample_claims/cards/val/likely_invalid/CLM-01981_var0.png,Likely Invalid
CLM-00779,val,0,sample_claims/cards/val/likely_valid/CLM-00779_var0.png,Likely Valid
CLM-00533,val,0,sample_claims/cards/val/likely_valid/CLM-00533_var0.png,Likely Valid
CLM-02046,val,0,sample_claims/cards/val/manual_review/CLM-02046_var0.png,Manual Review Required
CLM-01629,val,0,sample_claims/cards/val/manual_review/CLM-01629_var0.png,Manual Review Required
CLM-01480,val,0,sample_claims/cards/val/likely_valid/CLM-01480_var0.png,Likely Valid
CLM-01146,val,0,sample_claims/cards/val/likely_invalid/CLM-01146_var0.png,Likely Invalid
CLM-00162,val,0,sample_claims/cards/val/likely_valid/CLM-00162_var0.png,Likely Valid
CLM-01044,val,0,sample_claims/cards/val/likely_invalid/CLM-01044_var0.png,Likely Invalid
CLM-00513,val,0,sample_claims/cards/val/likely_invalid/CLM-00513_var0.png,Likely Invalid
CLM-01283,val,0,sample_claims/cards/val/likely_valid/CLM-01283_var0.png,Likely Valid
CLM-01549,val,0,sample_claims/cards/val/likely_invalid/CLM-01549_var0.png,Likely Invalid
CLM-01267,val,0,sample_claims/cards/val/likely_valid/CLM-01267_var0.png,Likely Valid
CLM-00696,val,0,sample_claims/cards/val/likely_valid/CLM-00696_var0.png,Likely Valid
CLM-02436,val,0,sample_claims/cards/val/manual_review/CLM-02436_var0.png,Manual Review Required
CLM-00343,val,0,sample_claims/cards/val/manual_review/CLM-00343_var0.png,Manual Review Required
CLM-01968,val,0,sample_claims/cards/val/likely_invalid/CLM-01968_var0.png,Likely Invalid
CLM-01675,val,0,sample_claims/cards/val/likely_invalid/CLM-01675_var0.png,Likely Invalid
CLM-01668,val,0,sample_claims/cards/val/likely_invalid/CLM-01668_var0.png,Likely Invalid
CLM-00068,val,0,sample_claims/cards/val/likely_invalid/CLM-00068_var0.png,Likely Invalid
CLM-01133,val,0,sample_claims/cards/val/manual_review/CLM-01133_var0.png,Manual Review Required
CLM-00122,val,0,sample_claims/cards/val/likely_invalid/CLM-00122_var0.png,Likely Invalid
CLM-00690,val,0,sample_claims/cards/val/likely_valid/CLM-00690_var0.png,Likely Valid
CLM-00226,val,0,sample_claims/cards/val/likely_valid/CLM-00226_var0.png,Likely Valid
CLM-02061,val,0,sample_claims/cards/val/likely_invalid/CLM-02061_var0.png,Likely Invalid
CLM-01364,val,0,sample_claims/cards/val/likely_valid/CLM-01364_var0.png,Likely Valid
CLM-01829,val,0,sample_claims/cards/val/likely_valid/CLM-01829_var0.png,Likely Valid
CLM-00370,val,0,sample_claims/cards/val/likely_invalid/CLM-00370_var0.png,Likely Invalid
CLM-01107,val,0,sample_claims/cards/val/manual_review/CLM-01107_var0.png,Manual Review Required
CLM-02131,val,0,sample_claims/cards/val/likely_invalid/CLM-02131_var0.png,Likely Invalid
CLM-00121,val,0,sample_claims/cards/val/manual_review/CLM-00121_var0.png,Manual Review Required
CLM-01581,val,0,sample_claims/cards/val/likely_valid/CLM-01581_var0.png,Likely Valid
CLM-00258,val,0,sample_claims/cards/val/manual_review/CLM-00258_var0.png,Manual Review Required
CLM-00554,val,0,sample_claims/cards/val/likely_invalid/CLM-00554_var0.png,Likely Invalid
CLM-01422,val,0,sample_claims/cards/val/likely_valid/CLM-01422_var0.png,Likely Valid
CLM-01826,val,0,sample_claims/cards/val/likely_invalid/CLM-01826_var0.png,Likely Invalid
CLM-00778,val,0,sample_claims/cards/val/likely_invalid/CLM-00778_var0.png,Likely Invalid
CLM-00498,val,0,sample_claims/cards/val/likely_invalid/CLM-00498_var0.png,Likely Invalid
CLM-01625,val,0,sample_claims/cards/val/likely_valid/CLM-01625_var0.png,Likely Valid
CLM-01306,val,0,sample_claims/cards/val/likely_valid/CLM-01306_var0.png,Likely Valid
CLM-02154,val,0,sample_claims/cards/val/likely_valid/CLM-02154_var0.png,Likely Valid
CLM-00086,val,0,sample_claims/cards/val/likely_valid/CLM-00086_var0.png,Likely Valid
CLM-02200,val,0,sample_claims/cards/val/manual_review/CLM-02200_var0.png,Manual Review Required
CLM-02151,val,0,sample_claims/cards/val/likely_valid/CLM-02151_var0.png,Likely Valid
CLM-00585,val,0,sample_claims/cards/val/manual_review/CLM-00585_var0.png,Manual Review Required
CLM-01942,val,0,sample_claims/cards/val/manual_review/CLM-01942_var0.png,Manual Review Required
CLM-02481,val,0,sample_claims/cards/val/likely_invalid/CLM-02481_var0.png,Likely Invalid
CLM-00078,val,0,sample_claims/cards/val/likely_valid/CLM-00078_var0.png,Likely Valid
CLM-00414,val,0,sample_claims/cards/val/likely_invalid/CLM-00414_var0.png,Likely Invalid
CLM-00603,val,0,sample_claims/cards/val/manual_review/CLM-00603_var0.png,Manual Review Required
CLM-01636,val,0,sample_claims/cards/val/likely_invalid/CLM-01636_var0.png,Likely Invalid
CLM-01333,val,0,sample_claims/cards/val/likely_valid/CLM-01333_var0.png,Likely Valid
CLM-00681,val,0,sample_claims/cards/val/likely_invalid/CLM-00681_var0.png,Likely Invalid
CLM-01659,val,0,sample_claims/cards/val/likely_valid/CLM-01659_var0.png,Likely Valid
CLM-01928,val,0,sample_claims/cards/val/likely_invalid/CLM-01928_var0.png,Likely Invalid
CLM-00833,val,0,sample_claims/cards/val/likely_valid/CLM-00833_var0.png,Likely Valid
CLM-00100,val,0,sample_claims/cards/val/likely_invalid/CLM-00100_var0.png,Likely Invalid
CLM-01365,val,0,sample_claims/cards/val/manual_review/CLM-01365_var0.png,Manual Review Required
CLM-00850,val,0,sample_claims/cards/val/manual_review/CLM-00850_var0.png,Manual Review Required
CLM-02364,val,0,sample_claims/cards/val/likely_invalid/CLM-02364_var0.png,Likely Invalid
CLM-02169,val,0,sample_claims/cards/val/likely_valid/CLM-02169_var0.png,Likely Valid
CLM-00629,val,0,sample_claims/cards/val/likely_invalid/CLM-00629_var0.png,Likely Invalid
CLM-00840,val,0,sample_claims/cards/val/likely_valid/CLM-00840_var0.png,Likely Valid
CLM-00085,val,0,sample_claims/cards/val/manual_review/CLM-00085_var0.png,Manual Review Required
CLM-02396,val,0,sample_claims/cards/val/likely_valid/CLM-02396_var0.png,Likely Valid
CLM-01041,val,0,sample_claims/cards/val/manual_review/CLM-01041_var0.png,Manual Review Required
CLM-00808,val,0,sample_claims/cards/val/likely_invalid/CLM-00808_var0.png,Likely Invalid
CLM-01741,val,0,sample_claims/cards/val/manual_review/CLM-01741_var0.png,Manual Review Required
CLM-00830,val,0,sample_claims/cards/val/likely_valid/CLM-00830_var0.png,Likely Valid
CLM-00464,val,0,sample_claims/cards/val/manual_review/CLM-00464_var0.png,Manual Review Required
CLM-01991,val,0,sample_claims/cards/val/manual_review/CLM-01991_var0.png,Manual Review Required
CLM-01121,val,0,sample_claims/cards/val/likely_valid/CLM-01121_var0.png,Likely Valid
CLM-01300,val,0,sample_claims/cards/val/likely_invalid/CLM-01300_var0.png,Likely Invalid
CLM-01520,val,0,sample_claims/cards/val/likely_invalid/CLM-01520_var0.png,Likely Invalid
CLM-02156,val,0,sample_claims/cards/val/likely_invalid/CLM-02156_var0.png,Likely Invalid
CLM-00883,val,0,sample_claims/cards/val/likely_valid/CLM-00883_var0.png,Likely Valid
CLM-00365,val,0,sample_claims/cards/val/likely_valid/CLM-00365_var0.png,Likely Valid
CLM-00027,val,0,sample_claims/cards/val/likely_valid/CLM-00027_var0.png,Likely Valid
CLM-00188,val,0,sample_claims/cards/val/likely_valid/CLM-00188_var0.png,Likely Valid
CLM-02343,val,0,sample_claims/cards/val/manual_review/CLM-02343_var0.png,Manual Review Required
CLM-00447,val,0,sample_claims/cards/val/manual_review/CLM-00447_var0.png,Manual Review Required
CLM-00018,val,0,sample_claims/cards/val/likely_invalid/CLM-00018_var0.png,Likely Invalid
CLM-01504,val,0,sample_claims/cards/val/likely_invalid/CLM-01504_var0.png,Likely Invalid
CLM-01332,val,0,sample_claims/cards/val/likely_invalid/CLM-01332_var0.png,Likely Invalid
CLM-01193,val,0,sample_claims/cards/val/likely_valid/CLM-01193_var0.png,Likely Valid
CLM-00691,val,0,sample_claims/cards/val/likely_valid/CLM-00691_var0.png,Likely Valid
CLM-01534,val,0,sample_claims/cards/val/likely_valid/CLM-01534_var0.png,Likely Valid
CLM-00335,val,0,sample_claims/cards/val/likely_valid/CLM-00335_var0.png,Likely Valid
CLM-00384,val,0,sample_claims/cards/val/manual_review/CLM-00384_var0.png,Manual Review Required
CLM-00938,val,0,sample_claims/cards/val/manual_review/CLM-00938_var0.png,Manual Review Required
CLM-02492,val,0,sample_claims/cards/val/likely_invalid/CLM-02492_var0.png,Likely Invalid
CLM-01676,val,0,sample_claims/cards/val/likely_valid/CLM-01676_var0.png,Likely Valid
CLM-00914,val,0,sample_claims/cards/val/likely_invalid/CLM-00914_var0.png,Likely Invalid
CLM-01326,val,0,sample_claims/cards/val/likely_valid/CLM-01326_var0.png,Likely Valid
CLM-00488,val,0,sample_claims/cards/val/likely_valid/CLM-00488_var0.png,Likely Valid
CLM-01716,val,0,sample_claims/cards/val/likely_valid/CLM-01716_var0.png,Likely Valid
CLM-00662,val,0,sample_claims/cards/val/manual_review/CLM-00662_var0.png,Manual Review Required
CLM-01820,val,0,sample_claims/cards/val/likely_valid/CLM-01820_var0.png,Likely Valid
CLM-01284,val,0,sample_claims/cards/val/likely_invalid/CLM-01284_var0.png,Likely Invalid
CLM-01664,val,0,sample_claims/cards/val/likely_valid/CLM-01664_var0.png,Likely Valid
CLM-02204,val,0,sample_claims/cards/val/manual_review/CLM-02204_var0.png,Manual Review Required
CLM-00587,val,0,sample_claims/cards/val/likely_invalid/CLM-00587_var0.png,Likely Invalid
CLM-01337,val,0,sample_claims/cards/val/likely_valid/CLM-01337_var0.png,Likely Valid
CLM-00411,val,0,sample_claims/cards/val/likely_invalid/CLM-00411_var0.png,Likely Invalid
CLM-01750,val,0,sample_claims/cards/val/likely_invalid/CLM-01750_var0.png,Likely Invalid
CLM-01532,val,0,sample_claims/cards/val/likely_invalid/CLM-01532_var0.png,Likely Invalid
CLM-02231,val,0,sample_claims/cards/val/likely_valid/CLM-02231_var0.png,Likely Valid
CLM-00575,val,0,sample_claims/cards/val/likely_invalid/CLM-00575_var0.png,Likely Invalid
CLM-00237,val,0,sample_claims/cards/val/likely_valid/CLM-00237_var0.png,Likely Valid
CLM-01560,val,0,sample_claims/cards/val/likely_invalid/CLM-01560_var0.png,Likely Invalid
CLM-00213,val,0,sample_claims/cards/val/manual_review/CLM-00213_var0.png,Manual Review Required
CLM-01006,val,0,sample_claims/cards/val/likely_valid/CLM-01006_var0.png,Likely Valid
CLM-00089,val,0,sample_claims/cards/val/likely_invalid/CLM-00089_var0.png,Likely Invalid
CLM-00939,val,0,sample_claims/cards/val/likely_valid/CLM-00939_var0.png,Likely Valid
CLM-02398,val,0,sample_claims/cards/val/likely_invalid/CLM-02398_var0.png,Likely Invalid
CLM-01887,val,0,sample_claims/cards/val/likely_invalid/CLM-01887_var0.png,Likely Invalid
CLM-01797,val,0,sample_claims/cards/val/manual_review/CLM-01797_var0.png,Manual Review Required
CLM-01189,val,0,sample_claims/cards/val/likely_invalid/CLM-01189_var0.png,Likely Invalid
CLM-01873,val,0,sample_claims/cards/val/likely_valid/CLM-01873_var0.png,Likely Valid
CLM-01759,val,0,sample_claims/cards/val/manual_review/CLM-01759_var0.png,Manual Review Required
CLM-00181,val,0,sample_claims/cards/val/likely_invalid/CLM-00181_var0.png,Likely Invalid
CLM-01488,val,0,sample_claims/cards/val/likely_valid/CLM-01488_var0.png,Likely Valid
CLM-02096,val,0,sample_claims/cards/val/likely_invalid/CLM-02096_var0.png,Likely Invalid
CLM-02167,val,0,sample_claims/cards/val/likely_invalid/CLM-02167_var0.png,Likely Invalid
CLM-01905,val,0,sample_claims/cards/val/likely_invalid/CLM-01905_var0.png,Likely Invalid
CLM-00773,val,0,sample_claims/cards/val/likely_valid/CLM-00773_var0.png,Likely Valid
CLM-00452,val,0,sample_claims/cards/val/manual_review/CLM-00452_var0.png,Manual Review Required
CLM-01149,val,0,sample_claims/cards/val/likely_invalid/CLM-01149_var0.png,Likely Invalid
CLM-01569,val,0,sample_claims/cards/val/likely_invalid/CLM-01569_var0.png,Likely Invalid
CLM-00055,val,0,sample_claims/cards/val/likely_valid/CLM-00055_var0.png,Likely Valid
CLM-01890,val,0,sample_claims/cards/val/likely_invalid/CLM-01890_var0.png,Likely Invalid
CLM-01152,val,0,sample_claims/cards/val/manual_review/CLM-01152_var0.png,Manual Review Required
CLM-00218,val,0,sample_claims/cards/val/likely_valid/CLM-00218_var0.png,Likely Valid
CLM-02401,val,0,sample_claims/cards/val/likely_valid/CLM-02401_var0.png,Likely Valid
CLM-00562,val,0,sample_claims/cards/val/likely_valid/CLM-00562_var0.png,Likely Valid
CLM-01448,val,0,sample_claims/cards/val/likely_invalid/CLM-01448_var0.png,Likely Invalid
CLM-01212,val,0,sample_claims/cards/val/manual_review/CLM-01212_var0.png,Manual Review Required
CLM-00909,val,0,sample_claims/cards/val/manual_review/CLM-00909_var0.png,Manual Review Required
CLM-00588,val,0,sample_claims/cards/val/likely_valid/CLM-00588_var0.png,Likely Valid
CLM-00829,val,0,sample_claims/cards/val/likely_valid/CLM-00829_var0.png,Likely Valid
CLM-00449,val,0,sample_claims/cards/val/manual_review/CLM-00449_var0.png,Manual Review Required
CLM-00634,val,0,sample_claims/cards/val/likely_invalid/CLM-00634_var0.png,Likely Invalid
CLM-02461,val,0,sample_claims/cards/val/likely_valid/CLM-02461_var0.png,Likely Valid
CLM-01706,val,0,sample_claims/cards/val/likely_invalid/CLM-01706_var0.png,Likely Invalid
CLM-02284,val,0,sample_claims/cards/val/likely_valid/CLM-02284_var0.png,Likely Valid
CLM-01669,val,0,sample_claims/cards/val/likely_valid/CLM-01669_var0.png,Likely Valid
CLM-02181,val,0,sample_claims/cards/val/manual_review/CLM-02181_var0.png,Manual Review Required
CLM-02329,val,0,sample_claims/cards/val/likely_invalid/CLM-02329_var0.png,Likely Invalid
CLM-01850,val,0,sample_claims/cards/val/likely_valid/CLM-01850_var0.png,Likely Valid
CLM-00926,val,0,sample_claims/cards/val/manual_review/CLM-00926_var0.png,Manual Review Required
CLM-01740,val,0,sample_claims/cards/val/likely_invalid/CLM-01740_var0.png,Likely Invalid
CLM-00399,val,0,sample_claims/cards/val/likely_valid/CLM-00399_var0.png,Likely Valid
CLM-01934,val,0,sample_claims/cards/val/likely_valid/CLM-01934_var0.png,Likely Valid
CLM-00630,val,0,sample_claims/cards/val/likely_valid/CLM-00630_var0.png,Likely Valid
CLM-00838,val,0,sample_claims/cards/val/likely_valid/CLM-00838_var0.png,Likely Valid
CLM-01117,val,0,sample_claims/cards/val/likely_invalid/CLM-01117_var0.png,Likely Invalid
CLM-01782,val,0,sample_claims/cards/val/likely_invalid/CLM-01782_var0.png,Likely Invalid
CLM-01595,val,0,sample_claims/cards/val/likely_valid/CLM-01595_var0.png,Likely Valid
CLM-01610,val,0,sample_claims/cards/val/likely_invalid/CLM-01610_var0.png,Likely Invalid
CLM-00250,val,0,sample_claims/cards/val/likely_valid/CLM-00250_var0.png,Likely Valid
CLM-02442,val,0,sample_claims/cards/val/likely_valid/CLM-02442_var0.png,Likely Valid
CLM-01450,val,0,sample_claims/cards/val/likely_valid/CLM-01450_var0.png,Likely Valid
CLM-02292,val,0,sample_claims/cards/val/likely_invalid/CLM-02292_var0.png,Likely Invalid
CLM-01072,val,0,sample_claims/cards/val/manual_review/CLM-01072_var0.png,Manual Review Required
CLM-02337,val,0,sample_claims/cards/val/likely_valid/CLM-02337_var0.png,Likely Valid
CLM-01123,val,0,sample_claims/cards/val/manual_review/CLM-01123_var0.png,Manual Review Required
CLM-00633,val,0,sample_claims/cards/val/likely_invalid/CLM-00633_var0.png,Likely Invalid
CLM-02196,val,0,sample_claims/cards/val/manual_review/CLM-02196_var0.png,Manual Review Required
CLM-02232,val,0,sample_claims/cards/val/likely_valid/CLM-02232_var0.png,Likely Valid
CLM-02490,val,0,sample_claims/cards/val/manual_review/CLM-02490_var0.png,Manual Review Required
CLM-01347,val,0,sample_claims/cards/val/likely_valid/CLM-01347_var0.png,Likely Valid
CLM-00892,val,0,sample_claims/cards/val/likely_valid/CLM-00892_var0.png,Likely Valid
CLM-01187,val,0,sample_claims/cards/val/likely_valid/CLM-01187_var0.png,Likely Valid
CLM-01394,val,0,sample_claims/cards/val/likely_invalid/CLM-01394_var0.png,Likely Invalid
CLM-01509,val,0,sample_claims/cards/val/likely_invalid/CLM-01509_var0.png,Likely Invalid
CLM-00682,val,0,sample_claims/cards/val/likely_invalid/CLM-00682_var0.png,Likely Invalid
CLM-00338,val,0,sample_claims/cards/val/likely_valid/CLM-00338_var0.png,Likely Valid
CLM-01419,val,0,sample_claims/cards/val/manual_review/CLM-01419_var0.png,Manual Review Required
CLM-00221,val,0,sample_claims/cards/val/likely_valid/CLM-00221_var0.png,Likely Valid
CLM-00410,val,0,sample_claims/cards/val/likely_valid/CLM-00410_var0.png,Likely Valid
CLM-01849,val,0,sample_claims/cards/val/likely_valid/CLM-01849_var0.png,Likely Valid
CLM-01817,val,0,sample_claims/cards/val/likely_invalid/CLM-01817_var0.png,Likely Invalid
CLM-01689,val,0,sample_claims/cards/val/manual_review/CLM-01689_var0.png,Manual Review Required
CLM-01503,val,0,sample_claims/cards/val/likely_valid/CLM-01503_var0.png,Likely Valid
CLM-00931,val,0,sample_claims/cards/val/likely_valid/CLM-00931_var0.png,Likely Valid
CLM-00311,val,0,sample_claims/cards/val/likely_valid/CLM-00311_var0.png,Likely Valid
CLM-00791,val,0,sample_claims/cards/val/likely_invalid/CLM-00791_var0.png,Likely Invalid
CLM-01029,val,0,sample_claims/cards/val/likely_valid/CLM-01029_var0.png,Likely Valid
CLM-01368,val,0,sample_claims/cards/val/likely_valid/CLM-01368_var0.png,Likely Valid
CLM-01614,val,0,sample_claims/cards/val/manual_review/CLM-01614_var0.png,Manual Review Required
CLM-00137,val,0,sample_claims/cards/val/likely_invalid/CLM-00137_var0.png,Likely Invalid
CLM-00459,val,0,sample_claims/cards/val/likely_valid/CLM-00459_var0.png,Likely Valid
CLM-01102,val,0,sample_claims/cards/val/likely_valid/CLM-01102_var0.png,Likely Valid
CLM-01197,val,0,sample_claims/cards/val/likely_valid/CLM-01197_var0.png,Likely Valid
CLM-01973,val,0,sample_claims/cards/val/likely_invalid/CLM-01973_var0.png,Likely Invalid
CLM-01063,val,0,sample_claims/cards/val/likely_invalid/CLM-01063_var0.png,Likely Invalid
CLM-01261,val,0,sample_claims/cards/val/likely_invalid/CLM-01261_var0.png,Likely Invalid
CLM-01066,val,0,sample_claims/cards/val/manual_review/CLM-01066_var0.png,Manual Review Required
CLM-01043,val,0,sample_claims/cards/val/likely_invalid/CLM-01043_var0.png,Likely Invalid
CLM-01948,val,0,sample_claims/cards/val/likely_valid/CLM-01948_var0.png,Likely Valid
CLM-00769,val,0,sample_claims/cards/val/manual_review/CLM-00769_var0.png,Manual Review Required
CLM-02275,val,0,sample_claims/cards/val/likely_valid/CLM-02275_var0.png,Likely Valid
CLM-01779,val,0,sample_claims/cards/val/likely_valid/CLM-01779_var0.png,Likely Valid
CLM-01602,val,0,sample_claims/cards/val/likely_valid/CLM-01602_var0.png,Likely Valid
CLM-01995,test,0,sample_claims/cards/test/likely_valid/CLM-01995_var0.png,Likely Valid
CLM-00062,test,0,sample_claims/cards/test/likely_invalid/CLM-00062_var0.png,Likely Invalid
CLM-00775,test,0,sample_claims/cards/test/manual_review/CLM-00775_var0.png,Manual Review Required
CLM-00107,test,0,sample_claims/cards/test/likely_invalid/CLM-00107_var0.png,Likely Invalid
CLM-00456,test,0,sample_claims/cards/test/likely_valid/CLM-00456_var0.png,Likely Valid
CLM-02076,test,0,sample_claims/cards/test/likely_valid/CLM-02076_var0.png,Likely Valid
CLM-02354,test,0,sample_claims/cards/test/likely_valid/CLM-02354_var0.png,Likely Valid
CLM-01916,test,0,sample_claims/cards/test/likely_valid/CLM-01916_var0.png,Likely Valid
CLM-00276,test,0,sample_claims/cards/test/likely_valid/CLM-00276_var0.png,Likely Valid
CLM-00178,test,0,sample_claims/cards/test/manual_review/CLM-00178_var0.png,Manual Review Required
CLM-00713,test,0,sample_claims/cards/test/likely_valid/CLM-00713_var0.png,Likely Valid
CLM-01559,test,0,sample_claims/cards/test/likely_invalid/CLM-01559_var0.png,Likely Invalid
CLM-02268,test,0,sample_claims/cards/test/likely_valid/CLM-02268_var0.png,Likely Valid
CLM-00535,test,0,sample_claims/cards/test/likely_invalid/CLM-00535_var0.png,Likely Invalid
CLM-02103,test,0,sample_claims/cards/test/manual_review/CLM-02103_var0.png,Manual Review Required
CLM-01876,test,0,sample_claims/cards/test/likely_invalid/CLM-01876_var0.png,Likely Invalid
CLM-01987,test,0,sample_claims/cards/test/likely_valid/CLM-01987_var0.png,Likely Valid
CLM-02139,test,0,sample_claims/cards/test/manual_review/CLM-02139_var0.png,Manual Review Required
CLM-00785,test,0,sample_claims/cards/test/likely_valid/CLM-00785_var0.png,Likely Valid
CLM-00283,test,0,sample_claims/cards/test/likely_valid/CLM-00283_var0.png,Likely Valid
CLM-00543,test,0,sample_claims/cards/test/likely_valid/CLM-00543_var0.png,Likely Valid
CLM-00684,test,0,sample_claims/cards/test/likely_valid/CLM-00684_var0.png,Likely Valid
CLM-01657,test,0,sample_claims/cards/test/likely_invalid/CLM-01657_var0.png,Likely Invalid
CLM-01150,test,0,sample_claims/cards/test/manual_review/CLM-01150_var0.png,Manual Review Required
CLM-00973,test,0,sample_claims/cards/test/likely_invalid/CLM-00973_var0.png,Likely Invalid
CLM-00393,test,0,sample_claims/cards/test/likely_invalid/CLM-00393_var0.png,Likely Invalid
CLM-02465,test,0,sample_claims/cards/test/likely_invalid/CLM-02465_var0.png,Likely Invalid
CLM-00171,test,0,sample_claims/cards/test/likely_valid/CLM-00171_var0.png,Likely Valid
CLM-01128,test,0,sample_claims/cards/test/likely_valid/CLM-01128_var0.png,Likely Valid
CLM-01216,test,0,sample_claims/cards/test/manual_review/CLM-01216_var0.png,Manual Review Required
CLM-02348,test,0,sample_claims/cards/test/manual_review/CLM-02348_var0.png,Manual Review Required
CLM-00870,test,0,sample_claims/cards/test/likely_valid/CLM-00870_var0.png,Likely Valid
CLM-00853,test,0,sample_claims/cards/test/likely_valid/CLM-00853_var0.png,Likely Valid
CLM-00627,test,0,sample_claims/cards/test/likely_valid/CLM-00627_var0.png,Likely Valid
CLM-01181,test,0,sample_claims/cards/test/likely_valid/CLM-01181_var0.png,Likely Valid
CLM-01745,test,0,sample_claims/cards/test/likely_invalid/CLM-01745_var0.png,Likely Invalid
CLM-00190,test,0,sample_claims/cards/test/likely_valid/CLM-00190_var0.png,Likely Valid
CLM-00303,test,0,sample_claims/cards/test/likely_valid/CLM-00303_var0.png,Likely Valid
CLM-01068,test,0,sample_claims/cards/test/likely_invalid/CLM-01068_var0.png,Likely Invalid
CLM-00073,test,0,sample_claims/cards/test/likely_valid/CLM-00073_var0.png,Likely Valid
CLM-02053,test,0,sample_claims/cards/test/likely_valid/CLM-02053_var0.png,Likely Valid
CLM-00075,test,0,sample_claims/cards/test/likely_valid/CLM-00075_var0.png,Likely Valid
CLM-01974,test,0,sample_claims/cards/test/manual_review/CLM-01974_var0.png,Manual Review Required
CLM-02216,test,0,sample_claims/cards/test/likely_valid/CLM-02216_var0.png,Likely Valid
CLM-00012,test,0,sample_claims/cards/test/likely_valid/CLM-00012_var0.png,Likely Valid
CLM-01171,test,0,sample_claims/cards/test/likely_valid/CLM-01171_var0.png,Likely Valid
CLM-00856,test,0,sample_claims/cards/test/manual_review/CLM-00856_var0.png,Manual Review Required
CLM-02330,test,0,sample_claims/cards/test/likely_invalid/CLM-02330_var0.png,Likely Invalid
CLM-02166,test,0,sample_claims/cards/test/likely_valid/CLM-02166_var0.png,Likely Valid
CLM-00705,test,0,sample_claims/cards/test/likely_valid/CLM-00705_var0.png,Likely Valid
CLM-02301,test,0,sample_claims/cards/test/likely_invalid/CLM-02301_var0.png,Likely Invalid
CLM-01988,test,0,sample_claims/cards/test/likely_invalid/CLM-01988_var0.png,Likely Invalid
CLM-02283,test,0,sample_claims/cards/test/manual_review/CLM-02283_var0.png,Manual Review Required
CLM-00481,test,0,sample_claims/cards/test/likely_valid/CLM-00481_var0.png,Likely Valid
CLM-00941,test,0,sample_claims/cards/test/likely_valid/CLM-00941_var0.png,Likely Valid
CLM-01945,test,0,sample_claims/cards/test/likely_valid/CLM-01945_var0.png,Likely Valid
CLM-02415,test,0,sample_claims/cards/test/likely_valid/CLM-02415_var0.png,Likely Valid
CLM-00074,test,0,sample_claims/cards/test/likely_valid/CLM-00074_var0.png,Likely Valid
CLM-00896,test,0,sample_claims/cards/test/likely_valid/CLM-00896_var0.png,Likely Valid
CLM-00580,test,0,sample_claims/cards/test/likely_valid/CLM-00580_var0.png,Likely Valid
CLM-01795,test,0,sample_claims/cards/test/likely_valid/CLM-01795_var0.png,Likely Valid
CLM-00578,test,0,sample_claims/cards/test/manual_review/CLM-00578_var0.png,Manual Review Required
CLM-02198,test,0,sample_claims/cards/test/likely_valid/CLM-02198_var0.png,Likely Valid
CLM-01358,test,0,sample_claims/cards/test/likely_valid/CLM-01358_var0.png,Likely Valid
CLM-01835,test,0,sample_claims/cards/test/likely_invalid/CLM-01835_var0.png,Likely Invalid
CLM-01903,test,0,sample_claims/cards/test/likely_valid/CLM-01903_var0.png,Likely Valid
CLM-01013,test,0,sample_claims/cards/test/likely_invalid/CLM-01013_var0.png,Likely Invalid
CLM-00244,test,0,sample_claims/cards/test/likely_invalid/CLM-00244_var0.png,Likely Invalid
CLM-00321,test,0,sample_claims/cards/test/likely_invalid/CLM-00321_var0.png,Likely Invalid
CLM-01789,test,0,sample_claims/cards/test/likely_valid/CLM-01789_var0.png,Likely Valid
CLM-01254,test,0,sample_claims/cards/test/likely_valid/CLM-01254_var0.png,Likely Valid
CLM-00362,test,0,sample_claims/cards/test/likely_valid/CLM-00362_var0.png,Likely Valid
CLM-01579,test,0,sample_claims/cards/test/likely_valid/CLM-01579_var0.png,Likely Valid
CLM-01271,test,0,sample_claims/cards/test/likely_invalid/CLM-01271_var0.png,Likely Invalid
CLM-00402,test,0,sample_claims/cards/test/likely_valid/CLM-00402_var0.png,Likely Valid
CLM-00234,test,0,sample_claims/cards/test/likely_valid/CLM-00234_var0.png,Likely Valid
CLM-00699,test,0,sample_claims/cards/test/manual_review/CLM-00699_var0.png,Manual Review Required
CLM-01112,test,0,sample_claims/cards/test/likely_valid/CLM-01112_var0.png,Likely Valid
CLM-00216,test,0,sample_claims/cards/test/likely_invalid/CLM-00216_var0.png,Likely Invalid
CLM-00031,test,0,sample_claims/cards/test/likely_valid/CLM-00031_var0.png,Likely Valid
CLM-02418,test,0,sample_claims/cards/test/manual_review/CLM-02418_var0.png,Manual Review Required
CLM-01714,test,0,sample_claims/cards/test/likely_valid/CLM-01714_var0.png,Likely Valid
CLM-01804,test,0,sample_claims/cards/test/likely_invalid/CLM-01804_var0.png,Likely Invalid
CLM-01913,test,0,sample_claims/cards/test/likely_invalid/CLM-01913_var0.png,Likely Invalid
CLM-01235,test,0,sample_claims/cards/test/likely_invalid/CLM-01235_var0.png,Likely Invalid
CLM-01109,test,0,sample_claims/cards/test/manual_review/CLM-01109_var0.png,Manual Review Required
CLM-02135,test,0,sample_claims/cards/test/likely_valid/CLM-02135_var0.png,Likely Valid
CLM-00639,test,0,sample_claims/cards/test/likely_invalid/CLM-00639_var0.png,Likely Invalid
CLM-01722,test,0,sample_claims/cards/test/likely_invalid/CLM-01722_var0.png,Likely Invalid
CLM-01194,test,0,sample_claims/cards/test/likely_invalid/CLM-01194_var0.png,Likely Invalid
CLM-00956,test,0,sample_claims/cards/test/likely_invalid/CLM-00956_var0.png,Likely Invalid
CLM-00670,test,0,sample_claims/cards/test/manual_review/CLM-00670_var0.png,Manual Review Required
CLM-01238,test,0,sample_claims/cards/test/manual_review/CLM-01238_var0.png,Manual Review Required
CLM-02344,test,0,sample_claims/cards/test/likely_invalid/CLM-02344_var0.png,Likely Invalid
CLM-00337,test,0,sample_claims/cards/test/likely_valid/CLM-00337_var0.png,Likely Valid
CLM-01967,test,0,sample_claims/cards/test/likely_invalid/CLM-01967_var0.png,Likely Invalid
CLM-01462,test,0,sample_claims/cards/test/likely_valid/CLM-01462_var0.png,Likely Valid
CLM-02446,test,0,sample_claims/cards/test/likely_valid/CLM-02446_var0.png,Likely Valid
CLM-01103,test,0,sample_claims/cards/test/likely_invalid/CLM-01103_var0.png,Likely Invalid
CLM-00314,test,0,sample_claims/cards/test/likely_invalid/CLM-00314_var0.png,Likely Invalid
CLM-02296,test,0,sample_claims/cards/test/manual_review/CLM-02296_var0.png,Manual Review Required
CLM-01229,test,0,sample_claims/cards/test/likely_valid/CLM-01229_var0.png,Likely Valid
CLM-01325,test,0,sample_claims/cards/test/likely_valid/CLM-01325_var0.png,Likely Valid
CLM-00581,test,0,sample_claims/cards/test/manual_review/CLM-00581_var0.png,Manual Review Required
CLM-02430,test,0,sample_claims/cards/test/likely_valid/CLM-02430_var0.png,Likely Valid
CLM-00774,test,0,sample_claims/cards/test/likely_valid/CLM-00774_var0.png,Likely Valid
CLM-02210,test,0,sample_claims/cards/test/likely_valid/CLM-02210_var0.png,Likely Valid
CLM-00732,test,0,sample_claims/cards/test/likely_invalid/CLM-00732_var0.png,Likely Invalid
CLM-01065,test,0,sample_claims/cards/test/likely_invalid/CLM-01065_var0.png,Likely Invalid
CLM-00153,test,0,sample_claims/cards/test/likely_valid/CLM-00153_var0.png,Likely Valid
CLM-01771,test,0,sample_claims/cards/test/likely_invalid/CLM-01771_var0.png,Likely Invalid
CLM-00848,test,0,sample_claims/cards/test/likely_valid/CLM-00848_var0.png,Likely Valid
CLM-01363,test,0,sample_claims/cards/test/likely_invalid/CLM-01363_var0.png,Likely Invalid
CLM-01831,test,0,sample_claims/cards/test/likely_invalid/CLM-01831_var0.png,Likely Invalid
CLM-01792,test,0,sample_claims/cards/test/likely_valid/CLM-01792_var0.png,Likely Valid
CLM-02346,test,0,sample_claims/cards/test/manual_review/CLM-02346_var0.png,Manual Review Required
CLM-02116,test,0,sample_claims/cards/test/manual_review/CLM-02116_var0.png,Manual Review Required
CLM-01763,test,0,sample_claims/cards/test/manual_review/CLM-01763_var0.png,Manual Review Required
CLM-00992,test,0,sample_claims/cards/test/likely_valid/CLM-00992_var0.png,Likely Valid
CLM-00624,test,0,sample_claims/cards/test/likely_invalid/CLM-00624_var0.png,Likely Invalid
CLM-01671,test,0,sample_claims/cards/test/manual_review/CLM-01671_var0.png,Manual Review Required
CLM-01856,test,0,sample_claims/cards/test/likely_valid/CLM-01856_var0.png,Likely Valid
CLM-01617,test,0,sample_claims/cards/test/manual_review/CLM-01617_var0.png,Manual Review Required
CLM-00439,test,0,sample_claims/cards/test/manual_review/CLM-00439_var0.png,Manual Review Required
CLM-02033,test,0,sample_claims/cards/test/likely_valid/CLM-02033_var0.png,Likely Valid
CLM-02325,test,0,sample_claims/cards/test/likely_invalid/CLM-02325_var0.png,Likely Invalid
CLM-01138,test,0,sample_claims/cards/test/manual_review/CLM-01138_var0.png,Manual Review Required
CLM-02109,test,0,sample_claims/cards/test/likely_valid/CLM-02109_var0.png,Likely Valid
CLM-00932,test,0,sample_claims/cards/test/manual_review/CLM-00932_var0.png,Manual Review Required
CLM-00730,test,0,sample_claims/cards/test/likely_valid/CLM-00730_var0.png,Likely Valid
CLM-01400,test,0,sample_claims/cards/test/likely_invalid/CLM-01400_var0.png,Likely Invalid
CLM-02179,test,0,sample_claims/cards/test/likely_invalid/CLM-02179_var0.png,Likely Invalid
CLM-02475,test,0,sample_claims/cards/test/likely_valid/CLM-02475_var0.png,Likely Valid
CLM-01151,test,0,sample_claims/cards/test/likely_valid/CLM-01151_var0.png,Likely Valid
CLM-01384,test,0,sample_claims/cards/test/likely_valid/CLM-01384_var0.png,Likely Valid
CLM-00831,test,0,sample_claims/cards/test/likely_valid/CLM-00831_var0.png,Likely Valid
CLM-00193,test,0,sample_claims/cards/test/likely_invalid/CLM-00193_var0.png,Likely Invalid
CLM-02419,test,0,sample_claims/cards/test/likely_invalid/CLM-02419_var0.png,Likely Invalid
CLM-00704,test,0,sample_claims/cards/test/likely_valid/CLM-00704_var0.png,Likely Valid
CLM-00130,test,0,sample_claims/cards/test/likely_valid/CLM-00130_var0.png,Likely Valid
CLM-00185,test,0,sample_claims/cards/test/likely_valid/CLM-00185_var0.png,Likely Valid
CLM-02407,test,0,sample_claims/cards/test/likely_valid/CLM-02407_var0.png,Likely Valid
CLM-01031,test,0,sample_claims/cards/test/likely_invalid/CLM-01031_var0.png,Likely Invalid
CLM-01009,test,0,sample_claims/cards/test/likely_valid/CLM-01009_var0.png,Likely Valid
CLM-01395,test,0,sample_claims/cards/test/likely_valid/CLM-01395_var0.png,Likely Valid
CLM-00088,test,0,sample_claims/cards/test/likely_valid/CLM-00088_var0.png,Likely Valid
CLM-00872,test,0,sample_claims/cards/test/likely_invalid/CLM-00872_var0.png,Likely Invalid
CLM-00664,test,0,sample_claims/cards/test/likely_invalid/CLM-00664_var0.png,Likely Invalid
CLM-02307,test,0,sample_claims/cards/test/likely_invalid/CLM-02307_var0.png,Likely Invalid
CLM-00430,test,0,sample_claims/cards/test/manual_review/CLM-00430_var0.png,Manual Review Required
CLM-02175,test,0,sample_claims/cards/test/likely_invalid/CLM-02175_var0.png,Likely Invalid
CLM-01611,test,0,sample_claims/cards/test/likely_valid/CLM-01611_var0.png,Likely Valid
CLM-01275,test,0,sample_claims/cards/test/likely_valid/CLM-01275_var0.png,Likely Valid
CLM-00046,test,0,sample_claims/cards/test/likely_valid/CLM-00046_var0.png,Likely Valid
CLM-02029,test,0,sample_claims/cards/test/likely_invalid/CLM-02029_var0.png,Likely Invalid
CLM-01885,test,0,sample_claims/cards/test/likely_valid/CLM-01885_var0.png,Likely Valid
CLM-02194,test,0,sample_claims/cards/test/likely_valid/CLM-02194_var0.png,Likely Valid
CLM-01912,test,0,sample_claims/cards/test/likely_valid/CLM-01912_var0.png,Likely Valid
CLM-01170,test,0,sample_claims/cards/test/likely_valid/CLM-01170_var0.png,Likely Valid
CLM-00331,test,0,sample_claims/cards/test/likely_valid/CLM-00331_var0.png,Likely Valid
CLM-01315,test,0,sample_claims/cards/test/manual_review/CLM-01315_var0.png,Manual Review Required
CLM-00172,test,0,sample_claims/cards/test/likely_invalid/CLM-00172_var0.png,Likely Invalid
CLM-00256,test,0,sample_claims/cards/test/likely_valid/CLM-00256_var0.png,Likely Valid
CLM-00888,test,0,sample_claims/cards/test/likely_valid/CLM-00888_var0.png,Likely Valid
CLM-00421,test,0,sample_claims/cards/test/likely_valid/CLM-00421_var0.png,Likely Valid
CLM-00460,test,0,sample_claims/cards/test/likely_invalid/CLM-00460_var0.png,Likely Invalid
CLM-00140,test,0,sample_claims/cards/test/likely_valid/CLM-00140_var0.png,Likely Valid
CLM-02428,test,0,sample_claims/cards/test/likely_valid/CLM-02428_var0.png,Likely Valid
CLM-02028,test,0,sample_claims/cards/test/likely_invalid/CLM-02028_var0.png,Likely Invalid
CLM-00541,test,0,sample_claims/cards/test/likely_invalid/CLM-00541_var0.png,Likely Invalid
CLM-00396,test,0,sample_claims/cards/test/manual_review/CLM-00396_var0.png,Manual Review Required
CLM-00486,test,0,sample_claims/cards/test/likely_valid/CLM-00486_var0.png,Likely Valid
CLM-01776,test,0,sample_claims/cards/test/likely_valid/CLM-01776_var0.png,Likely Valid
CLM-00405,test,0,sample_claims/cards/test/likely_valid/CLM-00405_var0.png,Likely Valid
CLM-00191,test,0,sample_claims/cards/test/likely_valid/CLM-00191_var0.png,Likely Valid
CLM-01577,test,0,sample_claims/cards/test/likely_valid/CLM-01577_var0.png,Likely Valid
CLM-00819,test,0,sample_claims/cards/test/likely_invalid/CLM-00819_var0.png,Likely Invalid
CLM-01704,test,0,sample_claims/cards/test/likely_valid/CLM-01704_var0.png,Likely Valid
CLM-00607,test,0,sample_claims/cards/test/likely_valid/CLM-00607_var0.png,Likely Valid
CLM-00950,test,0,sample_claims/cards/test/likely_valid/CLM-00950_var0.png,Likely Valid
CLM-00063,test,0,sample_claims/cards/test/likely_invalid/CLM-00063_var0.png,Likely Invalid
CLM-01352,test,0,sample_claims/cards/test/likely_invalid/CLM-01352_var0.png,Likely Invalid
CLM-00734,test,0,sample_claims/cards/test/likely_valid/CLM-00734_var0.png,Likely Valid
CLM-02148,test,0,sample_claims/cards/test/likely_invalid/CLM-02148_var0.png,Likely Invalid
CLM-00745,test,0,sample_claims/cards/test/manual_review/CLM-00745_var0.png,Manual Review Required
CLM-00071,test,0,sample_claims/cards/test/manual_review/CLM-00071_var0.png,Manual Review Required
CLM-01239,test,0,sample_claims/cards/test/likely_invalid/CLM-01239_var0.png,Likely Invalid
CLM-00669,test,0,sample_claims/cards/test/manual_review/CLM-00669_var0.png,Manual Review Required
CLM-02144,test,0,sample_claims/cards/test/likely_invalid/CLM-02144_var0.png,Likely Invalid
CLM-00995,test,0,sample_claims/cards/test/manual_review/CLM-00995_var0.png,Manual Review Required
CLM-01396,test,0,sample_claims/cards/test/likely_valid/CLM-01396_var0.png,Likely Valid
CLM-00051,test,0,sample_claims/cards/test/manual_review/CLM-00051_var0.png,Manual Review Required
CLM-01806,test,0,sample_claims/cards/test/likely_valid/CLM-01806_var0.png,Likely Valid
CLM-01685,test,0,sample_claims/cards/test/likely_invalid/CLM-01685_var0.png,Likely Invalid
CLM-00082,test,0,sample_claims/cards/test/likely_invalid/CLM-00082_var0.png,Likely Invalid
CLM-02218,test,0,sample_claims/cards/test/likely_invalid/CLM-02218_var0.png,Likely Invalid
CLM-00264,test,0,sample_claims/cards/test/likely_valid/CLM-00264_var0.png,Likely Valid
CLM-00139,test,0,sample_claims/cards/test/likely_valid/CLM-00139_var0.png,Likely Valid
CLM-02079,test,0,sample_claims/cards/test/likely_valid/CLM-02079_var0.png,Likely Valid
CLM-02007,test,0,sample_claims/cards/test/likely_invalid/CLM-02007_var0.png,Likely Invalid
CLM-00125,test,0,sample_claims/cards/test/likely_invalid/CLM-00125_var0.png,Likely Invalid
CLM-01999,test,0,sample_claims/cards/test/likely_invalid/CLM-01999_var0.png,Likely Invalid
CLM-00953,test,0,sample_claims/cards/test/manual_review/CLM-00953_var0.png,Manual Review Required
CLM-00289,test,0,sample_claims/cards/test/likely_valid/CLM-00289_var0.png,Likely Valid
CLM-02441,test,0,sample_claims/cards/test/likely_invalid/CLM-02441_var0.png,Likely Invalid
CLM-02197,test,0,sample_claims/cards/test/likely_valid/CLM-02197_var0.png,Likely Valid
CLM-02280,test,0,sample_claims/cards/test/likely_valid/CLM-02280_var0.png,Likely Valid
CLM-01252,test,0,sample_claims/cards/test/manual_review/CLM-01252_var0.png,Manual Review Required
CLM-00032,test,0,sample_claims/cards/test/likely_invalid/CLM-00032_var0.png,Likely Invalid
CLM-02191,test,0,sample_claims/cards/test/likely_invalid/CLM-02191_var0.png,Likely Invalid
CLM-01478,test,0,sample_claims/cards/test/likely_invalid/CLM-01478_var0.png,Likely Invalid
CLM-01882,test,0,sample_claims/cards/test/manual_review/CLM-01882_var0.png,Manual Review Required
CLM-01710,test,0,sample_claims/cards/test/likely_valid/CLM-01710_var0.png,Likely Valid
CLM-01140,test,0,sample_claims/cards/test/manual_review/CLM-01140_var0.png,Manual Review Required
CLM-02445,test,0,sample_claims/cards/test/likely_invalid/CLM-02445_var0.png,Likely Invalid
CLM-02363,test,0,sample_claims/cards/test/likely_invalid/CLM-02363_var0.png,Likely Invalid
CLM-01225,test,0,sample_claims/cards/test/likely_invalid/CLM-01225_var0.png,Likely Invalid
CLM-02487,test,0,sample_claims/cards/test/likely_valid/CLM-02487_var0.png,Likely Valid
CLM-01230,test,0,sample_claims/cards/test/manual_review/CLM-01230_var0.png,Manual Review Required
CLM-01609,test,0,sample_claims/cards/test/likely_invalid/CLM-01609_var0.png,Likely Invalid
CLM-01537,test,0,sample_claims/cards/test/likely_valid/CLM-01537_var0.png,Likely Valid
CLM-02494,test,0,sample_claims/cards/test/manual_review/CLM-02494_var0.png,Manual Review Required
CLM-00565,test,0,sample_claims/cards/test/likely_invalid/CLM-00565_var0.png,Likely Invalid
CLM-00600,test,0,sample_claims/cards/test/manual_review/CLM-00600_var0.png,Manual Review Required
CLM-01884,test,0,sample_claims/cards/test/manual_review/CLM-01884_var0.png,Manual Review Required
CLM-00991,test,0,sample_claims/cards/test/manual_review/CLM-00991_var0.png,Manual Review Required
CLM-00728,test,0,sample_claims/cards/test/likely_invalid/CLM-00728_var0.png,Likely Invalid
CLM-01780,test,0,sample_claims/cards/test/manual_review/CLM-01780_var0.png,Manual Review Required
CLM-01129,test,0,sample_claims/cards/test/likely_invalid/CLM-01129_var0.png,Likely Invalid
CLM-02498,test,0,sample_claims/cards/test/likely_invalid/CLM-02498_var0.png,Likely Invalid
CLM-01436,test,0,sample_claims/cards/test/likely_invalid/CLM-01436_var0.png,Likely Invalid
CLM-00628,test,0,sample_claims/cards/test/likely_invalid/CLM-00628_var0.png,Likely Invalid
CLM-00202,test,0,sample_claims/cards/test/likely_invalid/CLM-00202_var0.png,Likely Invalid
CLM-01998,test,0,sample_claims/cards/test/likely_valid/CLM-01998_var0.png,Likely Valid
CLM-00574,test,0,sample_claims/cards/test/likely_valid/CLM-00574_var0.png,Likely Valid
CLM-01663,test,0,sample_claims/cards/test/manual_review/CLM-01663_var0.png,Manual Review Required
CLM-00674,test,0,sample_claims/cards/test/manual_review/CLM-00674_var0.png,Manual Review Required
CLM-00567,test,0,sample_claims/cards/test/likely_valid/CLM-00567_var0.png,Likely Valid
CLM-00197,test,0,sample_claims/cards/test/likely_invalid/CLM-00197_var0.png,Likely Invalid
CLM-01477,test,0,sample_claims/cards/test/likely_invalid/CLM-01477_var0.png,Likely Invalid
CLM-00993,test,0,sample_claims/cards/test/likely_invalid/CLM-00993_var0.png,Likely Invalid
CLM-01442,test,0,sample_claims/cards/test/likely_valid/CLM-01442_var0.png,Likely Valid
CLM-00530,test,0,sample_claims/cards/test/likely_invalid/CLM-00530_var0.png,Likely Invalid
CLM-02086,test,0,sample_claims/cards/test/likely_valid/CLM-02086_var0.png,Likely Valid
CLM-01742,test,0,sample_claims/cards/test/manual_review/CLM-01742_var0.png,Manual Review Required
CLM-00147,test,0,sample_claims/cards/test/likely_valid/CLM-00147_var0.png,Likely Valid
CLM-00837,test,0,sample_claims/cards/test/likely_invalid/CLM-00837_var0.png,Likely Invalid
CLM-00219,test,0,sample_claims/cards/test/likely_valid/CLM-00219_var0.png,Likely Valid
CLM-01414,test,0,sample_claims/cards/test/manual_review/CLM-01414_var0.png,Manual Review Required
CLM-01471,test,0,sample_claims/cards/test/likely_valid/CLM-01471_var0.png,Likely Valid
CLM-01648,test,0,sample_claims/cards/test/likely_invalid/CLM-01648_var0.png,Likely Invalid
CLM-01435,test,0,sample_claims/cards/test/likely_invalid/CLM-01435_var0.png,Likely Invalid
CLM-02356,test,0,sample_claims/cards/test/likely_valid/CLM-02356_var0.png,Likely Valid
CLM-01416,test,0,sample_claims/cards/test/likely_invalid/CLM-01416_var0.png,Likely Invalid
CLM-01678,test,0,sample_claims/cards/test/manual_review/CLM-01678_var0.png,Manual Review Required
CLM-01731,test,0,sample_claims/cards/test/likely_valid/CLM-01731_var0.png,Likely Valid
CLM-01822,test,0,sample_claims/cards/test/likely_invalid/CLM-01822_var0.png,Likely Invalid
CLM-02230,test,0,sample_claims/cards/test/likely_invalid/CLM-02230_var0.png,Likely Invalid
CLM-02394,test,0,sample_claims/cards/test/likely_valid/CLM-02394_var0.png,Likely Valid
CLM-02466,test,0,sample_claims/cards/test/likely_invalid/CLM-02466_var0.png,Likely Invalid
CLM-02416,test,0,sample_claims/cards/test/likely_valid/CLM-02416_var0.png,Likely Valid
CLM-00015,test,0,sample_claims/cards/test/manual_review/CLM-00015_var0.png,Manual Review Required
CLM-01052,test,0,sample_claims/cards/test/likely_valid/CLM-01052_var0.png,Likely Valid
CLM-00391,test,0,sample_claims/cards/test/manual_review/CLM-00391_var0.png,Manual Review Required
CLM-02447,test,0,sample_claims/cards/test/likely_invalid/CLM-02447_var0.png,Likely Invalid
CLM-01460,test,0,sample_claims/cards/test/likely_invalid/CLM-01460_var0.png,Likely Invalid
CLM-00658,test,0,sample_claims/cards/test/likely_valid/CLM-00658_var0.png,Likely Valid
CLM-00354,test,0,sample_claims/cards/test/likely_valid/CLM-00354_var0.png,Likely Valid
CLM-02285,test,0,sample_claims/cards/test/likely_invalid/CLM-02285_var0.png,Likely Invalid
CLM-01209,test,0,sample_claims/cards/test/likely_invalid/CLM-01209_var0.png,Likely Invalid
CLM-01154,test,0,sample_claims/cards/test/likely_valid/CLM-01154_var0.png,Likely Valid
CLM-02215,test,0,sample_claims/cards/test/likely_invalid/CLM-02215_var0.png,Likely Invalid
CLM-00042,test,0,sample_claims/cards/test/manual_review/CLM-00042_var0.png,Manual Review Required
CLM-00378,test,0,sample_claims/cards/test/manual_review/CLM-00378_var0.png,Manual Review Required
CLM-02342,test,0,sample_claims/cards/test/likely_invalid/CLM-02342_var0.png,Likely Invalid
CLM-00505,test,0,sample_claims/cards/test/likely_valid/CLM-00505_var0.png,Likely Valid
CLM-01828,test,0,sample_claims/cards/test/likely_valid/CLM-01828_var0.png,Likely Valid
CLM-01757,test,0,sample_claims/cards/test/likely_valid/CLM-01757_var0.png,Likely Valid
CLM-00878,test,0,sample_claims/cards/test/likely_invalid/CLM-00878_var0.png,Likely Invalid
CLM-00048,test,0,sample_claims/cards/test/likely_valid/CLM-00048_var0.png,Likely Valid
CLM-01933,test,0,sample_claims/cards/test/likely_valid/CLM-01933_var0.png,Likely Valid
CLM-00835,test,0,sample_claims/cards/test/likely_invalid/CLM-00835_var0.png,Likely Invalid
CLM-01231,test,0,sample_claims/cards/test/likely_valid/CLM-01231_var0.png,Likely Valid
CLM-01870,test,0,sample_claims/cards/test/likely_invalid/CLM-01870_var0.png,Likely Invalid
CLM-01327,test,0,sample_claims/cards/test/likely_valid/CLM-01327_var0.png,Likely Valid
CLM-00499,test,0,sample_claims/cards/test/likely_valid/CLM-00499_var0.png,Likely Valid
CLM-01336,test,0,sample_claims/cards/test/likely_valid/CLM-01336_var0.png,Likely Valid
CLM-00013,test,0,sample_claims/cards/test/manual_review/CLM-00013_var0.png,Manual Review Required
CLM-00016,test,0,sample_claims/cards/test/likely_valid/CLM-00016_var0.png,Likely Valid
CLM-00475,test,0,sample_claims/cards/test/likely_valid/CLM-00475_var0.png,Likely Valid
CLM-00472,test,0,sample_claims/cards/test/likely_valid/CLM-00472_var0.png,Likely Valid
CLM-01339,test,0,sample_claims/cards/test/likely_valid/CLM-01339_var0.png,Likely Valid
CLM-01606,test,0,sample_claims/cards/test/likely_valid/CLM-01606_var0.png,Likely Valid
CLM-02143,test,0,sample_claims/cards/test/likely_valid/CLM-02143_var0.png,Likely Valid
CLM-00008,test,0,sample_claims/cards/test/likely_invalid/CLM-00008_var0.png,Likely Invalid
CLM-02319,test,0,sample_claims/cards/test/likely_invalid/CLM-02319_var0.png,Likely Invalid
CLM-01707,test,0,sample_claims/cards/test/likely_valid/CLM-01707_var0.png,Likely Valid
CLM-00501,test,0,sample_claims/cards/test/manual_review/CLM-00501_var0.png,Manual Review Required
CLM-00551,test,0,sample_claims/cards/test/likely_invalid/CLM-00551_var0.png,Likely Invalid
CLM-00145,test,0,sample_claims/cards/test/likely_invalid/CLM-00145_var0.png,Likely Invalid
CLM-00571,test,0,sample_claims/cards/test/likely_invalid/CLM-00571_var0.png,Likely Invalid
CLM-01953,test,0,sample_claims/cards/test/likely_valid/CLM-01953_var0.png,Likely Valid
CLM-00971,test,0,sample_claims/cards/test/likely_valid/CLM-00971_var0.png,Likely Valid
CLM-01575,test,0,sample_claims/cards/test/manual_review/CLM-01575_var0.png,Manual Review Required
CLM-00119,test,0,sample_claims/cards/test/likely_valid/CLM-00119_var0.png,Likely Valid
CLM-01288,test,0,sample_claims/cards/test/likely_valid/CLM-01288_var0.png,Likely Valid
CLM-00742,test,0,sample_claims/cards/test/likely_valid/CLM-00742_var0.png,Likely Valid
CLM-00900,test,0,sample_claims/cards/test/likely_invalid/CLM-00900_var0.png,Likely Invalid
CLM-01018,test,0,sample_claims/cards/test/likely_valid/CLM-01018_var0.png,Likely Valid
CLM-00417,test,0,sample_claims/cards/test/manual_review/CLM-00417_var0.png,Manual Review Required
CLM-02266,test,0,sample_claims/cards/test/manual_review/CLM-02266_var0.png,Manual Review Required
CLM-01601,test,0,sample_claims/cards/test/likely_valid/CLM-01601_var0.png,Likely Valid
CLM-02335,test,0,sample_claims/cards/test/likely_valid/CLM-02335_var0.png,Likely Valid
CLM-01696,test,0,sample_claims/cards/test/likely_invalid/CLM-01696_var0.png,Likely Invalid
CLM-01222,test,0,sample_claims/cards/test/manual_review/CLM-01222_var0.png,Manual Review Required
CLM-02439,test,0,sample_claims/cards/test/manual_review/CLM-02439_var0.png,Manual Review Required
CLM-02009,test,0,sample_claims/cards/test/likely_valid/CLM-02009_var0.png,Likely Valid
CLM-00582,test,0,sample_claims/cards/test/likely_invalid/CLM-00582_var0.png,Likely Invalid
CLM-00612,test,0,sample_claims/cards/test/likely_invalid/CLM-00612_var0.png,Likely Invalid
CLM-01924,test,0,sample_claims/cards/test/likely_valid/CLM-01924_var0.png,Likely Valid
CLM-00336,test,0,sample_claims/cards/test/manual_review/CLM-00336_var0.png,Manual Review Required
CLM-00521,test,0,sample_claims/cards/test/manual_review/CLM-00521_var0.png,Manual Review Required
CLM-01139,test,0,sample_claims/cards/test/likely_valid/CLM-01139_var0.png,Likely Valid
CLM-00944,test,0,sample_claims/cards/test/likely_valid/CLM-00944_var0.png,Likely Valid
CLM-01969,test,0,sample_claims/cards/test/likely_valid/CLM-01969_var0.png,Likely Valid
CLM-01059,test,0,sample_claims/cards/test/likely_valid/CLM-01059_var0.png,Likely Valid
CLM-01975,test,0,sample_claims/cards/test/likely_valid/CLM-01975_var0.png,Likely Valid
CLM-00041,test,0,sample_claims/cards/test/likely_valid/CLM-00041_var0.png,Likely Valid
CLM-01571,test,0,sample_claims/cards/test/manual_review/CLM-01571_var0.png,Manual Review Required
CLM-01960,test,0,sample_claims/cards/test/likely_valid/CLM-01960_var0.png,Likely Valid
CLM-00905,test,0,sample_claims/cards/test/manual_review/CLM-00905_var0.png,Manual Review Required
CLM-00094,test,0,sample_claims/cards/test/likely_valid/CLM-00094_var0.png,Likely Valid
CLM-00249,test,0,sample_claims/cards/test/likely_valid/CLM-00249_var0.png,Likely Valid
CLM-00295,test,0,sample_claims/cards/test/likely_valid/CLM-00295_var0.png,Likely Valid
CLM-01048,test,0,sample_claims/cards/test/likely_invalid/CLM-01048_var0.png,Likely Invalid
CLM-00017,test,0,sample_claims/cards/test/likely_valid/CLM-00017_var0.png,Likely Valid
CLM-00196,test,0,sample_claims/cards/test/likely_valid/CLM-00196_var0.png,Likely Valid
CLM-01686,test,0,sample_claims/cards/test/likely_invalid/CLM-01686_var0.png,Likely Invalid
CLM-01338,test,0,sample_claims/cards/test/likely_invalid/CLM-01338_var0.png,Likely Invalid
CLM-02172,test,0,sample_claims/cards/test/likely_invalid/CLM-02172_var0.png,Likely Invalid
CLM-01564,test,0,sample_claims/cards/test/likely_valid/CLM-01564_var0.png,Likely Valid
CLM-02359,test,0,sample_claims/cards/test/likely_invalid/CLM-02359_var0.png,Likely Invalid
CLM-01730,test,0,sample_claims/cards/test/likely_valid/CLM-01730_var0.png,Likely Valid
CLM-01221,test,0,sample_claims/cards/test/likely_valid/CLM-01221_var0.png,Likely Valid
CLM-02235,test,0,sample_claims/cards/test/likely_invalid/CLM-02235_var0.png,Likely Invalid
CLM-01264,test,0,sample_claims/cards/test/likely_valid/CLM-01264_var0.png,Likely Valid
CLM-00005,test,0,sample_claims/cards/test/likely_valid/CLM-00005_var0.png,Likely Valid
CLM-02236,test,0,sample_claims/cards/test/manual_review/CLM-02236_var0.png,Manual Review Required
CLM-00919,test,0,sample_claims/cards/test/manual_review/CLM-00919_var0.png,Manual Review Required
CLM-02460,test,0,sample_claims/cards/test/likely_valid/CLM-02460_var0.png,Likely Valid
CLM-00403,test,0,sample_claims/cards/test/manual_review/CLM-00403_var0.png,Manual Review Required
CLM-01783,test,0,sample_claims/cards/test/likely_invalid/CLM-01783_var0.png,Likely Invalid
CLM-01802,test,0,sample_claims/cards/test/likely_invalid/CLM-01802_var0.png,Likely Invalid
CLM-00692,test,0,sample_claims/cards/test/manual_review/CLM-00692_var0.png,Manual Review Required
CLM-00280,test,0,sample_claims/cards/test/likely_valid/CLM-00280_var0.png,Likely Valid
CLM-02483,test,0,sample_claims/cards/test/likely_invalid/CLM-02483_var0.png,Likely Invalid
CLM-02051,test,0,sample_claims/cards/test/manual_review/CLM-02051_var0.png,Manual Review Required
CLM-00192,test,0,sample_claims/cards/test/likely_invalid/CLM-00192_var0.png,Likely Invalid
CLM-00035,test,0,sample_claims/cards/test/likely_valid/CLM-00035_var0.png,Likely Valid
CLM-00644,test,0,sample_claims/cards/test/likely_valid/CLM-00644_var0.png,Likely Valid
CLM-02211,test,0,sample_claims/cards/test/likely_valid/CLM-02211_var0.png,Likely Valid
CLM-00262,test,0,sample_claims/cards/test/likely_valid/CLM-00262_var0.png,Likely Valid
CLM-02030,test,0,sample_claims/cards/test/likely_valid/CLM-02030_var0.png,Likely Valid
CLM-01682,test,0,sample_claims/cards/test/likely_invalid/CLM-01682_var0.png,Likely Invalid
CLM-01200,test,0,sample_claims/cards/test/likely_valid/CLM-01200_var0.png,Likely Valid
CLM-01097,test,0,sample_claims/cards/test/likely_invalid/CLM-01097_var0.png,Likely Invalid
CLM-01543,test,0,sample_claims/cards/test/likely_valid/CLM-01543_var0.png,Likely Valid
CLM-01389,test,0,sample_claims/cards/test/likely_invalid/CLM-01389_var0.png,Likely Invalid
CLM-02089,test,0,sample_claims/cards/test/likely_valid/CLM-02089_var0.png,Likely Valid
CLM-02449,test,0,sample_claims/cards/test/likely_invalid/CLM-02449_var0.png,Likely Invalid
CLM-00269,test,0,sample_claims/cards/test/manual_review/CLM-00269_var0.png,Manual Review Required
CLM-01105,test,0,sample_claims/cards/test/likely_valid/CLM-01105_var0.png,Likely Valid
CLM-00540,test,0,sample_claims/cards/test/likely_valid/CLM-00540_var0.png,Likely Valid
CLM-02234,test,0,sample_claims/cards/test/manual_review/CLM-02234_var0.png,Manual Review Required
CLM-02265,test,0,sample_claims/cards/test/manual_review/CLM-02265_var0.png,Manual Review Required
