claim_id,product_id,product_name,product_category,brand,model_number,serial_number_entered,serial_number_on_receipt,serial_number_on_warranty_card,purchase_date,purchase_price,retailer,warranty_start,warranty_end,warranty_provider,warranty_type,fault_date,claim_submission_date,fault_type,fault_description,damage_type,product_age_months,remaining_warranty_days,repair_history_count,previous_repair_authorized,receipt_uploaded,warranty_card_uploaded,product_image_uploaded,fault_evidence_uploaded,repair_report_uploaded,missing_doc_count,serial_mismatch_flag,date_contradiction_flag,excluded_damage,duplicate_claim_flag,class_label
CLM-00348,PRD-38019,Galaxy Ultra Smartphone,Electronics,HP,HP-ELE-109,SNHP434064,SNHP434064,SNHP434064,2024-12-23,1124.19,B&H Photo,2024-12-23,2026-12-23,HP Care Protection,Standard,2026-08-20,2026-08-22,Cosmetic Damage,Slight dent on exterior casing from transit handling.,Cosmetic Damage,19,125,0,True,True,True,True,True,False,0,False,False,True,False,Likely Invalid
CLM-01701,PRD-13631,Convection Microwave Oven,Appliances,Samsung,SAM-APP-723,SNSA988168,SNSA988168,SNSA988168,2023-07-20,396.86,Lowe's,2023-07-20,2026-07-19,Samsung Care Protection,Standard,2027-01-01,2027-01-07,Manufacturing Defect,Device shut down unexpectedly and fails to power back on under normal conditions.,Manufacturing,41,-166,0,True,True,True,True,True,False,0,False,False,False,False,Likely Invalid
CLM-00239,PRD-59239,French Door Refrigerator,Appliances,Maytag,MAY-APP-199,SNMA321321,SNMA321321,SNMA321321,2025-03-18,1694.29,Home Depot,2025-03-18,2028-03-17,Maytag Care Protection,Standard,2027-01-08,2027-01-16,Compressor Failure,"Cooling cycle fails to start, compressor is non-responsive.",Manufacturing,21,434,0,True,True,True,True,True,False,0,False,False,False,False,Likely Valid
CLM-00229,PRD-66019,ProBook Laptop 15-inch,Electronics,Lenovo,LEN-ELE-939,SNLE932106,SNLE932106,SNLE932106,2023-05-10,886.38,Target,2023-05-10,2025-05-09,Lenovo Care Protection,Standard,2024-12-10,2024-12-13,Display Defect,Vertical colored line artifacts appeared across OLED panel without impact.,Manufacturing,19,150,3,True,True,True,True,True,True,0,False,False,False,False,Manual Review Required
CLM-01058,PRD-87864,ProBook Laptop 15-inch,Electronics,Asus,ASU-ELE-945,SNAS897286,SNAS897286,SNAS897286,2024-03-07,860.63,Direct Manufacturer Store,2024-03-07,2026-03-07,Asus Care Protection,Standard,2025-05-23,2025-05-26,Display Defect,Vertical colored line artifacts appeared across OLED panel without impact.,Manufacturing,14,288,0,True,True,True,True,True,False,0,False,False,False,False,Likely Valid
CLM-00686,PRD-22108,French Door Refrigerator,Appliances,LG,LG-APP-878,SNLG339683,SNLG339683,SNLG339683,2025-05-08,1417.58,Lowe's,2025-05-08,2028-05-07,LG Care Protection,Standard,2025-11-16,2025-11-25,Compressor Failure,"Cooling cycle fails to start, compressor is non-responsive.",Manufacturing,6,903,0,True,False,True,True,True,False,1,False,False,False,False,Likely Invalid
CLM-01081,PRD-73432,Front-Load Washing Machine,Appliances,LG,LG-APP-715,SNLG724223,SNLG724223,SNLG724223,2024-03-02,1041.47,Costco,2024-03-02,2027-03-02,LG Care Protection,Standard,2026-06-30,2026-07-14,Compressor Failure,"Cooling cycle fails to start, compressor is non-responsive.",Unauthorized Modification,27,245,2,False,True,True,True,True,False,1,False,False,True,False,Likely Invalid
CLM-01255,PRD-21799,Heavy-Duty Starter Motor,Automotive,Continental Auto,CON-AUT-320,SNCO527632,SNCO527632,SNCO527632,2023-08-31,283.05,RockAuto,2023-08-31,2024-08-30,Continental Auto Care Protection,Standard,2024-02-18,2024-02-24,Premature Wear,Bushing cracked prematurely during regular non-commercial transit.,Manufacturing,5,194,0,True,True,False,True,True,False,1,False,False,False,False,Likely Valid
CLM-01641,PRD-23349,Active Noise Cancelling Headphones,Electronics,LG,LG-ELE-884,SNLG552889,SNLG552889,SNLG552889,2024-06-06,298.15,Target,2024-06-06,2027-06-06,AssureX Extended Guard,Extended,2026-06-17,2026-06-20,Electrical Failure,Capacitor blown on the primary controller board without power surge.,Electrical,24,354,0,True,True,True,True,True,False,0,False,False,False,False,Likely Valid
CLM-01467,PRD-26392,High Output Alternator,Automotive,ACDelco,ACD-AUT-107,SNAC661167,SNAC661167,SNAC661167,2023-01-13,413.59,NAPA Auto Parts,2023-01-13,2025-01-12,AssureX Extended Guard,Extended,2024-05-27,2024-06-10,Premature Wear,Bushing cracked prematurely during regular non-commercial transit.,Manufacturing,16,230,0,True,True,True,True,True,False,0,False,False,False,False,Likely Valid
CLM-01946,PRD-90692,Gaming Desktop Rig,Electronics,LG,LG-ELE-352,SNLG249239,SNLG249239,SNLG249239,2023-05-19,1986.54,B&H Photo,2023-05-19,2025-05-18,LG Care Protection,Standard,2024-12-09,2024-12-15,Water Damage,Liquid spilled directly into top vents while device was operating.,Water Damage,18,160,0,True,True,True,True,True,False,0,False,False,True,False,Likely Invalid
CLM-00998,PRD-39732,Active Noise Cancelling Headphones,Electronics,Dell,DEL-ELE-251,SNDE277184,SNDE277184,SNDE277184,2023-10-23,254.89,Target,2023-10-23,2025-10-22,Dell Care Protection,Standard,2024-02-09,2024-02-14,Software Malfunction,Main OS freezes on start screen; hardware diagnostic passes.,Manufacturing,3,621,0,True,True,True,True,True,False,0,False,False,False,False,Likely Valid
CLM-02405,PRD-20228,Gaming Desktop Rig,Electronics,LG,LG-ELE-578,SNLG796652,SNLG796652,SNLG796652,2024-09-08,1730.47,Amazon Electronics,2024-09-08,2026-09-08,LG Care Protection,Standard,2024-10-24,2024-11-07,Unauthorized Modification,Unspecified system degradation observed during normal operating routine.,Unauthorized Modification,1,684,0,True,True,True,True,True,False,0,False,False,True,False,Likely Invalid
CLM-01335,PRD-45036,French Door Refrigerator,Appliances,LG,LG-APP-772,SNLG423761,SNLG423726,SNLG423761,2025-03-22,1402.68,Costco,2025-03-22,2028-03-21,LG Care Protection,Standard,2025-04-28,2025-05-07,Electrical Wiring Defect,Unspecified system degradation observed during normal operating routine.,Manufacturing,1,1058,0,True,True,True,True,True,False,0,True,False,False,False,Manual Review Required
CLM-02073,PRD-61851,Ceramic Brake Pad Set,Automotive,Bosch Auto,BOS-AUT-461,SNBO453710,SNBO453710,SNBO453710,2025-01-14,105.22,Advance Auto Parts,2025-01-14,2027-01-14,AssureX Extended Guard,Extended,2025-09-13,2025-09-24,Material Failure,Unspecified system degradation observed during normal operating routine.,Manufacturing,7,488,0,True,True,True,True,True,False,0,False,False,False,False,Likely Valid
CLM-00152,PRD-85308,Convection Microwave Oven,Appliances,Bosch,BOS-APP-162,SNBO512369,SNBO512369,SNBO512369,2023-03-31,369.18,Lowe's,2023-03-31,2026-03-30,Bosch Care Protection,Standard,2024-11-13,2024-11-20,Control Board Failure,Unspecified system degradation observed during normal operating routine.,Manufacturing,19,502,0,True,True,True,True,True,False,0,False,False,False,False,Likely Valid
CLM-00388,PRD-67872,Mirrorless Camera Body,Electronics,Sony,SON-ELE-217,SNSO139235,SNSO139235,SNSO139235,2024-08-04,1723.65,BestBuy,2024-08-04,2026-08-04,Sony Care Protection,Standard,2025-07-28,2025-07-30,Jailbreaking or Rooting,Unspecified system degradation observed during normal operating routine.,Jailbreaking or Rooting,11,372,0,True,True,True,True,True,False,0,False,False,True,False,Likely Invalid
CLM-01878,PRD-80888,Tablet 11-inch Display,Electronics,Sony,SON-ELE-661,SNSO912710,SNSO912710,SNSO912710,2023-01-27,812.04,BestBuy,2023-01-27,2025-01-26,Sony Care Protection,Standard,2023-01-11,2023-02-07,Component Failure,Cooling fan bearing seized up leading to emergency thermal shutdown.,Manufacturing,0,746,0,True,True,True,True,True,False,0,False,True,False,False,Manual Review Required
CLM-01163,PRD-65559,French Door Refrigerator,Appliances,Samsung,SAM-APP-418,SNSA740995,SNSA740995,SNSA740995,2023-01-07,1836.14,Direct Factory Outlet,2023-01-07,2026-01-06,Samsung Care Protection,Standard,2023-11-24,2023-11-26,Control Board Failure,Unspecified system degradation observed during normal operating routine.,Unauthorized Modification,10,774,4,False,True,True,True,True,False,1,False,False,True,False,Likely Invalid
CLM-02323,PRD-83417,Smart Dishwasher 24-inch,Appliances,LG,LG-APP-569,SNLG334366,SNLG334366,SNLG334366,2024-07-01,783.25,Sears Appliance Outlet,2024-07-01,2027-07-01,LG Care Protection,Standard,2025-11-15,2025-11-17,Motor Failure,"Motor winding resistance out of spec, causing tripping.",Manufacturing,16,593,0,True,True,True,True,True,False,0,False,False,False,False,Likely Valid
CLM-02185,PRD-37248,ProBook Laptop 15-inch,Electronics,Lenovo,LEN-ELE-859,SNLE804219,SNLE804219,SNLE804219,2025-02-10,878.04,B&H Photo,2025-02-10,2028-02-10,AssureX Extended Guard,Extended,2027-03-23,2027-03-27,Display Defect,Backlight flickering continuously on left half of screen.,Manufacturing,25,324,0,True,True,True,True,True,False,0,False,False,False,False,Likely Valid
CLM-01424,PRD-98514,Smart Dishwasher 24-inch,Appliances,Bosch,BOS-APP-921,SNBO951015,SNBO951015,SNBO951015,2023-10-14,640.25,Sears Appliance Outlet,2023-10-14,2026-10-13,Bosch Care Protection,Standard,2024-08-17,2024-09-01,Compressor Failure,Compressor clicking repeatedly and unable to compress refrigerant.,Manufacturing,10,787,0,True,True,True,True,True,False,0,False,False,False,False,Likely Valid
CLM-02300,PRD-61174,Front-Load Washing Machine,Appliances,LG,LG-APP-950,SNLG346073,SNLG346073,SNLG346073,2023-09-03,1013.84,Home Depot,2023-09-03,2026-09-02,LG Care Protection,Standard,2024-05-30,2024-06-06,Thermostat Malfunction,Temperature reading fluctuating wildly causing erratic operation.,Manufacturing,8,825,0,True,True,True,True,True,False,0,False,False,False,False,Likely Valid
CLM-01202,PRD-31990,Tablet 11-inch Display,Electronics,Apple,APP-ELE-297,SNAP359277,SNAP359277,SNAP359277,2024-01-16,606.14,BestBuy,2024-01-16,2026-01-15,Apple Care Protection,Standard,2024-06-07,2024-06-08,Electrical Failure,No current flowing to main motor despite active input power.,Electrical,4,587,0,True,True,True,True,True,False,0,False,False,False,False,Likely Valid
CLM-02388,PRD-41224,Mirrorless Camera Body,Electronics,Asus,ASU-ELE-134,SNAS474888,SNAS474888,SNAS474888,2023-01-21,1524.52,Amazon Electronics,2023-01-21,2025-01-20,Asus Care Protection,Standard,2023-03-05,2023-03-12,Component Failure,Cooling fan bearing seized up leading to emergency thermal shutdown.,Unauthorized Modification,1,687,3,False,True,True,True,True,False,1,False,False,True,False,Likely Invalid
CLM-01711,PRD-41683,French Door Refrigerator,Appliances,KitchenAid,KIT-APP-202,SNKI811741,SNKI811741,SNKI811741,2023-06-18,1572.54,Costco,2023-06-18,2026-06-17,KitchenAid Care Protection,Standard,2024-07-29,2024-08-12,Motor Failure,"Motor winding resistance out of spec, causing tripping.",Unauthorized Modification,13,688,3,False,True,True,True,True,False,1,False,False,True,False,Likely Invalid
CLM-01699,PRD-65868,Heavy-Duty Clothes Dryer,Appliances,Bosch,BOS-APP-668,SNBO326667,SNBO326667,SNBO326667,2023-03-18,807.33,Home Depot,2023-03-18,2026-03-17,Bosch Care Protection,Standard,2024-05-20,2024-05-26,Thermostat Malfunction,Temperature reading fluctuating wildly causing erratic operation.,Manufacturing,14,666,0,True,True,True,True,True,False,0,False,False,False,False,Likely Valid
CLM-01523,PRD-18418,Heavy-Duty Clothes Dryer,Appliances,Whirlpool,WHI-APP-578,SNWH734343,SNWH734343,SNWH734343,2024-12-03,720.48,Sears Appliance Outlet,2024-12-03,2027-12-03,Whirlpool Care Protection,Standard,2025-10-28,2025-11-06,Manufacturing Defect,Factory assembly defect leading to unprovoked system failure.,Manufacturing,10,766,0,True,True,True,True,True,False,0,False,False,False,False,Likely Valid
CLM-01069,PRD-31300,Active Noise Cancelling Headphones,Electronics,Asus,ASU-ELE-415,SNAS746701,SNAS746701,SNAS746701,2024-06-17,294.81,Direct Manufacturer Store,2024-06-17,2026-06-17,Asus Care Protection,Standard,2026-03-25,2026-03-30,Jailbreaking or Rooting,Unspecified system degradation observed during normal operating routine.,Jailbreaking or Rooting,21,84,0,True,True,True,True,True,False,0,False,False,True,False,Likely Invalid
CLM-00004,PRD-73110,Smart Watch Series 7,Electronics,HP,HP-ELE-585,SNHP935981,SNHP935981,SNHP935981,2023-08-30,344.83,Amazon Electronics,2023-08-30,2026-08-29,AssureX Extended Guard,Extended,2026-05-03,2026-05-16,Component Failure,Sensor module stopped transmitting readings to the main board.,Manufacturing,32,118,0,True,False,True,True,True,False,1,False,False,False,False,Likely Invalid
CLM-00503,PRD-50194,Active Noise Cancelling Headphones,Electronics,Sony,SON-ELE-479,SNSO690913,SNSO690913,SNSO690913,2023-09-03,278.63,B&H Photo,2023-09-03,2025-09-02,Sony Care Protection,Standard,2024-12-26,2025-01-06,Software Malfunction,System firmware entered boot loop following manufacturer OTA update.,Unauthorized Modification,15,250,2,False,True,True,True,True,False,1,False,False,True,False,Likely Invalid
CLM-02417,PRD-64664,Convection Microwave Oven,Appliances,Samsung,SAM-APP-660,SNSA103759,SNSA103759,SNSA103759,2024-10-30,287.39,Lowe's,2024-10-30,2027-10-30,Samsung Care Protection,Standard,2025-03-02,2025-03-16,Compressor Failure,Compressor clicking repeatedly and unable to compress refrigerant.,Manufacturing,4,972,0,True,False,True,True,True,False,1,False,False,False,False,Likely Invalid
CLM-02479,PRD-16781,Smart Watch Series 7,Electronics,Lenovo,LEN-ELE-862,SNLE369491,SNLE369491,SNLE369491,2023-06-01,414.27,Amazon Electronics,2023-06-01,2025-05-31,Lenovo Care Protection,Standard,2024-08-21,2024-09-04,Manufacturing Defect,Factory assembly defect leading to unprovoked system failure.,Manufacturing,14,283,0,True,True,True,True,True,False,0,False,False,False,False,Likely Valid
CLM-01141,PRD-15862,Electric Range Oven,Appliances,KitchenAid,KIT-APP-891,SNKI705206,SNKI705206,SNKI705206,2024-08-26,1254.77,Direct Factory Outlet,2024-08-26,2027-08-26,KitchenAid Care Protection,Standard,2026-06-01,2026-06-10,Manufacturing Defect,Factory assembly defect leading to unprovoked system failure.,Manufacturing,21,451,0,True,False,True,True,True,False,1,False,False,False,False,Likely Invalid
CLM-00845,PRD-19877,ABS Wheel Speed Sensor,Automotive,Bosch Auto,BOS-AUT-537,SNBO938234,SNBO938234,SNBO938234,2024-04-16,93.17,RockAuto,2024-04-16,2025-04-16,Bosch Auto Care Protection,Standard,2024-10-28,2024-11-06,Premature Wear,Bushing cracked prematurely during regular non-commercial transit.,Manufacturing,6,170,0,True,True,True,True,True,False,0,False,False,False,False,Likely Valid
CLM-00468,PRD-86915,Heavy-Duty Clothes Dryer,Appliances,GE Appliances,GE -APP-746,SNGE295481,SNGE295481,SNGE295481,2024-05-16,832.07,Costco,2024-05-16,2027-05-16,GE Appliances Care Protection,Standard,2026-05-27,2026-06-03,Control Board Failure,Unspecified system degradation observed during normal operating routine.,Manufacturing,24,354,0,True,True,True,True,True,False,0,False,False,False,False,Likely Valid
CLM-00484,PRD-46004,Front-Load Washing Machine,Appliances,Whirlpool,WHI-APP-844,SNWH251670,SNWH251670,SNWH251670,2024-06-20,937.69,Costco,2024-06-20,2028-06-20,AssureX Extended Guard,Extended,2028-01-05,2028-01-09,Control Board Failure,Capacitor blown on the primary controller board without power surge.,Electrical Failure,42,167,0,True,True,True,True,False,False,1,False,False,False,False,Manual Review Required
CLM-01077,PRD-11909,French Door Refrigerator,Appliances,KitchenAid,KIT-APP-666,SNKI464519,SNKI464519,SNKI464519,2023-08-21,1626.24,Lowe's,2023-08-21,2027-08-21,AssureX Extended Guard,Extended,2023-10-16,2023-10-17,Manufacturing Defect,Device shut down unexpectedly and fails to power back on under normal conditions.,Manufacturing,1,1405,0,True,False,True,True,True,False,1,False,False,False,False,Likely Invalid
CLM-02420,PRD-30232,Smart Dishwasher 24-inch,Appliances,LG,LG-APP-315,SNLG725081,SNLG725081,SNLG725081,2025-05-23,812.71,Sears Appliance Outlet,2025-05-23,2028-05-22,LG Care Protection,Standard,2028-07-29,2028-08-07,Manufacturing Defect,Factory assembly defect leading to unprovoked system failure.,Manufacturing,38,-68,0,True,True,True,True,True,False,0,False,False,False,False,Likely Invalid
CLM-02016,PRD-70040,Galaxy Ultra Smartphone,Electronics,Lenovo,LEN-ELE-146,SNLE939871,SNLE939871,SNLE939871,2023-10-09,921.57,Amazon Electronics,2023-10-09,2026-10-08,AssureX Extended Guard,Extended,2025-01-27,2025-01-31,Electrical Failure,Capacitor blown on the primary controller board without power surge.,Electrical,15,619,1,True,True,False,True,True,True,1,False,False,False,False,Likely Valid
CLM-00673,PRD-82470,Heavy-Duty Starter Motor,Automotive,Continental Auto,CON-AUT-294,SNCO820480,SNCO820480,SNCO820480,2024-05-13,292.34,RockAuto,2024-05-13,2025-05-13,Continental Auto Care Protection,Standard,2025-04-05,2025-04-14,Premature Wear,"Brake pad friction compound deteriorated within 2,000 miles of highway driving.",Component Failure,10,38,1,False,True,True,True,True,False,1,False,False,False,False,Manual Review Required
CLM-01215,PRD-79113,Smart Dishwasher 24-inch,Appliances,GE Appliances,GE -APP-751,SNGE627912,SNGE627912,SNGE627912,2025-04-03,873.18,Sears Appliance Outlet,2025-04-03,2028-04-02,GE Appliances Care Protection,Standard,2027-03-22,2027-03-25,Compressor Failure,Compressor clicking repeatedly and unable to compress refrigerant.,Manufacturing,23,377,1,True,True,True,True,True,True,0,False,False,False,False,Likely Valid
CLM-02433,PRD-80966,French Door Refrigerator,Appliances,LG,LG-APP-451,SNLG592979,SNLG592979,SNLG592979,2023-05-31,1491.58,Costco,2023-05-31,2026-05-30,LG Care Protection,Standard,2026-09-02,2026-09-07,Control Board Failure,Unspecified system degradation observed during normal operating routine.,Manufacturing,39,-95,0,True,True,True,True,True,False,0,False,False,False,False,Likely Invalid
CLM-00163,PRD-27407,Gaming Desktop Rig,Electronics,HP,HP-ELE-586,SNHP974994,SNHP974994,SNHP974994,2023-08-04,2105.32,Direct Manufacturer Store,2023-08-04,2026-08-03,AssureX Extended Guard,Extended,2026-03-10,2026-03-13,Software Malfunction,Main OS freezes on start screen; hardware diagnostic passes.,Unauthorized Modification,31,146,2,False,True,True,True,True,False,1,False,False,True,False,Likely Invalid
CLM-00980,PRD-97223,French Door Refrigerator,Appliances,Whirlpool,WHI-APP-402,SNWH253991,SNWH253991,SNWH253991,2023-08-02,1523.66,Costco,2023-08-02,2026-08-01,Whirlpool Care Protection,Standard,2025-08-03,2025-08-15,Compressor Failure,Compressor clicking repeatedly and unable to compress refrigerant.,Manufacturing,24,363,0,True,True,True,True,True,False,0,False,False,False,False,Likely Valid
CLM-02313,PRD-48713,French Door Refrigerator,Appliances,Samsung,SAM-APP-370,SNSA883844,SNSA883844,SNSA883844,2023-08-08,1809.29,Direct Factory Outlet,2023-08-08,2026-08-07,Samsung Care Protection,Standard,2026-08-14,2026-08-18,Electrical Wiring Defect,Unspecified system degradation observed during normal operating routine.,Manufacturing,36,-7,0,True,True,True,True,True,False,0,False,False,False,False,Manual Review Required
CLM-00725,PRD-70987,Ceramic Brake Pad Set,Automotive,Brembo,BRE-AUT-612,SNBR903208,SNBR903208,SNBR903208,2025-03-04,142.09,RockAuto,2025-03-04,2026-03-04,Brembo Care Protection,Standard,2025-08-28,2025-09-08,Seal or Gasket Failure,Unspecified system degradation observed during normal operating routine.,Manufacturing,5,188,0,True,True,True,True,True,False,0,False,False,False,False,Likely Valid
CLM-02064,PRD-66659,Electric Range Oven,Appliances,Samsung,SAM-APP-201,SNSA889253,SNSA889253,SNSA889253,2024-09-19,1267.61,Costco,2024-09-19,2027-09-19,Samsung Care Protection,Standard,2025-07-22,2025-08-03,Manufacturing Defect,Factory assembly defect leading to unprovoked system failure.,Manufacturing,10,789,0,True,False,True,True,True,False,1,False,False,False,False,Likely Invalid
CLM-01857,PRD-67011,Front-Load Washing Machine,Appliances,KitchenAid,KIT-APP-525,SNKI103419,SNKI103419,SNKI103419,2023-10-10,957.53,Direct Factory Outlet,2023-10-10,2027-10-10,AssureX Extended Guard,Extended,2023-08-26,2023-10-17,Control Board Failure,Unspecified system degradation observed during normal operating routine.,Manufacturing,0,1506,0,True,True,True,True,True,False,0,False,True,False,False,Manual Review Required
CLM-01260,PRD-34378,Heavy-Duty Clothes Dryer,Appliances,Samsung,SAM-APP-278,SNSA241440,SNSA241440,SNSA241440,2025-03-25,919.52,Sears Appliance Outlet,2025-03-25,2029-03-25,AssureX Extended Guard,Extended,2026-03-29,2026-04-05,Unauthorized Modification,Unspecified system degradation observed during normal operating routine.,Unauthorized Modification,12,1092,0,True,True,True,True,True,False,0,False,False,True,True,Likely Invalid
CLM-02114,PRD-30699,Smart Dishwasher 24-inch,Appliances,Samsung,SAM-APP-132,SNSA998680,SNSA998680,SNSA998680,2023-03-19,813.78,Costco,2023-03-19,2026-03-18,Samsung Care Protection,Standard,2026-05-25,2026-06-08,Electrical Wiring Defect,Unspecified system degradation observed during normal operating routine.,Manufacturing,38,-68,0,True,True,True,True,True,False,0,False,False,False,False,Likely Invalid
CLM-01098,PRD-24570,Smart Dishwasher 24-inch,Appliances,GE Appliances,GE -APP-872,SNGE645153,SNGE645184,SNGE645153,2023-03-21,675.43,Direct Factory Outlet,2023-03-21,2026-03-20,GE Appliances Care Protection,Standard,2023-09-13,2023-09-21,Control Board Failure,Unspecified system degradation observed during normal operating routine.,Manufacturing,5,919,0,True,True,True,True,True,False,0,True,False,False,False,Manual Review Required
CLM-01940,PRD-87652,OLED 4K Smart TV,Electronics,Asus,ASU-ELE-375,SNAS587315,SNAS587315,SNAS587315,2025-03-24,1125.18,BestBuy,2025-03-24,2027-03-24,Asus Care Protection,Standard,2027-08-13,2027-08-28,Display Defect,Backlight flickering continuously on left half of screen.,Manufacturing,28,-142,0,True,True,True,True,True,False,0,False,False,False,False,Likely Invalid
CLM-02183,PRD-74532,ProBook Laptop 15-inch,Electronics,LG,LG-ELE-466,SNLG289618,SNLG289618,SNLG289618,2025-01-29,817.87,Target,2025-01-29,2028-01-29,AssureX Extended Guard,Extended,2026-10-05,2026-10-18,Software Malfunction,Main OS freezes on start screen; hardware diagnostic passes.,Manufacturing,20,481,0,True,False,True,True,True,False,1,False,False,False,False,Likely Invalid
CLM-01551,PRD-53178,Front-Load Washing Machine,Appliances,Maytag,MAY-APP-178,SNMA593047,SNMA593047,SNMA593047,2024-02-20,931.23,Direct Factory Outlet,2024-02-20,2027-02-19,Maytag Care Protection,Standard,2024-09-17,2024-09-22,Control Board Failure,Unspecified system degradation observed during normal operating routine.,Manufacturing,6,885,0,True,True,True,True,True,False,0,False,False,False,False,Likely Valid
CLM-00958,PRD-53800,Convection Microwave Oven,Appliances,Samsung,SAM-APP-486,SNSA895620,SNSA895620,SNSA895620,2024-05-24,380.55,Lowe's,2024-05-24,2027-05-24,Samsung Care Protection,Standard,2025-05-18,2025-05-29,Pest Infestation Damage,Unspecified system degradation observed during normal operating routine.,Pest Infestation Damage,11,736,0,True,True,True,True,True,False,0,False,False,True,False,Likely Invalid
CLM-01457,PRD-47465,Front-Load Washing Machine,Appliances,Whirlpool,WHI-APP-636,SNWH869390,SNWH869390,SNWH869390,2024-02-01,895.75,Home Depot,2024-02-01,2027-01-31,Whirlpool Care Protection,Standard,2024-09-14,2024-09-19,Manufacturing Defect,Internal solder joint loosened causing intermittent power disconnects.,Manufacturing,7,869,0,True,True,True,True,True,False,0,False,False,False,False,Likely Valid
CLM-01877,PRD-76132,Electric Range Oven,Appliances,Bosch,BOS-APP-623,SNBO130341,SNBO130341,SNBO130341,2025-02-13,1240.28,Lowe's,2025-02-13,2028-02-13,Bosch Care Protection,Standard,2026-01-03,2026-01-12,Motor Failure,Drive motor hums loudly but will not spin drum under normal load.,Component Failure,10,771,1,False,True,True,True,True,False,1,False,False,False,False,Manual Review Required
CLM-01463,PRD-41380,ABS Wheel Speed Sensor,Automotive,ACDelco,ACD-AUT-253,SNAC671927,SNAC671927,SNAC671927,2024-01-20,94.8,O'Reilly Auto,2024-01-20,2025-01-19,ACDelco Care Protection,Standard,2024-05-25,2024-05-28,Electrical Component Failure,Unspecified system degradation observed during normal operating routine.,Electrical,4,239,0,True,True,True,True,True,False,0,False,False,False,False,Likely Valid
CLM-01709,PRD-64912,OLED 4K Smart TV,Electronics,Sony,SON-ELE-681,SNSO401025,SNSO401025,SNSO401025,2024-07-04,1024.55,BestBuy,2024-07-04,2027-07-04,AssureX Extended Guard,Extended,2025-08-05,2025-08-13,Component Failure,Cooling fan bearing seized up leading to emergency thermal shutdown.,Manufacturing,13,698,0,True,True,True,True,True,False,0,False,False,False,False,Likely Valid
CLM-01094,PRD-68024,Mirrorless Camera Body,Electronics,Dell,DEL-ELE-385,SNDE500048,SNDE500048,SNDE500048,2024-08-11,1520.51,Target,2024-08-11,2026-08-11,Dell Care Protection,Standard,2026-05-05,2026-05-07,Software Malfunction,System firmware entered boot loop following manufacturer OTA update.,Unauthorized Modification,20,98,2,False,True,True,True,True,False,1,False,False,True,False,Likely Invalid
CLM-00330,PRD-75422,Heavy-Duty Starter Motor,Automotive,Bosch Auto,BOS-AUT-414,SNBO626474,SNBO626474,SNBO626474,2024-12-09,306.18,AutoZone,2024-12-09,2026-12-09,AssureX Extended Guard,Extended,2026-01-03,2026-01-09,Seal or Gasket Failure,Cooling fan bearing seized up leading to emergency thermal shutdown.,Component Failure,12,340,1,False,True,True,True,True,False,1,False,False,False,False,Manual Review Required
CLM-00406,PRD-66039,OLED 4K Smart TV,Electronics,Dell,DEL-ELE-449,SNDE861042,SNDE861042,SNDE861042,2023-03-30,1418.03,Target,2023-03-30,2025-03-29,Dell Care Protection,Standard,2024-02-17,2024-03-02,Display Defect,Backlight flickering continuously on left half of screen.,Unauthorized Modification,10,406,3,False,True,True,True,True,False,1,False,False,True,False,Likely Invalid
CLM-01736,PRD-76031,Gaming Desktop Rig,Electronics,HP,HP-ELE-312,SNHP418421,SNHP418427,SNHP418421,2023-03-17,1756.72,BestBuy,2023-03-17,2026-03-16,AssureX Extended Guard,Extended,2024-02-10,2024-02-11,Manufacturing Defect,Internal solder joint loosened causing intermittent power disconnects.,Manufacturing,10,765,0,True,True,True,True,True,False,0,True,False,False,False,Manual Review Required
CLM-00352,PRD-51048,Smart Dishwasher 24-inch,Appliances,LG,LG-APP-871,SNLG462623,SNLG462623,SNLG462623,2025-02-06,757.6,Direct Factory Outlet,2025-02-06,2028-02-06,LG Care Protection,Standard,2026-11-09,2026-11-21,Thermostat Malfunction,Temperature reading fluctuating wildly causing erratic operation.,Unauthorized Modification,21,454,3,False,True,True,True,True,False,1,False,False,True,False,Likely Invalid
CLM-02165,PRD-38710,Heavy-Duty Starter Motor,Automotive,Brembo,BRE-AUT-798,SNBR780400,SNBR780400,SNBR780400,2024-05-11,257.22,O'Reilly Auto,2024-05-11,2025-05-11,Brembo Care Protection,Standard,2024-09-14,2024-09-29,Manufacturing Defect,Internal solder joint loosened causing intermittent power disconnects.,Manufacturing,4,239,1,True,True,True,True,True,True,0,False,False,False,False,Likely Valid
CLM-01896,PRD-29926,Front-Load Washing Machine,Appliances,KitchenAid,KIT-APP-466,SNKI841853,SNKI841853,SNKI841853,2023-12-18,1014.79,Costco,2023-12-18,2026-12-17,KitchenAid Care Protection,Standard,2025-06-20,2025-07-03,Control Board Failure,Unspecified system degradation observed during normal operating routine.,Manufacturing,18,545,1,True,True,True,True,True,True,0,False,False,False,False,Likely Valid
CLM-02026,PRD-72222,Performance Shock Absorbers,Automotive,Continental Auto,CON-AUT-143,SNCO830466,SNCO830455,SNCO830466,2023-12-10,462.66,AutoZone,2023-12-10,2025-12-09,AssureX Extended Guard,Extended,2024-03-05,2024-03-10,Manufacturing Defect,Device shut down unexpectedly and fails to power back on under normal conditions.,Manufacturing,2,644,0,True,True,True,True,True,False,0,True,False,False,False,Manual Review Required
CLM-00420,PRD-31880,Galaxy Ultra Smartphone,Electronics,Asus,ASU-ELE-229,SNAS135730,SNAS135730,SNAS135730,2023-04-24,1182.36,BestBuy,2023-04-24,2025-04-23,Asus Care Protection,Standard,2024-07-29,2024-08-04,Electrical Failure,Capacitor blown on the primary controller board without power surge.,Unauthorized Modification,15,268,3,False,True,True,True,True,False,1,False,False,True,False,Likely Invalid
CLM-01411,PRD-63631,Galaxy Ultra Smartphone,Electronics,Asus,ASU-ELE-997,SNAS105398,SNAS105398,SNAS105398,2025-04-21,850.52,Target,2025-04-21,2027-04-21,Asus Care Protection,Standard,2026-07-18,2026-07-23,Manufacturing Defect,Device shut down unexpectedly and fails to power back on under normal conditions.,Manufacturing,14,277,0,True,True,True,True,True,False,0,False,False,False,False,Likely Valid
CLM-00823,PRD-59090,Front-Load Washing Machine,Appliances,Whirlpool,WHI-APP-386,SNWH668087,SNWH668087,SNWH668087,2024-02-21,782.31,Sears Appliance Outlet,2024-02-21,2027-02-20,Whirlpool Care Protection,Standard,2026-06-05,2026-06-13,Unauthorized Modification,Unspecified system degradation observed during normal operating routine.,Unauthorized Modification,27,260,0,True,True,True,True,True,False,0,False,False,True,False,Likely Invalid
CLM-00801,PRD-66917,Smart Watch Series 7,Electronics,Apple,APP-ELE-870,SNAP334602,SNAP334602,SNAP334602,2024-08-29,339.31,Direct Manufacturer Store,2024-08-29,2027-08-29,AssureX Extended Guard,Extended,2025-04-14,2025-04-15,Manufacturing Defect,Factory assembly defect leading to unprovoked system failure.,Manufacturing,7,867,1,True,True,True,True,True,True,0,False,False,False,False,Likely Valid
CLM-01516,PRD-40785,French Door Refrigerator,Appliances,Bosch,BOS-APP-717,SNBO972685,SNBO972685,SNBO972685,2024-06-05,1636.15,Home Depot,2024-06-05,2027-06-05,Bosch Care Protection,Standard,2026-02-05,2026-02-17,Thermostat Malfunction,"Thermostat stuck open, temperature never reaches target threshold.",Manufacturing,20,485,0,True,True,True,True,True,False,0,False,False,False,False,Likely Valid
CLM-01597,PRD-38348,ProBook Laptop 15-inch,Electronics,Apple,APP-ELE-168,SNAP365684,SNAP365684,SNAP365684,2023-05-18,741.13,BestBuy,2023-05-18,2026-05-17,AssureX Extended Guard,Extended,2023-08-22,2023-08-27,Component Failure,Cooling fan bearing seized up leading to emergency thermal shutdown.,Unauthorized Modification,3,999,3,False,True,True,True,True,False,1,False,False,True,False,Likely Invalid
CLM-00248,PRD-78124,Gaming Desktop Rig,Electronics,Dell,DEL-ELE-533,SNDE435169,SNDE435169,SNDE435169,2023-12-12,2143.25,Amazon Electronics,2023-12-12,2025-12-11,Dell Care Protection,Standard,2024-10-18,2024-10-19,Display Defect,Vertical colored line artifacts appeared across OLED panel without impact.,Manufacturing,10,419,0,True,True,True,True,True,False,0,False,False,False,False,Likely Valid
CLM-01392,PRD-28894,Smart Watch Series 7,Electronics,LG,LG-ELE-506,SNLG292878,SNLG292878,SNLG292878,2023-09-13,390.75,B&H Photo,2023-09-13,2026-09-12,AssureX Extended Guard,Extended,2025-09-17,2025-09-30,Component Failure,Sensor module stopped transmitting readings to the main board.,Manufacturing,24,360,0,True,False,True,True,True,False,1,False,False,False,False,Likely Invalid
CLM-02022,PRD-55727,Performance Shock Absorbers,Automotive,Brembo,BRE-AUT-748,SNBR377954,SNBR377954,SNBR377954,2024-07-03,470.81,AutoZone,2024-07-03,2025-07-03,Brembo Care Protection,Standard,2024-11-04,2024-11-18,Electrical Component Failure,Unspecified system degradation observed during normal operating routine.,Electrical,4,241,0,True,True,True,True,True,False,0,False,False,False,False,Likely Valid
CLM-01961,PRD-85307,ProBook Laptop 15-inch,Electronics,Apple,APP-ELE-218,SNAP951957,SNAP951957,SNAP951957,2024-09-21,837.43,Amazon Electronics,2024-09-21,2026-09-21,Apple Care Protection,Standard,2026-05-08,2026-05-21,Component Failure,Sensor module stopped transmitting readings to the main board.,Manufacturing,19,136,0,True,False,True,True,True,False,1,False,False,False,False,Likely Invalid
CLM-01357,PRD-80456,Galaxy Ultra Smartphone,Electronics,HP,HP-ELE-663,SNHP463813,SNHP463813,SNHP463813,2024-01-20,1099.63,B&H Photo,2024-01-20,2027-01-19,AssureX Extended Guard,Extended,2024-04-08,2024-04-16,Electrical Failure,No current flowing to main motor despite active input power.,Unauthorized Modification,2,1016,3,False,True,True,True,True,False,1,False,False,True,False,Likely Invalid
CLM-00108,PRD-18333,OLED 4K Smart TV,Electronics,Sony,SON-ELE-980,SNSO188006,SNSO188006,SNSO188006,2024-09-24,1170.67,B&H Photo,2024-09-24,2026-09-24,Sony Care Protection,Standard,2027-01-23,2027-01-29,Electrical Failure,Internal circuit shorted during regular use with standard power supply.,Manufacturing,27,-121,0,True,True,True,True,True,False,0,False,False,False,False,Likely Invalid
CLM-00326,PRD-64932,Smart Dishwasher 24-inch,Appliances,Samsung,SAM-APP-871,SNSA411327,SNSA411327,SNSA411327,2025-01-18,686.86,Sears Appliance Outlet,2025-01-18,2029-01-18,AssureX Extended Guard,Extended,2027-02-24,2027-03-08,Motor Failure,"Motor winding resistance out of spec, causing tripping.",Manufacturing,25,694,1,True,True,True,True,True,True,0,False,False,False,False,Likely Valid
CLM-01061,PRD-32402,ABS Wheel Speed Sensor,Automotive,Monroe,MON-AUT-265,SNMO538231,SNMO538231,SNMO538231,2025-05-27,112.76,RockAuto,2025-05-27,2026-05-27,Monroe Care Protection,Standard,2026-05-31,2026-06-04,Seal or Gasket Failure,Unspecified system degradation observed during normal operating routine.,Manufacturing,12,-4,0,True,True,True,True,True,False,0,False,False,False,False,Manual Review Required
CLM-00729,PRD-64464,Tablet 11-inch Display,Electronics,Sony,SON-ELE-117,SNSO796862,SNSO796862,SNSO796862,2023-01-12,795.32,B&H Photo,2023-01-12,2025-01-11,Sony Care Protection,Standard,2023-05-09,2023-05-12,Manufacturing Defect,Factory assembly defect leading to unprovoked system failure.,Component Failure,3,613,1,False,True,True,True,True,False,1,False,False,False,False,Manual Review Required
CLM-00646,PRD-83261,French Door Refrigerator,Appliances,Maytag,MAY-APP-765,SNMA146266,SNMA146266,SNMA146266,2025-01-28,1919.05,Costco,2025-01-28,2028-01-28,Maytag Care Protection,Standard,2028-04-30,2028-05-13,Manufacturing Defect,Factory assembly defect leading to unprovoked system failure.,Manufacturing,39,-93,0,True,True,True,True,True,False,0,False,False,False,False,Likely Invalid
CLM-02157,PRD-84871,Active Noise Cancelling Headphones,Electronics,Samsung,SAM-ELE-444,SNSA484184,SNSA484184,SNSA484184,2024-04-16,275.4,Target,2024-04-16,2026-04-16,Samsung Care Protection,Standard,2026-09-03,2026-09-09,Electrical Failure,Capacitor blown on the primary controller board without power surge.,Manufacturing,28,-140,0,True,True,True,True,True,False,0,False,False,False,False,Likely Invalid
CLM-00924,PRD-33904,ABS Wheel Speed Sensor,Automotive,Denso,DEN-AUT-891,SNDE117722,SNDE117722,SNDE117722,2023-01-06,98.12,NAPA Auto Parts,2023-01-06,2024-01-06,Denso Care Protection,Standard,2023-09-26,2023-10-10,Material Failure,Unspecified system degradation observed during normal operating routine.,Manufacturing,8,102,1,True,True,True,True,True,True,0,False,False,False,False,Likely Valid
CLM-00231,PRD-60336,Smart Watch Series 7,Electronics,HP,HP-ELE-514,SNHP536019,SNHP536019,SNHP536019,2025-01-30,489.22,B&H Photo,2025-01-30,2027-01-30,HP Care Protection,Standard,2026-04-12,2026-04-22,Manufacturing Defect,Device shut down unexpectedly and fails to power back on under normal conditions.,Manufacturing,14,293,0,True,True,True,True,True,False,0,False,False,False,False,Likely Valid
CLM-01724,PRD-12794,Performance Shock Absorbers,Automotive,Bosch Auto,BOS-AUT-193,SNBO985501,SNBO985501,SNBO985501,2024-06-26,360.92,O'Reilly Auto,2024-06-26,2025-06-26,Bosch Auto Care Protection,Standard,2024-12-31,2025-01-10,Material Failure,Internal circuit shorted during regular use with standard power supply.,Electrical Failure,6,177,0,True,True,True,True,False,False,1,False,False,False,False,Manual Review Required
CLM-01404,PRD-49539,Electric Range Oven,Appliances,Bosch,BOS-APP-907,SNBO183562,SNBO183562,SNBO183562,2023-06-22,951.5,Costco,2023-06-22,2027-06-22,AssureX Extended Guard,Extended,2027-12-06,2027-12-17,Motor Failure,Drive motor hums loudly but will not spin drum under normal load.,Manufacturing,53,-167,0,True,True,True,True,True,False,0,False,False,False,False,Likely Invalid
CLM-02352,PRD-44061,Active Noise Cancelling Headphones,Electronics,Lenovo,LEN-ELE-159,SNLE464384,SNLE464384,SNLE464384,2023-11-15,256.15,BestBuy,2023-11-15,2026-11-14,AssureX Extended Guard,Extended,2025-12-02,2025-12-17,Electrical Failure,Capacitor blown on the primary controller board without power surge.,Electrical,24,347,0,True,True,True,True,True,False,0,False,False,False,False,Likely Valid
CLM-02472,PRD-76058,Smart Watch Series 7,Electronics,HP,HP-ELE-357,SNHP436168,SNHP436168,SNHP436168,2023-01-21,425.99,BestBuy,2023-01-21,2025-01-20,HP Care Protection,Standard,2024-07-20,2024-07-29,Electrical Failure,Internal circuit shorted during regular use with standard power supply.,Electrical,17,184,0,True,True,True,True,True,False,0,False,False,False,False,Likely Valid
CLM-01578,PRD-31996,French Door Refrigerator,Appliances,Samsung,SAM-APP-582,SNSA971826,SNSA971826,SNSA971826,2024-05-29,1809.93,Direct Factory Outlet,2024-05-29,2028-05-29,AssureX Extended Guard,Extended,2025-05-10,2025-05-15,Manufacturing Defect,Device shut down unexpectedly and fails to power back on under normal conditions.,Manufacturing,11,1115,0,True,True,True,True,True,False,0,False,False,False,False,Likely Valid
CLM-01810,PRD-46320,Electronic Fuel Injector Kit,Automotive,Brembo,BRE-AUT-800,SNBR773783,SNBR773783,SNBR773783,2023-06-21,467.79,O'Reilly Auto,2023-06-21,2024-06-20,Brembo Care Protection,Standard,2024-02-12,2024-02-22,Premature Wear,Bushing cracked prematurely during regular non-commercial transit.,Unauthorized Modification,7,129,4,False,True,True,True,True,False,1,False,False,True,False,Likely Invalid
CLM-02164,PRD-93215,Smart Watch Series 7,Electronics,Lenovo,LEN-ELE-108,SNLE247086,SNLE247086,SNLE247086,2023-04-27,495.1,Target,2023-04-27,2025-04-26,Lenovo Care Protection,Standard,2023-11-22,2023-11-30,Display Defect,Vertical colored line artifacts appeared across OLED panel without impact.,Manufacturing,6,521,0,True,True,True,True,True,False,0,False,False,False,False,Likely Valid
CLM-01526,PRD-17402,Electric Range Oven,Appliances,KitchenAid,KIT-APP-960,SNKI864407,SNKI864407,SNKI864407,2024-01-31,970.63,Lowe's,2024-01-31,2027-01-30,KitchenAid Care Protection,Standard,2025-06-03,2025-06-04,Manufacturing Defect,Device shut down unexpectedly and fails to power back on under normal conditions.,Manufacturing,16,606,0,True,True,True,True,True,False,0,False,False,False,False,Likely Valid
CLM-01982,PRD-18245,Smart Watch Series 7,Electronics,Asus,ASU-ELE-941,SNAS817032,SNAS817032,SNAS817032,2024-07-19,386.29,Amazon Electronics,2024-07-19,2027-07-19,AssureX Extended Guard,Extended,2025-05-14,2025-05-18,Manufacturing Defect,Internal solder joint loosened causing intermittent power disconnects.,Manufacturing,9,796,0,True,True,True,True,True,False,0,False,False,False,False,Likely Valid
CLM-01313,PRD-58080,Ceramic Brake Pad Set,Automotive,Brembo,BRE-AUT-791,SNBR779481,SNBR779481,SNBR779481,2025-02-25,143.69,NAPA Auto Parts,2025-02-25,2026-02-25,Brembo Care Protection,Standard,2025-08-07,2025-08-15,Electrical Component Failure,Unspecified system degradation observed during normal operating routine.,Electrical,5,202,0,True,True,True,True,True,False,0,False,False,False,False,Likely Valid
CLM-00025,PRD-46624,Performance Shock Absorbers,Automotive,Bosch Auto,BOS-AUT-593,SNBO824038,SNBO824038,SNBO824038,2024-12-23,335.17,RockAuto,2024-12-23,2025-12-23,Bosch Auto Care Protection,Standard,2026-03-15,2026-04-01,Manufacturing Defect,Factory assembly defect leading to unprovoked system failure.,Manufacturing,14,-82,0,True,True,True,True,True,False,0,False,False,False,False,Likely Invalid
CLM-00577,PRD-15451,Front-Load Washing Machine,Appliances,Bosch,BOS-APP-937,SNBO614607,SNBO614607,SNBO614607,2024-07-10,786.54,Costco,2024-07-10,2027-07-10,Bosch Care Protection,Standard,2026-04-26,2026-05-09,Control Board Failure,Unspecified system degradation observed during normal operating routine.,Manufacturing,21,440,0,True,True,True,True,True,False,0,False,False,False,False,Likely Valid
CLM-01705,PRD-41160,Tablet 11-inch Display,Electronics,Apple,APP-ELE-715,SNAP183601,SNAP183601,SNAP183601,2023-04-19,686.95,Direct Manufacturer Store,2023-04-19,2025-04-18,Apple Care Protection,Standard,2023-03-06,2023-05-09,Component Failure,Sensor module stopped transmitting readings to the main board.,Manufacturing,0,774,0,True,True,True,True,True,False,0,False,True,False,False,Manual Review Required
CLM-00006,PRD-34560,Electric Range Oven,Appliances,KitchenAid,KIT-APP-962,SNKI274031,SNKI274031,SNKI274031,2023-07-01,1186.23,Costco,2023-07-01,2026-06-30,KitchenAid Care Protection,Standard,2024-10-29,2024-11-10,Manufacturing Defect,Internal solder joint loosened causing intermittent power disconnects.,Manufacturing,15,609,0,True,True,True,True,True,False,0,False,False,False,False,Likely Valid
CLM-01971,PRD-99069,ProBook Laptop 15-inch,Electronics,Samsung,SAM-ELE-984,SNSA800631,SNSA800631,SNSA800631,2023-12-11,964.05,Amazon Electronics,2023-12-11,2025-12-10,Samsung Care Protection,Standard,2025-12-12,2025-12-15,Software Malfunction,Main OS freezes on start screen; hardware diagnostic passes.,Manufacturing,24,-2,0,True,True,True,True,True,False,0,False,False,False,False,Manual Review Required
CLM-01281,PRD-89285,Gaming Desktop Rig,Electronics,HP,HP-ELE-235,SNHP309806,SNHP309806,SNHP309806,2024-12-28,1613.57,Amazon Electronics,2024-12-28,2026-12-28,HP Care Protection,Standard,2025-02-17,2025-02-26,Display Defect,Vertical colored line artifacts appeared across OLED panel without impact.,Manufacturing,1,679,0,True,False,True,True,True,False,1,False,False,False,False,Likely Invalid
CLM-00645,PRD-46905,Ceramic Brake Pad Set,Automotive,Monroe,MON-AUT-772,SNMO166071,SNMO166071,SNMO166071,2025-01-14,148.05,O'Reilly Auto,2025-01-14,2026-01-14,Monroe Care Protection,Standard,2025-09-30,2025-10-05,Manufacturing Defect,Device shut down unexpectedly and fails to power back on under normal conditions.,Manufacturing,8,106,0,True,True,True,True,True,False,0,False,False,False,False,Likely Valid
CLM-00766,PRD-59734,Heavy-Duty Starter Motor,Automotive,K&N,K&N-AUT-613,SNK&751852,SNK&751852,SNK&751852,2024-12-29,302.98,O'Reilly Auto,2024-12-29,2025-12-29,K&N Care Protection,Standard,2025-09-24,2025-09-25,Manufacturing Defect,Device shut down unexpectedly and fails to power back on under normal conditions.,Unauthorized Modification,8,96,4,False,True,True,True,True,False,1,False,False,True,True,Likely Invalid
CLM-02113,PRD-93982,Galaxy Ultra Smartphone,Electronics,Dell,DEL-ELE-228,SNDE801830,SNDE801830,SNDE801830,2024-05-10,969.54,B&H Photo,2024-05-10,2026-05-10,Dell Care Protection,Standard,2025-02-22,2025-02-26,Display Defect,Vertical colored line artifacts appeared across OLED panel without impact.,Manufacturing,9,442,0,True,True,True,True,True,False,0,False,False,False,False,Likely Valid
CLM-01155,PRD-61673,Heavy-Duty Clothes Dryer,Appliances,KitchenAid,KIT-APP-229,SNKI966176,SNKI966176,SNKI966176,2024-12-04,826.83,Lowe's,2024-12-04,2027-12-04,KitchenAid Care Protection,Standard,2027-05-09,2027-05-21,Thermostat Malfunction,"Thermostat stuck open, temperature never reaches target threshold.",Unauthorized Modification,29,209,3,False,True,True,True,True,False,1,False,False,True,False,Likely Invalid
CLM-02297,PRD-71944,Performance Shock Absorbers,Automotive,Monroe,MON-AUT-997,SNMO299412,SNMO299412,SNMO299412,2023-01-25,355.67,O'Reilly Auto,2023-01-25,2024-01-25,Monroe Care Protection,Standard,2023-09-15,2023-09-30,Material Failure,Unspecified system degradation observed during normal operating routine.,Manufacturing,7,132,0,True,True,False,True,True,False,1,False,False,False,False,Likely Valid
CLM-01785,PRD-69775,Galaxy Ultra Smartphone,Electronics,Samsung,SAM-ELE-165,SNSA602775,SNSA602775,SNSA602775,2023-01-19,1119.04,Target,2023-01-19,2025-01-18,Samsung Care Protection,Standard,2024-05-05,2024-05-14,Component Failure,Cooling fan bearing seized up leading to emergency thermal shutdown.,Manufacturing,15,258,0,True,True,True,True,True,False,0,False,False,False,False,Likely Valid
CLM-00974,PRD-99625,Ceramic Brake Pad Set,Automotive,Monroe,MON-AUT-725,SNMO663367,SNMO663367,SNMO663367,2023-02-05,112.76,AutoZone,2023-02-05,2024-02-05,Monroe Care Protection,Standard,2024-06-10,2024-06-14,Electrical Component Failure,Unspecified system degradation observed during normal operating routine.,Manufacturing,16,-126,0,True,True,True,True,True,False,0,False,False,False,False,Likely Invalid
CLM-02326,PRD-84756,French Door Refrigerator,Appliances,Whirlpool,WHI-APP-673,SNWH374966,SNWH374966,SNWH374966,2023-05-08,1846.15,Sears Appliance Outlet,2023-05-08,2026-05-07,Whirlpool Care Protection,Standard,2024-08-03,2024-08-06,Thermostat Malfunction,"Thermostat stuck open, temperature never reaches target threshold.",Manufacturing,14,642,0,True,True,True,True,True,False,0,False,False,False,False,Likely Valid
CLM-01603,PRD-87017,Electric Range Oven,Appliances,Maytag,MAY-APP-282,SNMA325582,SNMA325582,SNMA325582,2023-12-09,1171.74,Home Depot,2023-12-09,2026-12-08,Maytag Care Protection,Standard,2025-11-17,2025-11-30,Electrical Wiring Defect,Unspecified system degradation observed during normal operating routine.,Electrical,23,386,0,True,True,False,True,True,False,1,False,False,False,False,Likely Valid
CLM-00927,PRD-65009,Tablet 11-inch Display,Electronics,Sony,SON-ELE-891,SNSO688982,SNSO688982,SNSO688982,2025-05-01,750.15,Target,2025-05-01,2027-05-01,Sony Care Protection,Standard,2026-01-15,2026-01-24,Electrical Failure,Internal circuit shorted during regular use with standard power supply.,Electrical,8,471,1,True,True,True,True,True,True,0,False,False,False,False,Likely Valid
CLM-01088,PRD-16845,Electric Range Oven,Appliances,LG,LG-APP-186,SNLG570419,SNLG570419,SNLG570419,2025-04-01,964.29,Sears Appliance Outlet,2025-04-01,2028-03-31,LG Care Protection,Standard,2026-09-18,2026-09-23,Electrical Wiring Defect,Unspecified system degradation observed during normal operating routine.,Electrical,17,560,1,True,True,False,True,True,True,1,False,False,False,False,Likely Valid
CLM-00021,PRD-66585,Heavy-Duty Starter Motor,Automotive,K&N,K&N-AUT-212,SNK&395917,SNK&395917,SNK&395917,2024-09-04,311.03,Advance Auto Parts,2024-09-04,2025-09-04,K&N Care Protection,Standard,2025-04-28,2025-05-05,Electrical Component Failure,Unspecified system degradation observed during normal operating routine.,Electrical,7,129,0,True,True,True,True,True,False,0,False,False,False,False,Likely Valid
CLM-01295,PRD-30565,Mirrorless Camera Body,Electronics,LG,LG-ELE-880,SNLG446209,SNLG446209,SNLG446209,2023-09-18,1463.42,Target,2023-09-18,2025-09-17,LG Care Protection,Standard,2024-02-21,2024-02-29,Unauthorized Modification,Unspecified system degradation observed during normal operating routine.,Unauthorized Modification,5,574,0,True,True,True,True,True,False,0,False,False,True,False,Likely Invalid
CLM-01527,PRD-37924,Active Noise Cancelling Headphones,Electronics,Lenovo,LEN-ELE-673,SNLE618381,SNLE618381,SNLE618381,2024-04-26,300.15,BestBuy,2024-04-26,2026-04-26,Lenovo Care Protection,Standard,2026-04-28,2026-05-03,Software Malfunction,Main OS freezes on start screen; hardware diagnostic passes.,Manufacturing,24,-2,0,True,True,True,True,True,False,0,False,False,False,False,Manual Review Required
CLM-02308,PRD-28391,Front-Load Washing Machine,Appliances,KitchenAid,KIT-APP-178,SNKI126960,SNKI126960,SNKI126960,2024-01-25,968.73,Home Depot,2024-01-25,2028-01-25,AssureX Extended Guard,Extended,2024-01-07,2024-02-14,Electrical Wiring Defect,Unspecified system degradation observed during normal operating routine.,Manufacturing,0,1479,0,True,True,True,True,True,False,0,False,True,False,False,Manual Review Required
CLM-02129,PRD-86163,Smart Dishwasher 24-inch,Appliances,GE Appliances,GE -APP-810,SNGE837434,SNGE837434,SNGE837434,2023-10-22,756.53,Direct Factory Outlet,2023-10-22,2026-10-21,GE Appliances Care Protection,Standard,2025-01-19,2025-02-02,Motor Failure,Drive motor hums loudly but will not spin drum under normal load.,Manufacturing,14,640,0,True,True,True,True,True,False,0,False,False,False,False,Likely Valid
CLM-00687,PRD-31840,Convection Microwave Oven,Appliances,Bosch,BOS-APP-385,SNBO295056,SNBO295056,SNBO295056,2025-03-19,301.32,Sears Appliance Outlet,2025-03-19,2028-03-18,Bosch Care Protection,Standard,2026-04-24,2026-05-08,Manufacturing Defect,Internal solder joint loosened causing intermittent power disconnects.,Manufacturing,13,694,0,True,True,True,True,True,False,0,False,False,False,False,Likely Valid
CLM-01083,PRD-67616,Tablet 11-inch Display,Electronics,Sony,SON-ELE-341,SNSO325920,SNSO325920,SNSO325920,2023-02-15,794.79,B&H Photo,2023-02-15,2025-02-14,Sony Care Protection,Standard,2024-01-25,2024-02-02,Component Failure,Cooling fan bearing seized up leading to emergency thermal shutdown.,Unauthorized Modification,11,386,3,False,True,True,True,True,False,1,False,False,True,False,Likely Invalid
CLM-00279,PRD-11052,OLED 4K Smart TV,Electronics,Dell,DEL-ELE-794,SNDE970145,SNDE970145,SNDE970145,2024-11-05,1184.23,Direct Manufacturer Store,2024-11-05,2027-11-05,AssureX Extended Guard,Extended,2026-07-05,2026-07-13,Manufacturing Defect,Internal solder joint loosened causing intermittent power disconnects.,Manufacturing,19,488,0,True,False,True,True,True,False,1,False,False,False,False,Likely Invalid
CLM-00477,PRD-94617,Electric Range Oven,Appliances,Whirlpool,WHI-APP-713,SNWH888198,SNWH888198,SNWH888198,2023-12-24,1110.2,Home Depot,2023-12-24,2026-12-23,Whirlpool Care Protection,Standard,2025-10-29,2025-11-02,Manufacturing Defect,Device shut down unexpectedly and fails to power back on under normal conditions.,Manufacturing,22,420,1,True,True,True,True,True,True,0,False,False,False,False,Likely Valid
CLM-00834,PRD-65307,Smart Dishwasher 24-inch,Appliances,KitchenAid,KIT-APP-654,SNKI762880,SNKI762880,SNKI762880,2024-07-19,739.36,Direct Factory Outlet,2024-07-19,2027-07-19,KitchenAid Care Protection,Standard,2025-08-17,2025-08-26,Motor Failure,"Motor winding resistance out of spec, causing tripping.",Manufacturing,12,701,0,True,False,True,True,True,False,1,False,False,False,False,Likely Invalid
CLM-01535,PRD-57422,Ceramic Brake Pad Set,Automotive,Monroe,MON-AUT-737,SNMO377695,SNMO377695,SNMO377695,2024-02-08,140.33,O'Reilly Auto,2024-02-08,2025-02-07,Monroe Care Protection,Standard,2024-11-05,2024-11-08,Seal or Gasket Failure,Unspecified system degradation observed during normal operating routine.,Unauthorized Modification,8,94,3,False,True,True,True,True,False,1,False,False,True,False,Likely Invalid
CLM-02037,PRD-43332,Smart Dishwasher 24-inch,Appliances,KitchenAid,KIT-APP-624,SNKI305812,SNKI305812,SNKI305812,2025-03-14,879.16,Lowe's,2025-03-14,2028-03-13,KitchenAid Care Protection,Standard,2026-06-23,2026-06-30,Compressor Failure,"Cooling cycle fails to start, compressor is non-responsive.",Component Failure,15,629,1,False,True,True,True,True,False,1,False,False,False,False,Manual Review Required
CLM-00960,PRD-50332,Heavy-Duty Clothes Dryer,Appliances,GE Appliances,GE -APP-897,SNGE256711,SNGE256711,SNGE256711,2024-05-29,750.03,Lowe's,2024-05-29,2027-05-29,GE Appliances Care Protection,Standard,2025-01-19,2025-01-20,Control Board Failure,Unspecified system degradation observed during normal operating routine.,Manufacturing,7,860,0,True,True,True,True,True,False,0,False,False,False,False,Likely Valid
CLM-00595,PRD-37276,Active Noise Cancelling Headphones,Electronics,Lenovo,LEN-ELE-511,SNLE231097,SNLE231097,SNLE231097,2024-09-22,332.1,B&H Photo,2024-09-22,2027-09-22,AssureX Extended Guard,Extended,2026-05-06,2026-05-14,Component Failure,Cooling fan bearing seized up leading to emergency thermal shutdown.,Manufacturing,19,504,1,True,True,True,True,True,True,0,False,False,False,False,Likely Valid
CLM-00990,PRD-74970,OLED 4K Smart TV,Electronics,Sony,SON-ELE-646,SNSO776978,SNSO776978,SNSO776978,2025-04-04,1349.4,BestBuy,2025-04-04,2027-04-04,Sony Care Protection,Standard,2025-09-26,2025-09-28,Accidental Damage,Heavy object fell directly on top of the chassis during home move.,Accidental Damage,5,555,0,True,True,True,True,True,False,0,False,False,True,False,Likely Invalid
CLM-01923,PRD-43789,French Door Refrigerator,Appliances,Whirlpool,WHI-APP-526,SNWH225053,SNWH225053,SNWH225053,2024-01-31,1408.68,Costco,2024-01-31,2028-01-31,AssureX Extended Guard,Extended,2028-03-17,2028-04-06,Electrical Wiring Defect,Unspecified system degradation observed during normal operating routine.,Manufacturing,49,-46,0,True,True,True,True,True,False,0,False,False,False,False,Likely Invalid
CLM-02467,PRD-76748,Ceramic Brake Pad Set,Automotive,Denso,DEN-AUT-568,SNDE957993,SNDE957993,SNDE957993,2025-05-19,140.82,RockAuto,2025-05-19,2026-05-19,Denso Care Protection,Standard,2025-07-26,2025-08-09,Premature Wear,Bushing cracked prematurely during regular non-commercial transit.,Manufacturing,2,297,0,True,False,True,True,True,False,1,False,False,False,True,Likely Invalid
CLM-00814,PRD-12026,Convection Microwave Oven,Appliances,Samsung,SAM-APP-341,SNSA524762,SNSA524762,SNSA524762,2024-07-21,338.34,Lowe's,2024-07-21,2027-07-21,Samsung Care Protection,Standard,2026-01-21,2026-01-30,Motor Failure,Drive motor hums loudly but will not spin drum under normal load.,Manufacturing,18,546,0,True,True,False,True,True,False,1,False,False,False,False,Likely Valid
CLM-01320,PRD-17577,Front-Load Washing Machine,Appliances,Bosch,BOS-APP-561,SNBO651403,SNBO651403,SNBO651403,2024-05-27,941.11,Costco,2024-05-27,2027-05-27,Bosch Care Protection,Standard,2027-05-31,2027-06-05,Manufacturing Defect,Internal solder joint loosened causing intermittent power disconnects.,Manufacturing,36,-4,0,True,True,True,True,True,False,0,False,False,False,False,Manual Review Required
CLM-00299,PRD-60512,ProBook Laptop 15-inch,Electronics,Lenovo,LEN-ELE-101,SNLE335208,SNLE335208,SNLE335208,2023-08-17,730.66,Target,2023-08-17,2025-08-16,Lenovo Care Protection,Standard,2024-07-05,2024-07-09,Component Failure,Sensor module stopped transmitting readings to the main board.,Electrical Failure,10,407,0,True,True,True,True,False,False,1,False,False,False,False,Manual Review Required
CLM-00342,PRD-96463,ProBook Laptop 15-inch,Electronics,Asus,ASU-ELE-284,SNAS413267,SNAS413267,SNAS413267,2025-05-31,725.95,Amazon Electronics,2025-05-31,2027-05-31,Asus Care Protection,Standard,2027-06-03,2027-06-06,Component Failure,Sensor module stopped transmitting readings to the main board.,Manufacturing,24,-3,0,True,True,True,True,True,False,0,False,False,False,False,Manual Review Required
CLM-00597,PRD-28524,Convection Microwave Oven,Appliances,Maytag,MAY-APP-483,SNMA775282,SNMA775282,SNMA775282,2024-12-31,311.28,Costco,2024-12-31,2027-12-31,Maytag Care Protection,Standard,2026-12-20,2026-12-31,Thermostat Malfunction,Temperature reading fluctuating wildly causing erratic operation.,Manufacturing,23,376,1,True,True,True,True,True,True,0,False,False,False,False,Likely Valid
CLM-02293,PRD-86607,Heavy-Duty Clothes Dryer,Appliances,Samsung,SAM-APP-511,SNSA587296,SNSA587296,SNSA587296,2024-06-09,820.47,Home Depot,2024-06-09,2027-06-09,Samsung Care Protection,Standard,2026-10-04,2026-10-16,Manufacturing Defect,Device shut down unexpectedly and fails to power back on under normal conditions.,Manufacturing,27,248,0,True,False,True,True,True,False,1,False,False,False,False,Likely Invalid
CLM-01245,PRD-90018,OLED 4K Smart TV,Electronics,LG,LG-ELE-215,SNLG395988,SNLG395988,SNLG395988,2024-10-12,1192.22,Direct Manufacturer Store,2024-10-12,2027-10-12,AssureX Extended Guard,Extended,2025-04-21,2025-04-28,Display Defect,Backlight flickering continuously on left half of screen.,Manufacturing,6,904,0,True,True,True,True,True,False,0,False,False,False,False,Likely Valid
CLM-01274,PRD-10673,ProBook Laptop 15-inch,Electronics,Lenovo,LEN-ELE-893,SNLE336446,SNLE336446,SNLE336446,2024-12-31,829.67,BestBuy,2024-12-31,2027-12-31,AssureX Extended Guard,Extended,2025-07-05,2025-07-18,Display Defect,Vertical colored line artifacts appeared across OLED panel without impact.,Manufacturing,6,909,0,True,False,True,True,True,False,1,False,False,False,False,Likely Invalid
CLM-00019,PRD-85750,High Output Alternator,Automotive,Continental Auto,CON-AUT-563,SNCO657062,SNCO657062,SNCO657062,2024-11-25,328.64,RockAuto,2024-11-25,2025-11-25,Continental Auto Care Protection,Standard,2025-06-05,2025-06-10,Cosmetic Wear,Unspecified system degradation observed during normal operating routine.,Cosmetic Wear,6,173,0,True,True,True,True,True,False,0,False,False,True,False,Likely Invalid
CLM-01250,PRD-31706,French Door Refrigerator,Appliances,Maytag,MAY-APP-565,SNMA267073,SNMA267073,SNMA267073,2024-10-06,1617.35,Direct Factory Outlet,2024-10-06,2027-10-06,Maytag Care Protection,Standard,2026-07-10,2026-07-24,Electrical Wiring Defect,Unspecified system degradation observed during normal operating routine.,Manufacturing,21,453,0,True,False,True,True,True,False,1,False,False,False,False,Likely Invalid
CLM-02162,PRD-53444,French Door Refrigerator,Appliances,Maytag,MAY-APP-456,SNMA607993,SNMA607993,SNMA607993,2023-10-27,1875.11,Direct Factory Outlet,2023-10-27,2026-10-26,Maytag Care Protection,Standard,2025-10-12,2025-10-23,Compressor Failure,Compressor clicking repeatedly and unable to compress refrigerant.,Manufacturing,23,379,1,True,True,True,True,True,True,0,False,False,False,False,Likely Valid
CLM-02458,PRD-42828,Galaxy Ultra Smartphone,Electronics,HP,HP-ELE-986,SNHP713448,SNHP713448,SNHP713448,2024-06-03,929.37,Direct Manufacturer Store,2024-06-03,2026-06-03,HP Care Protection,Standard,2024-10-24,2024-11-07,Electrical Failure,No current flowing to main motor despite active input power.,Electrical,4,587,0,True,True,True,True,True,False,0,False,False,False,False,Likely Valid
CLM-00212,PRD-41417,Heavy-Duty Clothes Dryer,Appliances,Bosch,BOS-APP-682,SNBO200174,SNBO200174,SNBO200174,2023-09-03,805.94,Home Depot,2023-09-03,2026-09-02,Bosch Care Protection,Standard,2025-05-22,2025-05-24,Control Board Failure,Capacitor blown on the primary controller board without power surge.,Electrical Failure,20,468,0,True,True,True,True,False,False,1,False,False,False,False,Manual Review Required
CLM-02482,PRD-23978,Smart Dishwasher 24-inch,Appliances,LG,LG-APP-556,SNLG807215,SNLG807215,SNLG807215,2025-03-20,739.22,Lowe's,2025-03-20,2028-03-19,LG Care Protection,Standard,2026-03-10,2026-03-12,Manufacturing Defect,Factory assembly defect leading to unprovoked system failure.,Manufacturing,11,740,0,True,True,True,True,True,False,0,False,False,False,False,Likely Valid
CLM-01628,PRD-19429,Front-Load Washing Machine,Appliances,LG,LG-APP-374,SNLG742911,SNLG742911,SNLG742911,2024-07-10,860.63,Sears Appliance Outlet,2024-07-10,2028-07-10,AssureX Extended Guard,Extended,2024-06-30,2024-07-27,Thermostat Malfunction,"Thermostat stuck open, temperature never reaches target threshold.",Manufacturing,0,1471,0,True,True,True,True,True,False,0,False,True,False,False,Manual Review Required
CLM-01016,PRD-43676,Gaming Desktop Rig,Electronics,Dell,DEL-ELE-455,SNDE547354,SNDE547354,SNDE547354,2024-05-28,2083.56,BestBuy,2024-05-28,2026-05-28,Dell Care Protection,Standard,2024-09-25,2024-10-02,Electrical Failure,No current flowing to main motor despite active input power.,Electrical,3,610,0,True,True,True,True,True,False,0,False,False,False,False,Likely Valid
CLM-00986,PRD-12900,Front-Load Washing Machine,Appliances,LG,LG-APP-180,SNLG285685,SNLG285685,SNLG285685,2025-04-11,839.21,Sears Appliance Outlet,2025-04-11,2028-04-10,LG Care Protection,Standard,2027-05-01,2027-05-07,Electrical Wiring Defect,Unspecified system degradation observed during normal operating routine.,Electrical,24,345,0,True,True,True,True,True,False,0,False,False,False,False,Likely Valid
CLM-02497,PRD-21185,ABS Wheel Speed Sensor,Automotive,Continental Auto,CON-AUT-286,SNCO634778,SNCO634778,SNCO634778,2023-02-24,81.88,NAPA Auto Parts,2023-02-24,2025-02-23,AssureX Extended Guard,Extended,2024-08-17,2024-08-22,Electrical Component Failure,Unspecified system degradation observed during normal operating routine.,Electrical,17,190,1,True,True,True,True,True,True,0,False,False,False,False,Likely Valid
CLM-02294,PRD-73330,Galaxy Ultra Smartphone,Electronics,Apple,APP-ELE-560,SNAP542672,SNAP542672,SNAP542672,2024-12-25,971.6,BestBuy,2024-12-25,2026-12-25,Apple Care Protection,Standard,2025-06-18,2025-07-03,Electrical Failure,No current flowing to main motor despite active input power.,Electrical,5,555,0,True,True,True,True,True,False,0,False,False,False,False,Likely Valid
CLM-02360,PRD-95318,Gaming Desktop Rig,Electronics,Dell,DEL-ELE-534,SNDE503636,SNDE503636,SNDE503636,2024-04-16,1863.5,Target,2024-04-16,2027-04-16,AssureX Extended Guard,Extended,2024-10-13,2024-10-24,Water Damage,Submerged in water during heavy basement storm leak.,Water Damage,5,915,0,True,True,True,True,True,False,0,False,False,True,False,Likely Invalid
CLM-02260,PRD-87376,Galaxy Ultra Smartphone,Electronics,Sony,SON-ELE-325,SNSO928453,SNSO928453,SNSO928453,2025-05-19,1043.63,Amazon Electronics,2025-05-19,2027-05-19,Sony Care Protection,Standard,2025-11-06,2025-11-07,Display Defect,Vertical colored line artifacts appeared across OLED panel without impact.,Manufacturing,5,559,0,True,True,True,True,True,False,0,False,False,False,False,Likely Valid
CLM-01656,PRD-41101,Front-Load Washing Machine,Appliances,GE Appliances,GE -APP-970,SNGE459352,SNGE459352,SNGE459352,2025-01-01,784.2,Costco,2025-01-01,2028-01-01,GE Appliances Care Protection,Standard,2025-08-22,2025-08-25,Electrical Wiring Defect,Unspecified system degradation observed during normal operating routine.,Electrical,7,862,1,True,True,True,True,True,True,0,False,False,False,False,Likely Valid
CLM-01561,PRD-45487,Smart Dishwasher 24-inch,Appliances,LG,LG-APP-272,SNLG410935,SNLG410935,SNLG410935,2023-08-30,865.73,Direct Factory Outlet,2023-08-30,2026-08-29,LG Care Protection,Standard,2024-07-20,2024-08-01,Compressor Failure,Compressor clicking repeatedly and unable to compress refrigerant.,Manufacturing,10,770,0,True,True,True,True,True,False,0,False,False,False,False,Likely Valid
CLM-00376,PRD-76036,Galaxy Ultra Smartphone,Electronics,Lenovo,LEN-ELE-241,SNLE652150,SNLE652150,SNLE652150,2024-07-09,1025.73,B&H Photo,2024-07-09,2027-07-09,AssureX Extended Guard,Extended,2026-12-31,2027-01-08,Component Failure,Cooling fan bearing seized up leading to emergency thermal shutdown.,Manufacturing,29,190,0,True,False,True,True,True,False,1,False,False,False,False,Likely Invalid
CLM-00723,PRD-64470,ABS Wheel Speed Sensor,Automotive,Continental Auto,CON-AUT-364,SNCO277233,SNCO277233,SNCO277233,2023-09-09,105.73,O'Reilly Auto,2023-09-09,2025-09-08,AssureX Extended Guard,Extended,2024-03-24,2024-03-30,Accidental Damage,Heavy object fell directly on top of the chassis during home move.,Accidental Damage,6,533,0,True,True,True,True,True,False,0,False,False,True,False,Likely Invalid
CLM-01997,PRD-86104,Front-Load Washing Machine,Appliances,LG,LG-APP-332,SNLG958456,SNLG958456,SNLG958456,2024-12-01,805.13,Sears Appliance Outlet,2024-12-01,2027-12-01,LG Care Protection,Standard,2027-02-10,2027-02-17,Electrical Wiring Defect,Unspecified system degradation observed during normal operating routine.,Electrical,26,294,0,True,True,True,True,True,False,0,False,False,False,False,Likely Valid
CLM-01911,PRD-78506,Front-Load Washing Machine,Appliances,KitchenAid,KIT-APP-255,SNKI620663,SNKI620663,SNKI620663,2024-08-07,986.15,Lowe's,2024-08-07,2028-08-07,AssureX Extended Guard,Extended,2024-07-27,2024-08-15,Control Board Failure,Unspecified system degradation observed during normal operating routine.,Manufacturing,0,1472,0,True,True,True,True,True,False,0,False,True,False,False,Manual Review Required
CLM-00169,PRD-40997,OLED 4K Smart TV,Electronics,Samsung,SAM-ELE-307,SNSA351262,SNSA351262,SNSA351262,2025-02-04,1381.02,Direct Manufacturer Store,2025-02-04,2028-02-04,AssureX Extended Guard,Extended,2025-11-12,2025-11-17,Manufacturing Defect,Device shut down unexpectedly and fails to power back on under normal conditions.,Manufacturing,9,814,1,True,True,True,True,True,True,0,False,False,False,False,Likely Valid
CLM-00367,PRD-11777,Mirrorless Camera Body,Electronics,HP,HP-ELE-779,SNHP610125,SNHP610125,SNHP610125,2024-07-01,1379.55,Target,2024-07-01,2026-07-01,HP Care Protection,Standard,2025-10-16,2025-10-22,Display Defect,Vertical colored line artifacts appeared across OLED panel without impact.,Manufacturing,15,258,1,True,True,True,True,True,True,0,False,False,False,False,Likely Valid
CLM-02090,PRD-47281,Tablet 11-inch Display,Electronics,Sony,SON-ELE-200,SNSO152327,SNSO152327,SNSO152327,2024-08-30,710.27,Amazon Electronics,2024-08-30,2026-08-30,Sony Care Protection,Standard,2025-06-09,2025-06-13,Component Failure,Sensor module stopped transmitting readings to the main board.,Electrical Failure,9,447,0,True,True,True,True,False,False,1,False,False,False,False,Manual Review Required
CLM-02339,PRD-30667,Convection Microwave Oven,Appliances,Maytag,MAY-APP-272,SNMA461629,SNMA461629,SNMA461629,2023-12-22,293.47,Home Depot,2023-12-22,2026-12-21,Maytag Care Protection,Standard,2025-11-04,2025-11-14,Motor Failure,Drive motor hums loudly but will not spin drum under normal load.,Manufacturing,22,412,0,True,True,True,True,True,False,0,False,False,False,False,Likely Valid
CLM-01735,PRD-54253,Convection Microwave Oven,Appliances,KitchenAid,KIT-APP-560,SNKI490672,SNKI490672,SNKI490672,2025-02-02,280.75,Direct Factory Outlet,2025-02-02,2028-02-02,KitchenAid Care Protection,Standard,2025-10-10,2025-10-17,Compressor Failure,"Cooling cycle fails to start, compressor is non-responsive.",Manufacturing,8,845,0,True,True,True,True,True,False,0,False,False,False,False,Likely Valid
CLM-01464,PRD-80703,Tablet 11-inch Display,Electronics,Asus,ASU-ELE-672,SNAS145418,SNAS145418,SNAS145418,2024-02-20,569.8,B&H Photo,2024-02-20,2027-02-19,AssureX Extended Guard,Extended,2026-12-09,2026-12-19,Electrical Failure,Internal circuit shorted during regular use with standard power supply.,Component Failure,33,72,1,False,True,True,True,True,False,1,False,False,False,False,Manual Review Required
CLM-01434,PRD-10061,Electric Range Oven,Appliances,Samsung,SAM-APP-736,SNSA951334,SNSA951334,SNSA951334,2024-03-19,1330.35,Lowe's,2024-03-19,2027-03-19,Samsung Care Protection,Standard,2025-01-22,2025-02-03,Power Surge Damage,Unspecified system degradation observed during normal operating routine.,Power Surge Damage,10,786,0,True,True,True,True,True,False,0,False,False,True,False,Likely Invalid
CLM-00576,PRD-54223,Ceramic Brake Pad Set,Automotive,Denso,DEN-AUT-609,SNDE302542,SNDE302542,SNDE302542,2024-12-07,130.97,RockAuto,2024-12-07,2026-12-07,AssureX Extended Guard,Extended,2025-05-05,2025-05-14,Manufacturing Defect,Internal solder joint loosened causing intermittent power disconnects.,Component Failure,4,581,1,False,True,True,True,True,False,1,False,False,False,False,Manual Review Required
CLM-00564,PRD-92215,Gaming Desktop Rig,Electronics,Dell,DEL-ELE-290,SNDE989092,SNDE989092,SNDE989092,2024-08-24,1956.24,Target,2024-08-24,2026-08-24,Dell Care Protection,Standard,2025-06-19,2025-06-26,Software Malfunction,Main OS freezes on start screen; hardware diagnostic passes.,Manufacturing,9,431,0,True,False,True,True,True,False,1,False,False,False,False,Likely Invalid
CLM-00252,PRD-61612,Smart Dishwasher 24-inch,Appliances,KitchenAid,KIT-APP-389,SNKI830203,SNKI830203,SNKI830203,2023-06-01,914.42,Direct Factory Outlet,2023-06-01,2026-05-31,KitchenAid Care Protection,Standard,2024-10-08,2024-10-21,Electrical Wiring Defect,Unspecified system degradation observed during normal operating routine.,Electrical,16,600,0,True,True,True,True,True,False,0,False,False,False,False,Likely Valid
CLM-01980,PRD-21115,ProBook Laptop 15-inch,Electronics,Lenovo,LEN-ELE-723,SNLE945821,SNLE945821,SNLE945821,2023-07-07,874.14,Target,2023-07-07,2026-07-06,AssureX Extended Guard,Extended,2024-05-12,2024-05-21,Component Failure,Cooling fan bearing seized up leading to emergency thermal shutdown.,Component Failure,10,785,1,False,True,True,True,True,False,1,False,False,False,True,Manual Review Required
CLM-01452,PRD-65881,Active Noise Cancelling Headphones,Electronics,Lenovo,LEN-ELE-787,SNLE247455,SNLE247455,SNLE247455,2023-11-08,333.05,Direct Manufacturer Store,2023-11-08,2025-11-07,Lenovo Care Protection,Standard,2024-04-22,2024-04-24,Electrical Failure,Internal circuit shorted during regular use with standard power supply.,Electrical,5,564,0,True,True,True,True,True,False,0,False,False,False,False,Likely Valid
CLM-01846,PRD-85160,High Output Alternator,Automotive,Monroe,MON-AUT-989,SNMO565713,SNMO565713,SNMO565713,2024-11-25,396.36,NAPA Auto Parts,2024-11-25,2026-11-25,AssureX Extended Guard,Extended,2025-04-21,2025-04-28,Manufacturing Defect,Factory assembly defect leading to unprovoked system failure.,Manufacturing,4,583,3,True,True,True,True,True,True,0,False,False,False,False,Manual Review Required
CLM-01412,PRD-96455,Active Noise Cancelling Headphones,Electronics,Apple,APP-ELE-613,SNAP855095,SNAP855095,SNAP855095,2023-09-08,250.47,B&H Photo,2023-09-08,2025-09-07,Apple Care Protection,Standard,2024-04-21,2024-04-24,Display Defect,Vertical colored line artifacts appeared across OLED panel without impact.,Manufacturing,7,504,0,True,True,True,True,True,False,0,False,False,False,False,Likely Valid
CLM-02341,PRD-96089,Heavy-Duty Clothes Dryer,Appliances,KitchenAid,KIT-APP-817,SNKI712344,SNKI712344,SNKI712344,2024-03-31,768.42,Costco,2024-03-31,2027-03-31,KitchenAid Care Protection,Standard,2025-11-27,2025-12-02,Compressor Failure,Compressor clicking repeatedly and unable to compress refrigerant.,Manufacturing,19,489,0,True,True,True,True,True,False,0,False,False,False,False,Likely Valid
CLM-01114,PRD-92142,OLED 4K Smart TV,Electronics,Lenovo,LEN-ELE-528,SNLE619356,SNLE619356,SNLE619356,2023-01-06,1213.02,Direct Manufacturer Store,2023-01-06,2025-01-05,Lenovo Care Protection,Standard,2023-07-22,2023-07-31,Display Defect,Backlight flickering continuously on left half of screen.,Manufacturing,6,533,0,True,True,True,True,True,False,0,False,False,False,False,Likely Valid
CLM-00739,PRD-25022,Gaming Desktop Rig,Electronics,Samsung,SAM-ELE-361,SNSA779831,SNSA779831,SNSA779831,2024-09-21,2020.39,BestBuy,2024-09-21,2026-09-21,Samsung Care Protection,Standard,2026-01-25,2026-01-30,Electrical Failure,Capacitor blown on the primary controller board without power surge.,Electrical,16,239,0,True,True,True,True,True,False,0,False,False,False,False,Likely Valid
CLM-00260,PRD-21090,Ceramic Brake Pad Set,Automotive,Denso,DEN-AUT-675,SNDE369232,SNDE369232,SNDE369232,2023-07-13,142.87,AutoZone,2023-07-13,2024-07-12,Denso Care Protection,Standard,2023-12-07,2023-12-16,Premature Wear,"Brake pad friction compound deteriorated within 2,000 miles of highway driving.",Manufacturing,4,218,0,True,True,True,True,True,False,0,False,False,False,False,Likely Valid
CLM-00273,PRD-49213,Electric Range Oven,Appliances,Bosch,BOS-APP-971,SNBO903643,SNBO903643,SNBO903643,2025-01-20,1312.43,Sears Appliance Outlet,2025-01-20,2028-01-20,Bosch Care Protection,Standard,2025-01-04,2025-01-25,Control Board Failure,Unspecified system degradation observed during normal operating routine.,Manufacturing,0,1111,0,True,True,True,True,True,False,0,False,True,False,False,Manual Review Required
CLM-01119,PRD-44336,Front-Load Washing Machine,Appliances,Samsung,SAM-APP-457,SNSA377356,SNSA377356,SNSA377356,2023-04-16,990.26,Home Depot,2023-04-16,2026-04-15,Samsung Care Protection,Standard,2023-11-06,2023-11-16,Accidental Damage,Heavy object fell directly on top of the chassis during home move.,Accidental Damage,6,891,0,True,True,True,True,True,False,0,False,False,True,False,Likely Invalid
CLM-00282,PRD-39068,OLED 4K Smart TV,Electronics,Samsung,SAM-ELE-489,SNSA527082,SNSA527082,SNSA527082,2024-06-06,1271.99,Amazon Electronics,2024-06-06,2027-06-06,AssureX Extended Guard,Extended,2026-03-22,2026-03-23,Display Defect,Backlight flickering continuously on left half of screen.,Manufacturing,21,441,0,True,True,True,True,True,False,0,False,False,False,False,Likely Valid
CLM-00386,PRD-71833,Gaming Desktop Rig,Electronics,LG,LG-ELE-169,SNLG980096,SNLG980096,SNLG980096,2023-10-08,2049.9,Target,2023-10-08,2025-10-07,LG Care Protection,Standard,2024-03-31,2024-04-12,Software Malfunction,Main OS freezes on start screen; hardware diagnostic passes.,Manufacturing,5,555,0,True,True,True,True,True,False,0,False,False,False,False,Likely Valid
CLM-02406,PRD-77390,Smart Watch Series 7,Electronics,Samsung,SAM-ELE-261,SNSA880371,SNSA880371,SNSA880371,2023-01-23,402.05,Amazon Electronics,2023-01-23,2025-01-22,Samsung Care Protection,Standard,2023-08-26,2023-09-07,Component Failure,Cooling fan bearing seized up leading to emergency thermal shutdown.,Manufacturing,7,515,0,True,True,True,True,True,False,0,False,False,False,False,Likely Valid
CLM-01248,PRD-95727,Heavy-Duty Starter Motor,Automotive,Continental Auto,CON-AUT-890,SNCO709137,SNCO709137,SNCO709137,2025-03-04,316.78,Advance Auto Parts,2025-03-04,2026-03-04,Continental Auto Care Protection,Standard,2025-04-03,2025-04-07,Electrical Component Failure,Unspecified system degradation observed during normal operating routine.,Manufacturing,0,335,0,True,False,True,True,True,False,1,False,False,False,False,Likely Invalid
CLM-02187,PRD-28525,OLED 4K Smart TV,Electronics,Lenovo,LEN-ELE-687,SNLE974367,SNLE974367,SNLE974367,2024-01-28,1495.99,Amazon Electronics,2024-01-28,2027-01-27,AssureX Extended Guard,Extended,2027-06-08,2027-06-28,Electrical Failure,No current flowing to main motor despite active input power.,Manufacturing,40,-132,0,True,True,True,True,True,False,0,False,False,False,False,Likely Invalid
CLM-01788,PRD-65936,Active Noise Cancelling Headphones,Electronics,Asus,ASU-ELE-185,SNAS280108,SNAS280108,SNAS280108,2024-07-02,309.31,Amazon Electronics,2024-07-02,2026-07-02,Asus Care Protection,Standard,2025-07-24,2025-07-30,Electrical Failure,Internal circuit shorted during regular use with standard power supply.,Electrical,12,343,1,True,True,True,True,True,True,0,False,False,False,False,Likely Valid
CLM-01130,PRD-45373,OLED 4K Smart TV,Electronics,Lenovo,LEN-ELE-247,SNLE458949,SNLE458949,SNLE458949,2023-05-08,1106.92,Direct Manufacturer Store,2023-05-08,2025-05-07,Lenovo Care Protection,Standard,2024-09-03,2024-09-18,Manufacturing Defect,Factory assembly defect leading to unprovoked system failure.,Manufacturing,15,246,0,True,True,True,True,True,False,0,False,False,False,False,Likely Valid
CLM-02122,PRD-40025,French Door Refrigerator,Appliances,Maytag,MAY-APP-868,SNMA566431,SNMA566431,SNMA566431,2024-03-05,1517.52,Sears Appliance Outlet,2024-03-05,2028-03-05,AssureX Extended Guard,Extended,2024-08-09,2024-08-22,Electrical Wiring Defect,Unspecified system degradation observed during normal operating routine.,Unauthorized Modification,5,1304,3,False,True,True,True,True,False,1,False,False,True,False,Likely Invalid
CLM-02004,PRD-27519,Smart Watch Series 7,Electronics,Apple,APP-ELE-668,SNAP928517,SNAP928517,SNAP928517,2024-10-24,380.9,Target,2024-10-24,2026-10-24,Apple Care Protection,Standard,2026-07-29,2026-08-02,Water Damage,Submerged in water during heavy basement storm leak.,Water Damage,21,87,0,True,True,True,True,True,False,0,False,False,True,False,Likely Invalid
CLM-00867,PRD-74092,Active Noise Cancelling Headphones,Electronics,Lenovo,LEN-ELE-202,SNLE571152,SNLE571152,SNLE571152,2023-09-09,282.65,BestBuy,2023-09-09,2026-09-08,AssureX Extended Guard,Extended,2024-01-04,2024-01-13,Manufacturing Defect,Factory assembly defect leading to unprovoked system failure.,Manufacturing,3,978,3,True,True,True,True,True,True,0,False,False,False,False,Manual Review Required
CLM-00159,PRD-76294,Smart Watch Series 7,Electronics,Asus,ASU-ELE-849,SNAS537174,SNAS537174,SNAS537174,2023-07-17,470.63,Amazon Electronics,2023-07-17,2026-07-16,AssureX Extended Guard,Extended,2024-05-06,2024-05-18,Display Defect,Vertical colored line artifacts appeared across OLED panel without impact.,Unauthorized Modification,9,801,4,False,True,True,True,True,False,1,False,False,True,False,Likely Invalid
CLM-02203,PRD-35770,Smart Watch Series 7,Electronics,HP,HP-ELE-908,SNHP751223,SNHP751223,SNHP751223,2023-01-22,343.87,Amazon Electronics,2023-01-22,2025-01-21,HP Care Protection,Standard,2023-02-24,2023-03-06,Software Malfunction,System firmware entered boot loop following manufacturer OTA update.,Component Failure,1,697,1,False,True,True,True,True,False,1,False,False,False,False,Manual Review Required
CLM-02248,PRD-51295,Electric Range Oven,Appliances,LG,LG-APP-348,SNLG694919,SNLG694919,SNLG694919,2024-12-18,1241.6,Sears Appliance Outlet,2024-12-18,2027-12-18,LG Care Protection,Standard,2026-01-22,2026-01-24,Control Board Failure,Unspecified system degradation observed during normal operating routine.,Manufacturing,13,695,0,True,False,True,True,True,False,1,False,False,False,False,Likely Invalid
CLM-00836,PRD-52726,Galaxy Ultra Smartphone,Electronics,Dell,DEL-ELE-342,SNDE237497,SNDE237497,SNDE237497,2024-05-08,1105.95,BestBuy,2024-05-08,2026-05-08,Dell Care Protection,Standard,2024-12-09,2024-12-10,Software Malfunction,System firmware entered boot loop following manufacturer OTA update.,Manufacturing,7,515,0,True,True,True,True,True,False,0,False,False,False,False,Likely Valid
CLM-01359,PRD-77321,Heavy-Duty Starter Motor,Automotive,Bosch Auto,BOS-AUT-113,SNBO269409,SNBO269409,SNBO269409,2023-05-27,314.35,AutoZone,2023-05-27,2025-05-26,AssureX Extended Guard,Extended,2025-08-27,2025-09-01,Premature Wear,Bushing cracked prematurely during regular non-commercial transit.,Manufacturing,27,-93,0,True,True,True,True,True,False,0,False,False,False,False,Likely Invalid
CLM-01378,PRD-28435,Electronic Fuel Injector Kit,Automotive,K&N,K&N-AUT-534,SNK&361985,SNK&361985,SNK&361985,2023-07-19,391.58,RockAuto,2023-07-19,2024-07-18,K&N Care Protection,Standard,2024-04-16,2024-04-19,Material Failure,Unspecified system degradation observed during normal operating routine.,Manufacturing,8,93,0,True,True,False,True,True,False,1,False,False,False,False,Likely Valid
CLM-01110,PRD-81395,Smart Watch Series 7,Electronics,Dell,DEL-ELE-597,SNDE290537,SNDE290537,SNDE290537,2024-10-17,412.08,Amazon Electronics,2024-10-17,2027-10-17,AssureX Extended Guard,Extended,2024-11-25,2024-12-01,Electrical Failure,Internal circuit shorted during regular use with standard power supply.,Unauthorized Modification,1,1056,3,False,True,True,True,True,False,1,False,False,True,False,Likely Invalid
CLM-00166,PRD-68226,OLED 4K Smart TV,Electronics,Apple,APP-ELE-381,SNAP924974,SNAP924974,SNAP924974,2023-05-12,1118.79,Direct Manufacturer Store,2023-05-12,2025-05-11,Apple Care Protection,Standard,2024-03-21,2024-03-31,Manufacturing Defect,Internal solder joint loosened causing intermittent power disconnects.,Manufacturing,10,416,0,True,True,True,True,True,False,0,False,False,False,False,Likely Valid
CLM-01177,PRD-75361,OLED 4K Smart TV,Electronics,Samsung,SAM-ELE-433,SNSA117905,SNSA117905,SNSA117905,2024-10-15,1413.69,B&H Photo,2024-10-15,2026-10-15,Samsung Care Protection,Standard,2026-03-01,2026-03-04,Component Failure,Sensor module stopped transmitting readings to the main board.,Manufacturing,16,228,1,True,True,True,True,True,True,0,False,False,False,False,Likely Valid
CLM-01472,PRD-90608,Front-Load Washing Machine,Appliances,Bosch,BOS-APP-394,SNBO916818,SNBO916818,SNBO916818,2024-07-23,812.94,Home Depot,2024-07-23,2027-07-23,Bosch Care Protection,Standard,2025-06-17,2025-07-02,Compressor Failure,"Cooling cycle fails to start, compressor is non-responsive.",Manufacturing,10,766,1,True,True,True,True,True,True,0,False,False,False,False,Likely Valid
CLM-00200,PRD-66689,Performance Shock Absorbers,Automotive,ACDelco,ACD-AUT-736,SNAC452713,SNAC452713,SNAC452713,2024-09-27,387.77,NAPA Auto Parts,2024-09-27,2025-09-27,ACDelco Care Protection,Standard,2025-06-13,2025-06-21,Material Failure,Unspecified system degradation observed during normal operating routine.,Manufacturing,8,106,0,True,True,True,True,True,False,0,False,False,False,False,Likely Valid
CLM-01931,PRD-51505,Smart Dishwasher 24-inch,Appliances,Samsung,SAM-APP-789,SNSA382089,SNSA382089,SNSA382089,2024-11-17,881.12,Costco,2024-11-17,2027-11-17,Samsung Care Protection,Standard,2026-07-11,2026-07-19,Thermostat Malfunction,Temperature reading fluctuating wildly causing erratic operation.,Manufacturing,19,494,0,True,True,True,True,True,False,0,False,False,False,False,Likely Valid
CLM-00199,PRD-43361,Electronic Fuel Injector Kit,Automotive,ACDelco,ACD-AUT-685,SNAC264845,SNAC264845,SNAC264845,2025-05-05,514.16,O'Reilly Auto,2025-05-05,2026-05-05,ACDelco Care Protection,Standard,2025-08-01,2025-08-14,Manufacturing Defect,Device shut down unexpectedly and fails to power back on under normal conditions.,Manufacturing,2,277,0,True,True,True,True,True,False,0,False,False,False,False,Likely Valid
CLM-00014,PRD-52567,Mirrorless Camera Body,Electronics,Apple,APP-ELE-472,SNAP511122,SNAP511122,SNAP511122,2024-12-05,1338.84,B&H Photo,2024-12-05,2027-12-05,AssureX Extended Guard,Extended,2025-06-17,2025-06-19,Component Failure,Cooling fan bearing seized up leading to emergency thermal shutdown.,Manufacturing,6,901,1,True,True,True,True,True,True,0,False,False,False,False,Likely Valid
CLM-00087,PRD-76085,Performance Shock Absorbers,Automotive,Denso,DEN-AUT-104,SNDE860583,SNDE860583,SNDE860583,2025-01-07,338.0,Advance Auto Parts,2025-01-07,2026-01-07,Denso Care Protection,Standard,2025-09-19,2025-09-30,Accidental Damage,Dropped on concrete driveway resulting in shattered enclosure and severed cable.,Accidental Damage,8,110,0,True,True,True,True,True,False,0,False,False,True,False,Likely Invalid
CLM-01156,PRD-67924,Front-Load Washing Machine,Appliances,Maytag,MAY-APP-382,SNMA180308,SNMA180308,SNMA180308,2024-09-27,1047.67,Direct Factory Outlet,2024-09-27,2028-09-27,AssureX Extended Guard,Extended,2026-10-08,2026-10-22,Compressor Failure,"Cooling cycle fails to start, compressor is non-responsive.",Manufacturing,24,720,0,True,True,True,True,True,False,0,False,False,False,False,Likely Valid
CLM-01345,PRD-78549,Performance Shock Absorbers,Automotive,Monroe,MON-AUT-202,SNMO262200,SNMO262200,SNMO262200,2024-08-24,464.12,RockAuto,2024-08-24,2025-08-24,Monroe Care Protection,Standard,2025-02-24,2025-03-09,Premature Wear,Bushing cracked prematurely during regular non-commercial transit.,Manufacturing,6,181,0,True,True,True,True,True,False,0,False,False,False,False,Likely Valid
CLM-00747,PRD-90425,High Output Alternator,Automotive,Bosch Auto,BOS-AUT-389,SNBO364344,SNBO364344,SNBO364344,2025-04-03,399.12,RockAuto,2025-04-03,2026-04-03,Bosch Auto Care Protection,Standard,2026-01-12,2026-01-21,Manufacturing Defect,Device shut down unexpectedly and fails to power back on under normal conditions.,Electrical Failure,9,81,0,True,True,True,True,False,False,1,False,False,False,False,Manual Review Required
CLM-02040,PRD-87021,Electric Range Oven,Appliances,Whirlpool,WHI-APP-675,SNWH791000,SNWH791000,SNWH791000,2023-12-01,1186.92,Sears Appliance Outlet,2023-12-01,2026-11-30,Whirlpool Care Protection,Standard,2024-12-03,2024-12-06,Control Board Failure,Unspecified system degradation observed during normal operating routine.,Manufacturing,12,727,0,True,True,False,True,True,False,1,False,False,False,False,Likely Valid
CLM-01353,PRD-56813,High Output Alternator,Automotive,Denso,DEN-AUT-754,SNDE417249,SNDE417249,SNDE417249,2024-10-24,398.38,O'Reilly Auto,2024-10-24,2025-10-24,Denso Care Protection,Standard,2024-09-25,2024-11-13,Seal or Gasket Failure,Unspecified system degradation observed during normal operating routine.,Manufacturing,0,394,0,True,True,True,True,True,False,0,False,True,False,True,Manual Review Required
CLM-02013,PRD-36058,Heavy-Duty Starter Motor,Automotive,Brembo,BRE-AUT-638,SNBR100233,SNBR100233,SNBR100233,2024-10-03,253.01,Advance Auto Parts,2024-10-03,2025-10-03,Brembo Care Protection,Standard,2025-01-21,2025-02-03,Manufacturing Defect,Factory assembly defect leading to unprovoked system failure.,Unauthorized Modification,3,255,3,False,True,True,True,True,False,1,False,False,True,False,Likely Invalid
CLM-00943,PRD-67389,Ceramic Brake Pad Set,Automotive,Denso,DEN-AUT-579,SNDE411185,SNDE411185,SNDE411185,2024-02-02,112.24,O'Reilly Auto,2024-02-02,2025-02-01,Denso Care Protection,Standard,2024-01-21,2024-02-20,Seal or Gasket Failure,Unspecified system degradation observed during normal operating routine.,Manufacturing,0,377,0,True,True,True,True,True,False,0,False,True,False,False,Manual Review Required
CLM-00751,PRD-80120,Active Noise Cancelling Headphones,Electronics,Apple,APP-ELE-520,SNAP146008,SNAP146008,SNAP146008,2023-04-23,260.96,Target,2023-04-23,2025-04-22,Apple Care Protection,Standard,2023-10-08,2023-10-12,Electrical Failure,No current flowing to main motor despite active input power.,Unauthorized Modification,5,562,2,False,True,True,True,True,False,1,False,False,True,False,Likely Invalid
CLM-00843,PRD-33809,Front-Load Washing Machine,Appliances,GE Appliances,GE -APP-847,SNGE207216,SNGE207216,SNGE207216,2024-11-13,855.95,Direct Factory Outlet,2024-11-13,2027-11-13,GE Appliances Care Protection,Standard,2027-07-31,2027-08-03,Manufacturing Defect,Internal solder joint loosened causing intermittent power disconnects.,Electrical Failure,32,105,0,True,True,True,True,False,False,1,False,False,False,False,Manual Review Required
CLM-01583,PRD-88348,Active Noise Cancelling Headphones,Electronics,LG,LG-ELE-743,SNLG724042,SNLG724042,SNLG724042,2024-08-09,266.91,Direct Manufacturer Store,2024-08-09,2026-08-09,LG Care Protection,Standard,2024-12-24,2025-01-02,Accidental Damage,Dropped on concrete driveway resulting in shattered enclosure and severed cable.,Accidental Damage,4,593,0,True,True,True,True,True,False,0,False,False,True,False,Likely Invalid
CLM-00308,PRD-79133,High Output Alternator,Automotive,ACDelco,ACD-AUT-883,SNAC291285,SNAC291285,SNAC291285,2024-04-10,352.89,Advance Auto Parts,2024-04-10,2026-04-10,AssureX Extended Guard,Extended,2025-02-23,2025-03-07,Material Failure,Unspecified system degradation observed during normal operating routine.,Manufacturing,10,411,0,True,True,True,True,True,False,0,False,False,False,False,Likely Valid
CLM-01057,PRD-79716,French Door Refrigerator,Appliances,KitchenAid,KIT-APP-146,SNKI398133,SNKI398133,SNKI398133,2023-12-04,1464.38,Sears Appliance Outlet,2023-12-04,2026-12-03,KitchenAid Care Protection,Standard,2026-09-23,2026-10-02,Electrical Wiring Defect,Unspecified system degradation observed during normal operating routine.,Manufacturing,33,71,0,True,False,True,True,True,False,1,False,False,False,False,Likely Invalid
CLM-00346,PRD-56257,Ceramic Brake Pad Set,Automotive,Monroe,MON-AUT-721,SNMO501652,SNMO501652,SNMO501652,2024-08-03,122.61,RockAuto,2024-08-03,2025-08-03,Monroe Care Protection,Standard,2025-01-19,2025-01-22,Manufacturing Defect,Factory assembly defect leading to unprovoked system failure.,Manufacturing,5,196,0,True,True,True,True,True,False,0,False,False,False,False,Likely Valid
CLM-00320,PRD-76314,Performance Shock Absorbers,Automotive,K&N,K&N-AUT-421,SNK&491835,SNK&491835,SNK&491835,2024-11-30,335.69,NAPA Auto Parts,2024-11-30,2025-11-30,K&N Care Protection,Standard,2025-07-16,2025-07-17,Seal or Gasket Failure,Unspecified system degradation observed during normal operating routine.,Manufacturing,7,137,0,True,True,True,True,True,False,0,False,False,False,False,Likely Valid
CLM-01715,PRD-66665,OLED 4K Smart TV,Electronics,Apple,APP-ELE-688,SNAP139778,SNAP139778,SNAP139778,2024-04-11,1357.52,BestBuy,2024-04-11,2027-04-11,AssureX Extended Guard,Extended,2024-09-26,2024-10-10,Software Malfunction,System firmware entered boot loop following manufacturer OTA update.,Unauthorized Modification,5,927,3,False,True,True,True,True,False,1,False,False,True,False,Likely Invalid
CLM-00933,PRD-16998,Smart Watch Series 7,Electronics,Apple,APP-ELE-442,SNAP637108,SNAP637108,SNAP637108,2024-02-15,432.94,Target,2024-02-15,2026-02-14,Apple Care Protection,Standard,2024-07-29,2024-07-31,Display Defect,Backlight flickering continuously on left half of screen.,Manufacturing,5,565,0,True,False,True,True,True,False,1,False,False,False,False,Likely Invalid
CLM-00920,PRD-31991,Electric Range Oven,Appliances,GE Appliances,GE -APP-150,SNGE846261,SNGE846261,SNGE846261,2023-08-15,1189.35,Lowe's,2023-08-15,2026-08-14,GE Appliances Care Protection,Standard,2024-03-11,2024-03-25,Manufacturing Defect,Device shut down unexpectedly and fails to power back on under normal conditions.,Manufacturing,6,886,0,True,True,False,True,True,False,1,False,False,False,False,Likely Valid
CLM-00072,PRD-79000,Heavy-Duty Starter Motor,Automotive,Bosch Auto,BOS-AUT-156,SNBO737692,SNBO737667,SNBO737692,2023-12-12,287.7,RockAuto,2023-12-12,2024-12-11,Bosch Auto Care Protection,Standard,2024-01-22,2024-01-24,Seal or Gasket Failure,Unspecified system degradation observed during normal operating routine.,Manufacturing,1,324,0,True,True,True,True,True,False,0,True,False,False,False,Manual Review Required
CLM-02332,PRD-14117,OLED 4K Smart TV,Electronics,Asus,ASU-ELE-848,SNAS266037,SNAS266037,SNAS266037,2024-01-09,1348.39,BestBuy,2024-01-09,2027-01-08,AssureX Extended Guard,Extended,2025-10-31,2025-11-12,Component Failure,Cooling fan bearing seized up leading to emergency thermal shutdown.,Manufacturing,21,434,1,True,True,True,True,True,True,0,False,False,False,False,Likely Valid
CLM-00891,PRD-34455,Convection Microwave Oven,Appliances,Bosch,BOS-APP-836,SNBO527433,SNBO527433,SNBO527433,2024-01-22,386.49,Sears Appliance Outlet,2024-01-22,2027-01-21,Bosch Care Protection,Standard,2025-12-09,2025-12-18,Electrical Wiring Defect,Unspecified system degradation observed during normal operating routine.,Manufacturing,22,408,0,True,False,True,True,True,False,1,False,False,False,False,Likely Invalid
CLM-00807,PRD-20374,Front-Load Washing Machine,Appliances,Bosch,BOS-APP-453,SNBO520806,SNBO520806,SNBO520806,2024-12-22,759.46,Direct Factory Outlet,2024-12-22,2027-12-22,Bosch Care Protection,Standard,2025-12-30,2026-01-13,Motor Failure,Drive motor hums loudly but will not spin drum under normal load.,Manufacturing,12,722,0,True,True,True,True,True,False,0,False,False,False,False,Likely Valid
CLM-00746,PRD-96283,Heavy-Duty Starter Motor,Automotive,Continental Auto,CON-AUT-634,SNCO367188,SNCO367188,SNCO367188,2025-03-13,292.75,O'Reilly Auto,2025-03-13,2026-03-13,Continental Auto Care Protection,Standard,2025-11-04,2025-11-05,Manufacturing Defect,Factory assembly defect leading to unprovoked system failure.,Electrical Failure,7,129,0,True,True,True,True,False,False,1,False,False,False,False,Manual Review Required
CLM-00930,PRD-34480,Smart Watch Series 7,Electronics,HP,HP-ELE-969,SNHP761714,SNHP761714,SNHP761714,2024-08-13,422.46,Direct Manufacturer Store,2024-08-13,2026-08-13,HP Care Protection,Standard,2024-12-01,2024-12-10,Manufacturing Defect,Factory assembly defect leading to unprovoked system failure.,Manufacturing,3,620,0,True,False,True,True,True,False,1,False,False,False,False,Likely Invalid
CLM-02459,PRD-91842,Heavy-Duty Starter Motor,Automotive,Brembo,BRE-AUT-642,SNBR777763,SNBR777763,SNBR777763,2025-02-04,223.07,AutoZone,2025-02-04,2027-02-04,AssureX Extended Guard,Extended,2025-08-16,2025-08-18,Premature Wear,Bushing cracked prematurely during regular non-commercial transit.,Electrical Failure,6,537,0,True,True,True,True,False,False,1,False,False,False,False,Manual Review Required
CLM-01366,PRD-66922,Galaxy Ultra Smartphone,Electronics,HP,HP-ELE-568,SNHP418814,SNHP418814,SNHP418814,2024-04-22,1189.4,B&H Photo,2024-04-22,2026-04-22,HP Care Protection,Standard,2025-09-27,2025-10-04,Manufacturing Defect,Device shut down unexpectedly and fails to power back on under normal conditions.,Manufacturing,17,207,1,True,True,True,True,True,True,0,False,False,False,False,Likely Valid
CLM-01159,PRD-56781,Smart Dishwasher 24-inch,Appliances,Samsung,SAM-APP-719,SNSA874116,SNSA874116,SNSA874116,2024-02-03,862.86,Lowe's,2024-02-03,2027-02-02,Samsung Care Protection,Standard,2027-06-04,2027-06-14,Compressor Failure,Compressor clicking repeatedly and unable to compress refrigerant.,Manufacturing,39,-122,0,True,True,True,True,True,False,0,False,False,False,False,Likely Invalid
CLM-02381,PRD-56984,Heavy-Duty Clothes Dryer,Appliances,Bosch,BOS-APP-654,SNBO768363,SNBO768363,SNBO768363,2023-04-16,761.0,Lowe's,2023-04-16,2026-04-15,Bosch Care Protection,Standard,2023-12-24,2024-01-08,Electrical Wiring Defect,Unspecified system degradation observed during normal operating routine.,Electrical,8,843,0,True,True,True,True,True,False,0,False,False,False,False,Likely Valid
CLM-02378,PRD-19219,Smart Watch Series 7,Electronics,HP,HP-ELE-887,SNHP868937,SNHP868937,SNHP868937,2023-03-28,341.22,BestBuy,2023-03-28,2025-03-27,HP Care Protection,Standard,2024-03-01,2024-03-05,Display Defect,Backlight flickering continuously on left half of screen.,Manufacturing,11,391,0,True,True,True,True,True,False,0,False,False,False,False,Likely Valid
CLM-00989,PRD-50494,Convection Microwave Oven,Appliances,Bosch,BOS-APP-936,SNBO221995,SNBO221995,SNBO221995,2023-11-28,310.53,Sears Appliance Outlet,2023-11-28,2026-11-27,Bosch Care Protection,Standard,2026-04-21,2026-04-25,Control Board Failure,Cooling fan bearing seized up leading to emergency thermal shutdown.,Component Failure,28,220,1,False,True,True,True,True,False,1,False,False,False,False,Manual Review Required
CLM-00056,PRD-46591,Electric Range Oven,Appliances,Maytag,MAY-APP-600,SNMA326956,SNMA326956,SNMA326956,2023-01-23,1195.3,Costco,2023-01-23,2027-01-23,AssureX Extended Guard,Extended,2024-07-11,2024-07-15,Compressor Failure,"Cooling cycle fails to start, compressor is non-responsive.",Electrical Failure,17,926,0,True,True,True,True,False,False,1,False,False,False,False,Manual Review Required
CLM-00491,PRD-49850,Galaxy Ultra Smartphone,Electronics,HP,HP-ELE-312,SNHP884346,SNHP884346,SNHP884346,2024-03-29,1242.7,B&H Photo,2024-03-29,2026-03-29,HP Care Protection,Standard,2025-03-04,2025-03-15,Component Failure,Cooling fan bearing seized up leading to emergency thermal shutdown.,Manufacturing,11,390,0,True,True,False,True,True,False,1,False,False,False,False,Likely Valid
CLM-00092,PRD-56674,Electric Range Oven,Appliances,Maytag,MAY-APP-707,SNMA386232,SNMA386232,SNMA386232,2025-01-09,1267.77,Costco,2025-01-09,2029-01-09,AssureX Extended Guard,Extended,2027-12-22,2027-12-27,Motor Failure,Drive motor hums loudly but will not spin drum under normal load.,Unauthorized Modification,35,384,3,False,True,True,True,True,False,1,False,False,True,False,Likely Invalid
CLM-00877,PRD-67264,Active Noise Cancelling Headphones,Electronics,LG,LG-ELE-338,SNLG971279,SNLG971279,SNLG971279,2023-10-12,257.51,B&H Photo,2023-10-12,2025-10-11,LG Care Protection,Standard,2025-02-09,2025-02-21,Display Defect,Vertical colored line artifacts appeared across OLED panel without impact.,Manufacturing,15,244,0,True,True,True,True,True,False,0,False,False,False,False,Likely Valid
CLM-01547,PRD-63265,Ceramic Brake Pad Set,Automotive,Bosch Auto,BOS-AUT-543,SNBO180708,SNBO180708,SNBO180708,2024-01-13,125.64,O'Reilly Auto,2024-01-13,2025-01-12,Bosch Auto Care Protection,Standard,2024-05-24,2024-06-07,Manufacturing Defect,Factory assembly defect leading to unprovoked system failure.,Unauthorized Modification,4,233,2,False,True,True,True,True,False,1,False,False,True,False,Likely Invalid
CLM-00433,PRD-51799,Active Noise Cancelling Headphones,Electronics,HP,HP-ELE-778,SNHP545503,SNHP545503,SNHP545503,2023-06-26,250.97,Target,2023-06-26,2025-06-25,HP Care Protection,Standard,2024-10-03,2024-10-10,Electrical Failure,No current flowing to main motor despite active input power.,Electrical,15,265,1,True,True,True,True,True,True,0,False,False,False,False,Likely Valid
CLM-00034,PRD-56073,Electronic Fuel Injector Kit,Automotive,Bosch Auto,BOS-AUT-200,SNBO650779,SNBO650779,SNBO650779,2023-12-07,374.46,NAPA Auto Parts,2023-12-07,2024-12-06,Bosch Auto Care Protection,Standard,2024-04-13,2024-04-14,Manufacturing Defect,Factory assembly defect leading to unprovoked system failure.,Manufacturing,4,237,0,True,False,True,True,True,False,1,False,False,False,False,Likely Invalid
CLM-02108,PRD-85671,French Door Refrigerator,Appliances,GE Appliances,GE -APP-252,SNGE500056,SNGE500056,SNGE500056,2023-05-19,1878.31,Home Depot,2023-05-19,2027-05-19,AssureX Extended Guard,Extended,2026-09-08,2026-09-12,Motor Failure,"Motor winding resistance out of spec, causing tripping.",Manufacturing,39,253,3,True,True,True,True,True,True,0,False,False,False,False,Manual Review Required
CLM-02130,PRD-49579,High Output Alternator,Automotive,K&N,K&N-AUT-940,SNK&845120,SNK&845120,SNK&845120,2023-03-08,293.15,NAPA Auto Parts,2023-03-08,2024-03-07,K&N Care Protection,Standard,2024-09-01,2024-09-19,Material Failure,Unspecified system degradation observed during normal operating routine.,Manufacturing,17,-178,0,True,True,True,True,True,False,0,False,False,False,False,Likely Invalid
CLM-01153,PRD-13296,Convection Microwave Oven,Appliances,Samsung,SAM-APP-324,SNSA993523,SNSA993523,SNSA993523,2023-06-16,353.15,Costco,2023-06-16,2026-06-15,Samsung Care Protection,Standard,2023-05-29,2023-06-21,Compressor Failure,"Cooling cycle fails to start, compressor is non-responsive.",Manufacturing,0,1113,0,True,True,True,True,True,False,0,False,True,False,False,Manual Review Required
CLM-00508,PRD-68541,Heavy-Duty Clothes Dryer,Appliances,GE Appliances,GE -APP-650,SNGE183306,SNGE183306,SNGE183306,2025-05-30,990.54,Home Depot,2025-05-30,2028-05-29,GE Appliances Care Protection,Standard,2026-07-18,2026-07-23,Control Board Failure,Unspecified system degradation observed during normal operating routine.,Manufacturing,13,681,0,True,True,True,True,True,False,0,False,False,False,False,Likely Valid
CLM-00243,PRD-48517,Heavy-Duty Clothes Dryer,Appliances,Samsung,SAM-APP-977,SNSA833478,SNSA833478,SNSA833478,2023-10-31,969.66,Costco,2023-10-31,2026-10-30,Samsung Care Protection,Standard,2026-12-21,2027-01-07,Manufacturing Defect,Internal solder joint loosened causing intermittent power disconnects.,Manufacturing,37,-52,0,True,True,True,True,True,False,0,False,False,False,False,Likely Invalid
CLM-01428,PRD-12654,High Output Alternator,Automotive,K&N,K&N-AUT-637,SNK&505667,SNK&505667,SNK&505667,2023-08-06,319.78,O'Reilly Auto,2023-08-06,2025-08-05,AssureX Extended Guard,Extended,2024-06-10,2024-06-13,Seal or Gasket Failure,Unspecified system degradation observed during normal operating routine.,Manufacturing,10,421,1,True,True,True,True,True,True,0,False,False,False,False,Likely Valid
CLM-00003,PRD-24920,Mirrorless Camera Body,Electronics,Samsung,SAM-ELE-407,SNSA631302,SNSA631302,SNSA631302,2024-06-01,1551.5,BestBuy,2024-06-01,2026-06-01,Samsung Care Protection,Standard,2026-02-03,2026-02-13,Manufacturing Defect,Device shut down unexpectedly and fails to power back on under normal conditions.,Unauthorized Modification,20,118,2,False,True,True,True,True,False,1,False,False,True,False,Likely Invalid
CLM-00697,PRD-29128,Smart Dishwasher 24-inch,Appliances,Bosch,BOS-APP-618,SNBO274006,SNBO274006,SNBO274006,2025-05-22,640.82,Home Depot,2025-05-22,2028-05-21,Bosch Care Protection,Standard,2026-01-02,2026-01-03,Electrical Wiring Defect,Unspecified system degradation observed during normal operating routine.,Electrical,7,870,0,True,True,True,True,True,False,0,False,False,False,False,Likely Valid
CLM-02357,PRD-49925,Mirrorless Camera Body,Electronics,Apple,APP-ELE-885,SNAP649203,SNAP649203,SNAP649203,2024-08-14,1333.49,Target,2024-08-14,2026-08-14,Apple Care Protection,Standard,2025-12-19,2026-01-01,Software Malfunction,Main OS freezes on start screen; hardware diagnostic passes.,Manufacturing,16,238,0,True,True,True,True,True,False,0,False,False,False,False,Likely Valid
CLM-00054,PRD-58953,High Output Alternator,Automotive,ACDelco,ACD-AUT-321,SNAC739037,SNAC739037,SNAC739037,2023-07-31,350.88,NAPA Auto Parts,2023-07-31,2025-07-30,AssureX Extended Guard,Extended,2024-11-19,2024-11-23,Material Failure,Unspecified system degradation observed during normal operating routine.,Manufacturing,15,253,0,True,True,True,True,True,False,0,False,False,False,False,Likely Valid
CLM-00438,PRD-73556,Ceramic Brake Pad Set,Automotive,Bosch Auto,BOS-AUT-873,SNBO652133,SNBO652133,SNBO652133,2023-03-07,106.92,NAPA Auto Parts,2023-03-07,2024-03-06,Bosch Auto Care Protection,Standard,2023-02-13,2023-03-12,Premature Wear,"Brake pad friction compound deteriorated within 2,000 miles of highway driving.",Manufacturing,0,387,0,True,True,True,True,True,False,0,False,True,False,False,Manual Review Required
CLM-00344,PRD-55685,ProBook Laptop 15-inch,Electronics,Samsung,SAM-ELE-374,SNSA386960,SNSA386960,SNSA386960,2025-05-06,886.24,BestBuy,2025-05-06,2027-05-06,Samsung Care Protection,Standard,2026-04-19,2026-05-01,Component Failure,Sensor module stopped transmitting readings to the main board.,Manufacturing,11,382,1,True,True,True,True,True,True,0,False,False,False,False,Likely Valid
CLM-00133,PRD-22182,Heavy-Duty Starter Motor,Automotive,ACDelco,ACD-AUT-728,SNAC295408,SNAC295408,SNAC295408,2023-03-04,266.15,NAPA Auto Parts,2023-03-04,2024-03-03,ACDelco Care Protection,Standard,2023-08-23,2023-09-03,Premature Wear,Bushing cracked prematurely during regular non-commercial transit.,Manufacturing,5,193,0,True,True,True,True,True,False,0,False,False,False,False,Likely Valid
CLM-00440,PRD-61265,Performance Shock Absorbers,Automotive,Continental Auto,CON-AUT-719,SNCO259223,SNCO259223,SNCO259223,2023-10-29,337.52,RockAuto,2023-10-29,2024-10-28,Continental Auto Care Protection,Standard,2024-07-09,2024-07-15,Electrical Component Failure,Unspecified system degradation observed during normal operating routine.,Electrical,8,111,0,True,True,True,True,True,False,0,False,False,False,False,Likely Valid
CLM-01893,PRD-19070,Heavy-Duty Clothes Dryer,Appliances,Maytag,MAY-APP-508,SNMA612812,SNMA612812,SNMA612812,2025-01-22,697.23,Sears Appliance Outlet,2025-01-22,2028-01-22,Maytag Care Protection,Standard,2025-07-16,2025-07-30,Control Board Failure,Unspecified system degradation observed during normal operating routine.,Manufacturing,5,920,0,True,True,True,True,True,False,0,False,False,False,False,Likely Valid
CLM-01673,PRD-29731,Heavy-Duty Clothes Dryer,Appliances,Bosch,BOS-APP-183,SNBO419037,SNBO419037,SNBO419037,2025-04-23,695.07,Home Depot,2025-04-23,2028-04-22,Bosch Care Protection,Standard,2026-04-15,2026-04-17,Electrical Wiring Defect,Unspecified system degradation observed during normal operating routine.,Electrical,11,738,1,True,True,True,True,True,True,0,False,False,False,False,Likely Valid
CLM-01349,PRD-23126,Front-Load Washing Machine,Appliances,Whirlpool,WHI-APP-960,SNWH944514,SNWH944514,SNWH944514,2024-05-16,946.29,Lowe's,2024-05-16,2027-05-16,Whirlpool Care Protection,Standard,2025-10-10,2025-10-21,Manufacturing Defect,Internal solder joint loosened causing intermittent power disconnects.,Manufacturing,16,583,0,True,True,True,True,True,False,0,False,False,False,False,Likely Valid
CLM-00297,PRD-23938,Mirrorless Camera Body,Electronics,Samsung,SAM-ELE-246,SNSA757860,SNSA757860,SNSA757860,2025-04-22,1580.29,BestBuy,2025-04-22,2027-04-22,Samsung Care Protection,Standard,2026-10-19,2026-10-31,Manufacturing Defect,Factory assembly defect leading to unprovoked system failure.,Manufacturing,17,185,1,True,True,True,True,True,True,0,False,False,False,False,Likely Valid
CLM-00155,PRD-41632,OLED 4K Smart TV,Electronics,Apple,APP-ELE-128,SNAP935294,SNAP935294,SNAP935294,2024-04-17,1279.17,B&H Photo,2024-04-17,2027-04-17,AssureX Extended Guard,Extended,2026-02-27,2026-03-01,Manufacturing Defect,Factory assembly defect leading to unprovoked system failure.,Manufacturing,22,414,0,True,True,True,True,True,False,0,False,False,False,False,Likely Valid
CLM-00106,PRD-41258,Front-Load Washing Machine,Appliances,KitchenAid,KIT-APP-362,SNKI820219,SNKI820219,SNKI820219,2023-06-26,926.92,Costco,2023-06-26,2026-06-25,KitchenAid Care Protection,Standard,2024-06-20,2024-06-21,Motor Failure,"Motor winding resistance out of spec, causing tripping.",Manufacturing,11,735,0,True,True,True,True,True,False,0,False,False,False,False,Likely Valid
CLM-01823,PRD-14635,Electric Range Oven,Appliances,Bosch,BOS-APP-840,SNBO729781,SNBO729781,SNBO729781,2023-02-15,962.16,Costco,2023-02-15,2026-02-14,Bosch Care Protection,Standard,2024-04-04,2024-04-11,Electrical Wiring Defect,Unspecified system degradation observed during normal operating routine.,Electrical,13,681,0,True,True,True,True,True,False,0,False,False,False,False,Likely Valid
CLM-02189,PRD-43902,Active Noise Cancelling Headphones,Electronics,LG,LG-ELE-790,SNLG765448,SNLG765448,SNLG765448,2024-02-20,304.92,Direct Manufacturer Store,2024-02-20,2026-02-19,LG Care Protection,Standard,2025-01-29,2025-02-07,Display Defect,Backlight flickering continuously on left half of screen.,Manufacturing,11,386,0,True,True,True,True,True,False,0,False,False,False,False,Likely Valid
CLM-01322,PRD-91727,ABS Wheel Speed Sensor,Automotive,K&N,K&N-AUT-432,SNK&640345,SNK&640389,SNK&640345,2024-02-23,97.03,NAPA Auto Parts,2024-02-23,2026-02-22,AssureX Extended Guard,Extended,2025-09-29,2025-10-03,Manufacturing Defect,Internal solder joint loosened causing intermittent power disconnects.,Manufacturing,19,146,0,True,True,True,True,True,False,0,True,False,False,False,Manual Review Required
CLM-02267,PRD-49093,Electronic Fuel Injector Kit,Automotive,ACDelco,ACD-AUT-507,SNAC210472,SNAC210472,SNAC210472,2024-08-23,364.72,AutoZone,2024-08-23,2025-08-23,ACDelco Care Protection,Standard,2024-10-16,2024-10-23,Seal or Gasket Failure,Unspecified system degradation observed during normal operating routine.,Manufacturing,1,311,3,True,True,True,True,True,True,0,False,False,False,False,Manual Review Required
CLM-00361,PRD-46166,Front-Load Washing Machine,Appliances,Samsung,SAM-APP-401,SNSA298652,SNSA298652,SNSA298652,2025-04-02,859.42,Direct Factory Outlet,2025-04-02,2029-04-02,AssureX Extended Guard,Extended,2027-04-22,2027-04-29,Manufacturing Defect,Device shut down unexpectedly and fails to power back on under normal conditions.,Manufacturing,24,711,0,True,True,True,True,True,False,0,False,False,False,False,Likely Valid
CLM-00465,PRD-36112,Smart Dishwasher 24-inch,Appliances,GE Appliances,GE -APP-523,SNGE336936,SNGE336936,SNGE336936,2023-10-03,888.08,Sears Appliance Outlet,2023-10-03,2026-10-02,GE Appliances Care Protection,Standard,2024-12-05,2024-12-17,Thermostat Malfunction,"Thermostat stuck open, temperature never reaches target threshold.",Manufacturing,14,666,1,True,True,True,True,True,True,0,False,False,False,False,Likely Valid
CLM-00195,PRD-79803,Galaxy Ultra Smartphone,Electronics,Samsung,SAM-ELE-247,SNSA237148,SNSA237148,SNSA237148,2024-08-10,1166.79,Amazon Electronics,2024-08-10,2026-08-10,Samsung Care Protection,Standard,2025-05-08,2025-05-18,Component Failure,Sensor module stopped transmitting readings to the main board.,Manufacturing,8,459,0,True,True,True,True,True,False,0,False,False,False,False,Likely Valid
CLM-02012,PRD-25070,Performance Shock Absorbers,Automotive,Monroe,MON-AUT-113,SNMO812587,SNMO812587,SNMO812587,2024-07-18,446.33,NAPA Auto Parts,2024-07-18,2025-07-18,Monroe Care Protection,Standard,2025-08-31,2025-09-04,Manufacturing Defect,Device shut down unexpectedly and fails to power back on under normal conditions.,Manufacturing,13,-44,0,True,True,True,True,True,False,0,False,False,False,False,Likely Invalid
CLM-01546,PRD-81602,High Output Alternator,Automotive,K&N,K&N-AUT-209,SNK&614150,SNK&614150,SNK&614150,2024-09-27,305.9,O'Reilly Auto,2024-09-27,2025-09-27,K&N Care Protection,Standard,2025-04-27,2025-05-06,Manufacturing Defect,Factory assembly defect leading to unprovoked system failure.,Unauthorized Modification,6,153,4,False,True,True,True,True,False,1,False,False,True,False,Likely Invalid
CLM-00910,PRD-30206,Front-Load Washing Machine,Appliances,Bosch,BOS-APP-965,SNBO180429,SNBO180429,SNBO180429,2024-11-26,760.38,Lowe's,2024-11-26,2027-11-26,Bosch Care Protection,Standard,2027-09-28,2027-10-08,Control Board Failure,Unspecified system degradation observed during normal operating routine.,Manufacturing,34,59,3,True,True,True,True,True,True,0,False,False,False,False,Manual Review Required
CLM-02317,PRD-40097,Heavy-Duty Clothes Dryer,Appliances,Samsung,SAM-APP-883,SNSA738377,SNSA738377,SNSA738377,2023-02-14,841.23,Direct Factory Outlet,2023-02-14,2026-02-13,Samsung Care Protection,Standard,2024-06-13,2024-06-21,Thermostat Malfunction,"Thermostat stuck open, temperature never reaches target threshold.",Manufacturing,15,610,0,True,True,True,True,True,False,0,False,False,False,False,Likely Valid
CLM-02065,PRD-67011,ProBook Laptop 15-inch,Electronics,Samsung,SAM-ELE-401,SNSA295399,SNSA295399,SNSA295399,2024-03-29,975.07,Target,2024-03-29,2027-03-29,AssureX Extended Guard,Extended,2025-06-20,2025-06-23,Component Failure,Cooling fan bearing seized up leading to emergency thermal shutdown.,Manufacturing,14,647,0,True,True,True,True,True,False,0,False,False,False,False,Likely Valid
CLM-01003,PRD-97163,Electric Range Oven,Appliances,LG,LG-APP-786,SNLG999745,SNLG999745,SNLG999745,2023-10-14,1260.85,Lowe's,2023-10-14,2026-10-13,LG Care Protection,Standard,2025-03-23,2025-03-30,Manufacturing Defect,Device shut down unexpectedly and fails to power back on under normal conditions.,Manufacturing,17,569,0,True,True,True,True,True,False,0,False,False,False,False,Likely Valid
CLM-01226,PRD-78597,Front-Load Washing Machine,Appliances,KitchenAid,KIT-APP-570,SNKI287356,SNKI287356,SNKI287356,2024-07-16,880.23,Costco,2024-07-16,2028-07-16,AssureX Extended Guard,Extended,2026-04-26,2026-05-11,Manufacturing Defect,Internal solder joint loosened causing intermittent power disconnects.,Manufacturing,21,812,0,True,True,True,True,True,False,0,False,False,False,False,Likely Valid
CLM-00490,PRD-79761,Front-Load Washing Machine,Appliances,Samsung,SAM-APP-573,SNSA995857,SNSA995857,SNSA995857,2023-09-22,974.97,Lowe's,2023-09-22,2027-09-22,AssureX Extended Guard,Extended,2025-01-14,2025-01-21,Manufacturing Defect,Factory assembly defect leading to unprovoked system failure.,Manufacturing,15,981,0,True,True,True,True,True,False,0,False,False,False,False,Likely Valid
CLM-01076,PRD-97257,Performance Shock Absorbers,Automotive,Bosch Auto,BOS-AUT-998,SNBO665836,SNBO665836,SNBO665836,2023-03-05,410.12,Advance Auto Parts,2023-03-05,2024-03-04,Bosch Auto Care Protection,Standard,2023-08-29,2023-09-03,Seal or Gasket Failure,Unspecified system degradation observed during normal operating routine.,Manufacturing,5,188,1,True,True,True,True,True,True,0,False,False,False,False,Likely Valid
CLM-00847,PRD-12563,Active Noise Cancelling Headphones,Electronics,Asus,ASU-ELE-265,SNAS947502,SNAS947502,SNAS947502,2024-05-31,282.03,Amazon Electronics,2024-05-31,2026-05-31,Asus Care Protection,Standard,2026-02-11,2026-02-24,Component Failure,Sensor module stopped transmitting readings to the main board.,Manufacturing,20,109,0,True,False,True,True,True,False,1,False,False,False,False,Likely Invalid
CLM-01015,PRD-75065,Convection Microwave Oven,Appliances,GE Appliances,GE -APP-505,SNGE421042,SNGE421042,SNGE421042,2024-09-14,311.58,Costco,2024-09-14,2027-09-14,GE Appliances Care Protection,Standard,2026-10-04,2026-10-12,Electrical Wiring Defect,Unspecified system degradation observed during normal operating routine.,Electrical,24,345,0,True,True,True,True,True,False,0,False,False,False,False,Likely Valid
CLM-02042,PRD-56952,Ceramic Brake Pad Set,Automotive,Denso,DEN-AUT-714,SNDE962475,SNDE962475,SNDE962475,2024-09-12,144.79,Advance Auto Parts,2024-09-12,2025-09-12,Denso Care Protection,Standard,2024-09-09,2024-09-24,Manufacturing Defect,Internal solder joint loosened causing intermittent power disconnects.,Manufacturing,0,368,0,True,True,True,True,True,False,0,False,True,False,False,Manual Review Required
CLM-01136,PRD-61516,Electric Range Oven,Appliances,Samsung,SAM-APP-854,SNSA861370,SNSA861370,SNSA861370,2023-07-18,1271.2,Lowe's,2023-07-18,2026-07-17,Samsung Care Protection,Standard,2024-11-30,2024-12-05,Electrical Wiring Defect,Unspecified system degradation observed during normal operating routine.,Manufacturing,16,594,0,True,False,True,True,True,False,1,False,False,False,False,Likely Invalid
CLM-01513,PRD-14096,Smart Dishwasher 24-inch,Appliances,LG,LG-APP-873,SNLG817501,SNLG817501,SNLG817501,2024-10-11,703.48,Costco,2024-10-11,2027-10-11,LG Care Protection,Standard,2026-07-22,2026-07-25,Electrical Wiring Defect,Unspecified system degradation observed during normal operating routine.,Electrical,21,446,1,True,True,True,True,True,True,0,False,False,False,False,Likely Valid
CLM-01642,PRD-55321,Smart Watch Series 7,Electronics,Sony,SON-ELE-514,SNSO827642,SNSO827642,SNSO827642,2023-11-24,377.61,BestBuy,2023-11-24,2025-11-23,Sony Care Protection,Standard,2025-04-14,2025-04-16,Manufacturing Defect,Device shut down unexpectedly and fails to power back on under normal conditions.,Unauthorized Modification,16,223,4,False,True,True,True,True,False,1,False,False,True,False,Likely Invalid
CLM-00753,PRD-31893,Active Noise Cancelling Headphones,Electronics,LG,LG-ELE-145,SNLG599135,SNLG599121,SNLG599135,2023-01-10,315.17,Direct Manufacturer Store,2023-01-10,2026-01-09,AssureX Extended Guard,Extended,2025-06-01,2025-06-07,Manufacturing Defect,Factory assembly defect leading to unprovoked system failure.,Manufacturing,28,222,0,True,True,True,True,True,False,0,True,False,False,False,Manual Review Required
CLM-01827,PRD-30650,ABS Wheel Speed Sensor,Automotive,Monroe,MON-AUT-750,SNMO996708,SNMO996708,SNMO996708,2024-08-10,112.64,RockAuto,2024-08-10,2025-08-10,Monroe Care Protection,Standard,2025-08-11,2025-08-14,Premature Wear,"Brake pad friction compound deteriorated within 2,000 miles of highway driving.",Manufacturing,12,-1,0,True,True,True,True,True,False,0,False,False,False,False,Manual Review Required
CLM-00796,PRD-83617,Heavy-Duty Clothes Dryer,Appliances,Whirlpool,WHI-APP-552,SNWH282362,SNWH282362,SNWH282362,2023-12-21,919.77,Sears Appliance Outlet,2023-12-21,2026-12-20,Whirlpool Care Protection,Standard,2023-11-06,2024-01-06,Control Board Failure,Unspecified system degradation observed during normal operating routine.,Manufacturing,0,1140,0,True,True,True,True,True,False,0,False,True,False,False,Manual Review Required
CLM-01301,PRD-66319,Heavy-Duty Starter Motor,Automotive,Continental Auto,CON-AUT-967,SNCO853406,SNCO853406,SNCO853406,2024-05-27,263.08,Advance Auto Parts,2024-05-27,2026-05-27,AssureX Extended Guard,Extended,2024-11-15,2024-11-24,Premature Wear,Bushing cracked prematurely during regular non-commercial transit.,Manufacturing,5,558,0,True,True,True,True,True,False,0,False,False,False,False,Likely Valid
CLM-02387,PRD-87714,Electronic Fuel Injector Kit,Automotive,ACDelco,ACD-AUT-515,SNAC983127,SNAC983127,SNAC983127,2023-08-01,432.99,AutoZone,2023-08-01,2024-07-31,ACDelco Care Protection,Standard,2024-04-06,2024-04-07,Premature Wear,Bushing cracked prematurely during regular non-commercial transit.,Manufacturing,8,116,0,True,True,False,True,True,False,1,False,False,False,False,Likely Valid
CLM-00616,PRD-91244,OLED 4K Smart TV,Electronics,Samsung,SAM-ELE-164,SNSA617915,SNSA617915,SNSA617915,2024-10-30,1185.23,BestBuy,2024-10-30,2026-10-30,Samsung Care Protection,Standard,2026-01-27,2026-02-09,Component Failure,Cooling fan bearing seized up leading to emergency thermal shutdown.,Manufacturing,14,276,0,True,True,False,True,True,False,1,False,False,False,False,Likely Valid
CLM-00546,PRD-93218,Front-Load Washing Machine,Appliances,GE Appliances,GE -APP-483,SNGE266461,SNGE266461,SNGE266461,2023-12-18,756.55,Lowe's,2023-12-18,2026-12-17,GE Appliances Care Protection,Standard,2025-12-04,2025-12-14,Thermostat Malfunction,Temperature reading fluctuating wildly causing erratic operation.,Manufacturing,23,378,0,True,True,True,True,True,False,0,False,False,False,False,Likely Valid
CLM-02206,PRD-98756,ProBook Laptop 15-inch,Electronics,Asus,ASU-ELE-354,SNAS509811,SNAS509811,SNAS509811,2024-09-03,862.68,B&H Photo,2024-09-03,2026-09-03,Asus Care Protection,Standard,2025-04-03,2025-04-12,Component Failure,Cooling fan bearing seized up leading to emergency thermal shutdown.,Component Failure,6,518,1,False,True,True,True,True,False,1,False,False,False,False,Manual Review Required
CLM-00020,PRD-62978,Tablet 11-inch Display,Electronics,Lenovo,LEN-ELE-191,SNLE711033,SNLE711033,SNLE711033,2023-07-18,554.61,Direct Manufacturer Store,2023-07-18,2025-07-17,Lenovo Care Protection,Standard,2025-11-08,2025-11-27,Manufacturing Defect,Device shut down unexpectedly and fails to power back on under normal conditions.,Manufacturing,27,-114,0,True,True,True,True,True,False,0,False,False,False,False,Likely Invalid
CLM-00889,PRD-72852,OLED 4K Smart TV,Electronics,Dell,DEL-ELE-546,SNDE244136,SNDE244136,SNDE244136,2023-08-24,1492.81,Target,2023-08-24,2026-08-23,AssureX Extended Guard,Extended,2024-02-09,2024-02-16,Manufacturing Defect,Factory assembly defect leading to unprovoked system failure.,Manufacturing,5,926,3,True,True,True,True,True,True,0,False,False,False,False,Manual Review Required
CLM-01294,PRD-92656,Front-Load Washing Machine,Appliances,LG,LG-APP-626,SNLG194962,SNLG194962,SNLG194962,2025-05-21,764.78,Home Depot,2025-05-21,2028-05-20,LG Care Protection,Standard,2027-08-26,2027-09-01,Control Board Failure,No current flowing to main motor despite active input power.,Electrical Failure,27,268,0,True,True,True,True,False,False,1,False,False,False,False,Manual Review Required
CLM-01030,PRD-67429,ProBook Laptop 15-inch,Electronics,Sony,SON-ELE-924,SNSO785578,SNSO785578,SNSO785578,2024-03-20,752.99,Target,2024-03-20,2026-03-20,Sony Care Protection,Standard,2025-03-02,2025-03-07,Electrical Failure,Internal circuit shorted during regular use with standard power supply.,Electrical,11,383,0,True,True,True,True,True,False,0,False,False,False,False,Likely Valid
CLM-01401,PRD-72986,Active Noise Cancelling Headphones,Electronics,Samsung,SAM-ELE-656,SNSA500721,SNSA500721,SNSA500721,2023-06-03,244.58,B&H Photo,2023-06-03,2025-06-02,Samsung Care Protection,Standard,2023-10-29,2023-11-02,Electrical Failure,Internal circuit shorted during regular use with standard power supply.,Unauthorized Modification,4,582,4,False,True,True,True,True,False,1,False,False,True,False,Likely Invalid
CLM-01007,PRD-66114,ProBook Laptop 15-inch,Electronics,Samsung,SAM-ELE-741,SNSA791733,SNSA791733,SNSA791733,2024-02-20,745.38,BestBuy,2024-02-20,2026-02-19,Samsung Care Protection,Standard,2024-07-17,2024-07-27,Software Malfunction,System firmware entered boot loop following manufacturer OTA update.,Manufacturing,4,582,0,True,True,True,True,True,False,0,False,False,False,False,Likely Valid
CLM-02102,PRD-23180,Convection Microwave Oven,Appliances,GE Appliances,GE -APP-237,SNGE831550,SNGE831550,SNGE831550,2023-06-13,321.37,Lowe's,2023-06-13,2026-06-12,GE Appliances Care Protection,Standard,2025-02-03,2025-02-14,Control Board Failure,Unspecified system degradation observed during normal operating routine.,Manufacturing,19,494,1,True,True,True,True,True,True,0,False,False,False,False,Likely Valid
CLM-00903,PRD-31006,High Output Alternator,Automotive,Brembo,BRE-AUT-154,SNBR109600,SNBR109600,SNBR109600,2023-10-18,383.49,NAPA Auto Parts,2023-10-18,2024-10-17,Brembo Care Protection,Standard,2024-02-02,2024-02-07,Racing or Off-Road Use,Vehicle modified for off-road rock crawling causing extreme impact stress.,Racing or Off-Road Use,3,258,0,True,True,True,True,True,False,0,False,False,True,False,Likely Invalid
CLM-01584,PRD-68784,Smart Watch Series 7,Electronics,HP,HP-ELE-795,SNHP542162,SNHP542162,SNHP542162,2023-12-08,353.32,BestBuy,2023-12-08,2025-12-07,HP Care Protection,Standard,2024-11-10,2024-11-15,Software Malfunction,Main OS freezes on start screen; hardware diagnostic passes.,Unauthorized Modification,11,392,3,False,True,True,True,True,False,1,False,False,True,False,Likely Invalid
CLM-01297,PRD-12101,ABS Wheel Speed Sensor,Automotive,K&N,K&N-AUT-257,SNK&894578,SNK&894578,SNK&894578,2023-07-23,96.77,NAPA Auto Parts,2023-07-23,2024-07-22,K&N Care Protection,Standard,2023-12-14,2023-12-27,Manufacturing Defect,Device shut down unexpectedly and fails to power back on under normal conditions.,Manufacturing,4,221,0,True,True,True,True,True,False,0,False,False,False,False,Likely Valid
CLM-00749,PRD-84083,Smart Dishwasher 24-inch,Appliances,Maytag,MAY-APP-700,SNMA309156,SNMA309156,SNMA309156,2025-05-26,826.15,Direct Factory Outlet,2025-05-26,2028-05-25,Maytag Care Protection,Standard,2028-09-19,2028-10-06,Electrical Wiring Defect,Unspecified system degradation observed during normal operating routine.,Manufacturing,39,-117,0,True,True,True,True,True,False,0,False,False,False,False,Likely Invalid
CLM-01748,PRD-35086,ProBook Laptop 15-inch,Electronics,LG,LG-ELE-357,SNLG662761,SNLG662761,SNLG662761,2023-04-20,907.53,Target,2023-04-20,2025-04-19,LG Care Protection,Standard,2024-01-15,2024-01-23,Manufacturing Defect,Internal solder joint loosened causing intermittent power disconnects.,Unauthorized Modification,8,460,3,False,True,True,True,True,False,1,False,False,True,False,Likely Invalid
CLM-01781,PRD-87834,Electronic Fuel Injector Kit,Automotive,ACDelco,ACD-AUT-187,SNAC981759,SNAC981759,SNAC981759,2023-03-28,413.1,O'Reilly Auto,2023-03-28,2025-03-27,AssureX Extended Guard,Extended,2024-07-06,2024-07-21,Premature Wear,"Brake pad friction compound deteriorated within 2,000 miles of highway driving.",Manufacturing,15,264,1,True,True,True,True,True,True,0,False,False,False,False,Likely Valid
CLM-00637,PRD-36422,Mirrorless Camera Body,Electronics,LG,LG-ELE-669,SNLG492482,SNLG492482,SNLG492482,2024-02-03,1528.81,Amazon Electronics,2024-02-03,2026-02-02,LG Care Protection,Standard,2024-08-30,2024-09-05,Software Malfunction,Main OS freezes on start screen; hardware diagnostic passes.,Manufacturing,6,521,0,True,True,True,True,True,False,0,False,False,False,False,Likely Valid
CLM-01943,PRD-89066,Front-Load Washing Machine,Appliances,GE Appliances,GE -APP-750,SNGE941785,SNGE941785,SNGE941785,2024-12-10,917.04,Lowe's,2024-12-10,2028-12-10,AssureX Extended Guard,Extended,2028-10-16,2028-10-25,Motor Failure,Drive motor hums loudly but will not spin drum under normal load.,Electrical Failure,46,55,0,True,True,True,True,False,False,1,False,False,False,False,Manual Review Required
CLM-02247,PRD-19158,Smart Watch Series 7,Electronics,LG,LG-ELE-584,SNLG298121,SNLG298121,SNLG298121,2023-07-24,373.5,Direct Manufacturer Store,2023-07-24,2025-07-23,LG Care Protection,Standard,2024-03-02,2024-03-10,Manufacturing Defect,Device shut down unexpectedly and fails to power back on under normal conditions.,Manufacturing,7,508,0,True,True,True,True,True,False,0,False,False,False,False,Likely Valid
CLM-00102,PRD-22053,Smart Dishwasher 24-inch,Appliances,Whirlpool,WHI-APP-687,SNWH521556,SNWH521556,SNWH521556,2023-05-28,878.88,Direct Factory Outlet,2023-05-28,2026-05-27,Whirlpool Care Protection,Standard,2023-05-21,2023-06-17,Thermostat Malfunction,Temperature reading fluctuating wildly causing erratic operation.,Manufacturing,0,1102,0,True,True,True,True,True,False,0,False,True,False,False,Manual Review Required
CLM-00398,PRD-90694,Convection Microwave Oven,Appliances,KitchenAid,KIT-APP-662,SNKI244462,SNKI244440,SNKI244462,2024-07-25,286.79,Home Depot,2024-07-25,2027-07-25,KitchenAid Care Protection,Standard,2026-07-27,2026-08-03,Manufacturing Defect,Device shut down unexpectedly and fails to power back on under normal conditions.,Manufacturing,24,363,0,True,True,True,True,True,False,0,True,False,False,False,Manual Review Required
CLM-00558,PRD-81732,Heavy-Duty Starter Motor,Automotive,Continental Auto,CON-AUT-887,SNCO932192,SNCO932192,SNCO932192,2024-05-15,237.7,RockAuto,2024-05-15,2026-05-15,AssureX Extended Guard,Extended,2025-09-21,2025-09-27,Premature Wear,Bushing cracked prematurely during regular non-commercial transit.,Manufacturing,16,236,0,True,True,True,True,True,False,0,False,False,False,False,Likely Valid
CLM-02448,PRD-67462,Smart Watch Series 7,Electronics,Lenovo,LEN-ELE-507,SNLE242075,SNLE242075,SNLE242075,2023-02-23,488.04,Amazon Electronics,2023-02-23,2025-02-22,Lenovo Care Protection,Standard,2024-02-07,2024-02-11,Manufacturing Defect,Internal solder joint loosened causing intermittent power disconnects.,Manufacturing,11,381,0,True,False,True,True,True,False,1,False,False,False,False,Likely Invalid
CLM-00246,PRD-94408,Front-Load Washing Machine,Appliances,LG,LG-APP-689,SNLG903562,SNLG903562,SNLG903562,2024-06-17,1036.61,Home Depot,2024-06-17,2028-06-17,AssureX Extended Guard,Extended,2026-09-06,2026-09-15,Thermostat Malfunction,Temperature reading fluctuating wildly causing erratic operation.,Electrical Failure,26,650,0,True,True,True,True,False,False,1,False,False,False,False,Manual Review Required
CLM-01090,PRD-36630,Smart Watch Series 7,Electronics,LG,LG-ELE-304,SNLG372585,SNLG372513,SNLG372585,2023-02-26,385.34,Direct Manufacturer Store,2023-02-26,2025-02-25,LG Care Protection,Standard,2024-08-09,2024-08-18,Display Defect,Vertical colored line artifacts appeared across OLED panel without impact.,Manufacturing,17,200,0,True,True,True,True,True,False,0,True,False,False,False,Manual Review Required
CLM-01646,PRD-62750,Convection Microwave Oven,Appliances,LG,LG-APP-470,SNLG625950,SNLG625950,SNLG625950,2023-03-10,284.51,Costco,2023-03-10,2026-03-09,LG Care Protection,Standard,2023-12-05,2023-12-18,Motor Failure,"Motor winding resistance out of spec, causing tripping.",Manufacturing,8,825,0,True,False,True,True,True,False,1,False,False,False,False,Likely Invalid
CLM-01680,PRD-85985,Smart Watch Series 7,Electronics,Sony,SON-ELE-708,SNSO917313,SNSO917313,SNSO917313,2024-04-09,474.6,B&H Photo,2024-04-09,2027-04-09,AssureX Extended Guard,Extended,2025-01-04,2025-01-06,Manufacturing Defect,Internal solder joint loosened causing intermittent power disconnects.,Unauthorized Modification,8,825,2,False,True,True,True,True,False,1,False,False,True,False,Likely Invalid
CLM-00495,PRD-60246,Smart Watch Series 7,Electronics,HP,HP-ELE-771,SNHP280638,SNHP280638,SNHP280638,2024-10-11,448.21,BestBuy,2024-10-11,2027-10-11,AssureX Extended Guard,Extended,2025-12-01,2025-12-02,Display Defect,Vertical colored line artifacts appeared across OLED panel without impact.,Component Failure,13,679,1,False,True,True,True,True,False,1,False,False,False,False,Manual Review Required
CLM-01243,PRD-36748,Smart Watch Series 7,Electronics,Apple,APP-ELE-222,SNAP689144,SNAP689144,SNAP689144,2023-12-29,363.72,B&H Photo,2023-12-29,2026-12-28,AssureX Extended Guard,Extended,2027-05-14,2027-05-16,Display Defect,Backlight flickering continuously on left half of screen.,Manufacturing,40,-137,0,True,True,True,True,True,False,0,False,False,False,False,Likely Invalid
CLM-02376,PRD-17619,Tablet 11-inch Display,Electronics,Sony,SON-ELE-629,SNSO627028,SNSO627028,SNSO627028,2023-09-07,663.98,BestBuy,2023-09-07,2025-09-06,Sony Care Protection,Standard,2024-04-11,2024-04-13,Electrical Failure,No current flowing to main motor despite active input power.,Electrical,7,513,0,True,True,True,True,True,False,0,False,False,False,False,Likely Valid
CLM-00826,PRD-55000,Front-Load Washing Machine,Appliances,GE Appliances,GE -APP-513,SNGE717741,SNGE717741,SNGE717741,2025-04-02,797.86,Lowe's,2025-04-02,2028-04-01,GE Appliances Care Protection,Standard,2025-12-26,2025-12-30,Electrical Wiring Defect,Unspecified system degradation observed during normal operating routine.,Electrical,8,827,1,True,True,True,True,True,True,0,False,False,False,False,Likely Valid
CLM-00752,PRD-94281,Ceramic Brake Pad Set,Automotive,Brembo,BRE-AUT-701,SNBR529012,SNBR529012,SNBR529012,2024-11-29,107.77,O'Reilly Auto,2024-11-29,2025-11-29,Brembo Care Protection,Standard,2026-03-16,2026-03-25,Seal or Gasket Failure,Unspecified system degradation observed during normal operating routine.,Manufacturing,15,-107,0,True,True,True,True,True,False,0,False,False,False,False,Likely Invalid
CLM-01944,PRD-59038,Ceramic Brake Pad Set,Automotive,Brembo,BRE-AUT-343,SNBR272994,SNBR272994,SNBR272994,2024-10-15,106.54,RockAuto,2024-10-15,2025-10-15,Brembo Care Protection,Standard,2025-06-30,2025-07-06,Manufacturing Defect,Device shut down unexpectedly and fails to power back on under normal conditions.,Manufacturing,8,107,0,True,True,True,True,True,False,0,False,False,False,False,Likely Valid
CLM-01232,PRD-52111,Front-Load Washing Machine,Appliances,LG,LG-APP-193,SNLG509799,SNLG509799,SNLG509799,2023-01-25,969.38,Lowe's,2023-01-25,2026-01-24,LG Care Protection,Standard,2025-02-22,2025-03-07,Motor Failure,"Motor winding resistance out of spec, causing tripping.",Manufacturing,24,336,0,True,True,True,True,True,False,0,False,False,False,False,Likely Valid
CLM-02177,PRD-36725,French Door Refrigerator,Appliances,Samsung,SAM-APP-353,SNSA872806,SNSA872806,SNSA872806,2023-03-23,1617.29,Direct Factory Outlet,2023-03-23,2026-03-22,Samsung Care Protection,Standard,2024-09-06,2024-09-20,Motor Failure,"Motor winding resistance out of spec, causing tripping.",Manufacturing,17,562,0,True,True,True,True,True,False,0,False,False,False,False,Likely Valid
CLM-00304,PRD-60413,Electric Range Oven,Appliances,Samsung,SAM-APP-646,SNSA616530,SNSA616530,SNSA616530,2023-05-10,1169.29,Lowe's,2023-05-10,2027-05-10,AssureX Extended Guard,Extended,2025-06-06,2025-06-16,Control Board Failure,Unspecified system degradation observed during normal operating routine.,Manufacturing,24,703,0,True,True,True,True,True,False,0,False,False,False,False,Likely Valid
CLM-02171,PRD-73292,Electronic Fuel Injector Kit,Automotive,Continental Auto,CON-AUT-891,SNCO655862,SNCO655862,SNCO655862,2024-02-03,452.14,RockAuto,2024-02-03,2025-02-02,Continental Auto Care Protection,Standard,2024-04-02,2024-04-07,Environmental Corrosion,Unspecified system degradation observed during normal operating routine.,Environmental Corrosion,1,306,0,True,True,True,True,True,False,0,False,False,True,False,Likely Invalid
CLM-02367,PRD-27175,Mirrorless Camera Body,Electronics,HP,HP-ELE-825,SNHP690928,SNHP690928,SNHP690928,2025-05-24,1619.02,BestBuy,2025-05-24,2027-05-24,HP Care Protection,Standard,2026-06-24,2026-07-08,Software Malfunction,System firmware entered boot loop following manufacturer OTA update.,Manufacturing,13,334,0,True,True,True,True,True,False,0,False,False,False,False,Likely Valid
CLM-01420,PRD-10086,OLED 4K Smart TV,Electronics,LG,LG-ELE-657,SNLG896456,SNLG896456,SNLG896456,2024-10-13,1153.56,Direct Manufacturer Store,2024-10-13,2027-10-13,AssureX Extended Guard,Extended,2026-10-27,2026-11-07,Manufacturing Defect,Device shut down unexpectedly and fails to power back on under normal conditions.,Manufacturing,24,351,0,True,True,True,True,True,False,0,False,False,False,False,Likely Valid
CLM-02474,PRD-97071,Smart Dishwasher 24-inch,Appliances,Samsung,SAM-APP-490,SNSA743012,SNSA743012,SNSA743012,2024-10-06,696.34,Sears Appliance Outlet,2024-10-06,2027-10-06,Samsung Care Protection,Standard,2026-07-01,2026-07-08,Control Board Failure,Unspecified system degradation observed during normal operating routine.,Manufacturing,20,462,0,True,True,True,True,True,False,0,False,False,False,False,Likely Valid
CLM-00912,PRD-17966,Ceramic Brake Pad Set,Automotive,K&N,K&N-AUT-586,SNK&470808,SNK&470808,SNK&470808,2023-04-15,136.28,RockAuto,2023-04-15,2025-04-14,AssureX Extended Guard,Extended,2023-12-06,2023-12-20,Manufacturing Defect,Device shut down unexpectedly and fails to power back on under normal conditions.,Manufacturing,7,495,0,True,True,True,True,True,False,0,False,False,False,False,Likely Valid
CLM-01367,PRD-94259,Electronic Fuel Injector Kit,Automotive,Denso,DEN-AUT-323,SNDE169713,SNDE169713,SNDE169713,2024-08-15,452.36,O'Reilly Auto,2024-08-15,2025-08-15,Denso Care Protection,Standard,2025-01-07,2025-01-17,Premature Wear,Bushing cracked prematurely during regular non-commercial transit.,Manufacturing,4,220,1,True,True,True,True,True,True,0,False,False,False,False,Likely Valid
CLM-02464,PRD-16320,Tablet 11-inch Display,Electronics,Sony,SON-ELE-134,SNSO679722,SNSO679722,SNSO679722,2024-06-10,770.6,BestBuy,2024-06-10,2027-06-10,AssureX Extended Guard,Extended,2026-06-08,2026-06-19,Unauthorized Modification,Unspecified system degradation observed during normal operating routine.,Unauthorized Modification,23,367,0,True,True,True,True,True,False,0,False,False,True,False,Likely Invalid
CLM-00057,PRD-76088,OLED 4K Smart TV,Electronics,Apple,APP-ELE-527,SNAP146372,SNAP146372,SNAP146372,2023-02-22,1039.23,Target,2023-02-22,2026-02-21,AssureX Extended Guard,Extended,2025-01-29,2025-02-05,Component Failure,Cooling fan bearing seized up leading to emergency thermal shutdown.,Manufacturing,23,388,0,True,True,True,True,True,False,0,False,False,False,False,Likely Valid
CLM-00471,PRD-24136,OLED 4K Smart TV,Electronics,LG,LG-ELE-998,SNLG345684,SNLG345684,SNLG345684,2024-10-15,1386.32,Direct Manufacturer Store,2024-10-15,2027-10-15,AssureX Extended Guard,Extended,2024-09-06,2024-11-01,Display Defect,Vertical colored line artifacts appeared across OLED panel without impact.,Manufacturing,0,1134,0,True,True,True,True,True,False,0,False,True,False,False,Manual Review Required
CLM-00069,PRD-55068,Active Noise Cancelling Headphones,Electronics,Apple,APP-ELE-675,SNAP841484,SNAP841484,SNAP841484,2023-08-18,241.89,B&H Photo,2023-08-18,2025-08-17,Apple Care Protection,Standard,2024-07-21,2024-07-30,Electrical Failure,Internal circuit shorted during regular use with standard power supply.,Electrical,11,392,0,True,True,True,True,True,False,0,False,False,False,False,Likely Valid
CLM-00544,PRD-55563,Galaxy Ultra Smartphone,Electronics,Asus,ASU-ELE-223,SNAS677204,SNAS677204,SNAS677204,2024-04-21,1133.94,Amazon Electronics,2024-04-21,2027-04-21,AssureX Extended Guard,Extended,2025-12-22,2025-12-31,Manufacturing Defect,Internal solder joint loosened causing intermittent power disconnects.,Manufacturing,20,485,0,True,True,True,True,True,False,0,False,False,False,False,Likely Valid
CLM-00560,PRD-30868,Tablet 11-inch Display,Electronics,Asus,ASU-ELE-445,SNAS945044,SNAS945044,SNAS945044,2023-09-19,666.32,B&H Photo,2023-09-19,2025-09-18,Asus Care Protection,Standard,2024-01-14,2024-01-16,Electrical Failure,Capacitor blown on the primary controller board without power surge.,Electrical,3,613,0,True,True,True,True,True,False,0,False,False,False,False,Likely Valid
CLM-02152,PRD-13506,Smart Dishwasher 24-inch,Appliances,KitchenAid,KIT-APP-900,SNKI709710,SNKI709710,SNKI709710,2023-12-31,904.09,Home Depot,2023-12-31,2026-12-30,KitchenAid Care Protection,Standard,2025-11-15,2025-11-28,Manufacturing Defect,Internal solder joint loosened causing intermittent power disconnects.,Manufacturing,22,410,1,True,True,True,True,True,True,0,False,False,False,False,Likely Valid
CLM-00366,PRD-75948,Electric Range Oven,Appliances,Whirlpool,WHI-APP-796,SNWH404777,SNWH404777,SNWH404777,2023-09-17,1302.56,Direct Factory Outlet,2023-09-17,2026-09-16,Whirlpool Care Protection,Standard,2024-06-03,2024-06-05,Compressor Failure,"Cooling cycle fails to start, compressor is non-responsive.",Manufacturing,8,835,0,True,True,True,True,True,False,0,False,False,False,False,Likely Valid
CLM-01867,PRD-96953,Smart Watch Series 7,Electronics,Asus,ASU-ELE-658,SNAS508104,SNAS508104,SNAS508104,2024-06-08,360.88,Direct Manufacturer Store,2024-06-08,2026-06-08,Asus Care Protection,Standard,2024-12-02,2024-12-11,Component Failure,Cooling fan bearing seized up leading to emergency thermal shutdown.,Unauthorized Modification,5,553,4,False,True,True,True,True,False,1,False,False,True,False,Likely Invalid
CLM-01374,PRD-92688,Smart Watch Series 7,Electronics,Samsung,SAM-ELE-199,SNSA147539,SNSA147539,SNSA147539,2025-03-25,437.33,Target,2025-03-25,2027-03-25,Samsung Care Protection,Standard,2026-02-26,2026-03-01,Software Malfunction,Main OS freezes on start screen; hardware diagnostic passes.,Component Failure,11,392,1,False,True,True,True,True,False,1,False,False,False,False,Manual Review Required
CLM-00818,PRD-92511,Tablet 11-inch Display,Electronics,LG,LG-ELE-966,SNLG871148,SNLG871148,SNLG871148,2023-04-13,711.03,Direct Manufacturer Store,2023-04-13,2025-04-12,LG Care Protection,Standard,2024-05-02,2024-05-10,Display Defect,Backlight flickering continuously on left half of screen.,Manufacturing,12,345,0,True,False,True,True,True,False,1,False,False,False,False,Likely Invalid
CLM-01399,PRD-19483,Gaming Desktop Rig,Electronics,Lenovo,LEN-ELE-221,SNLE523832,SNLE523832,SNLE523832,2023-03-03,2250.32,BestBuy,2023-03-03,2025-03-02,Lenovo Care Protection,Standard,2023-02-19,2023-03-11,Electrical Failure,No current flowing to main motor despite active input power.,Manufacturing,0,742,0,True,True,True,True,True,False,0,False,True,False,False,Manual Review Required
CLM-00984,PRD-83887,Smart Dishwasher 24-inch,Appliances,LG,LG-APP-984,SNLG589584,SNLG589584,SNLG589584,2024-02-22,871.01,Costco,2024-02-22,2028-02-22,AssureX Extended Guard,Extended,2026-10-07,2026-10-14,Electrical Wiring Defect,Unspecified system degradation observed during normal operating routine.,Manufacturing,31,503,0,True,False,True,True,True,False,1,False,False,False,False,Likely Invalid
CLM-00803,PRD-92514,Heavy-Duty Clothes Dryer,Appliances,Whirlpool,WHI-APP-429,SNWH156962,SNWH156962,SNWH156962,2025-03-21,825.0,Lowe's,2025-03-21,2028-03-20,Whirlpool Care Protection,Standard,2027-04-20,2027-04-28,Control Board Failure,Unspecified system degradation observed during normal operating routine.,Manufacturing,24,335,0,True,True,True,True,True,False,0,False,False,False,False,Likely Valid
CLM-00784,PRD-38257,Front-Load Washing Machine,Appliances,GE Appliances,GE -APP-874,SNGE527063,SNGE527063,SNGE527063,2025-02-24,788.7,Lowe's,2025-02-24,2028-02-24,GE Appliances Care Protection,Standard,2028-05-15,2028-05-31,Compressor Failure,"Cooling cycle fails to start, compressor is non-responsive.",Manufacturing,38,-81,0,True,True,True,True,True,False,0,False,False,False,False,Likely Invalid
CLM-02305,PRD-47784,Heavy-Duty Clothes Dryer,Appliances,Samsung,SAM-APP-725,SNSA282072,SNSA282036,SNSA282072,2023-10-04,968.66,Costco,2023-10-04,2027-10-04,AssureX Extended Guard,Extended,2025-04-04,2025-04-12,Control Board Failure,Unspecified system degradation observed during normal operating routine.,Manufacturing,18,913,0,True,True,True,True,True,False,0,True,False,False,False,Manual Review Required
CLM-01925,PRD-25859,Smart Watch Series 7,Electronics,Asus,ASU-ELE-104,SNAS159250,SNAS159250,SNAS159250,2023-08-17,413.96,Direct Manufacturer Store,2023-08-17,2025-08-16,Asus Care Protection,Standard,2024-03-10,2024-03-16,Accidental Damage,Dropped on concrete driveway resulting in shattered enclosure and severed cable.,Accidental Damage,6,524,0,True,True,True,True,True,False,0,False,False,True,False,Likely Invalid
CLM-01615,PRD-15756,ProBook Laptop 15-inch,Electronics,Sony,SON-ELE-746,SNSO641074,SNSO641063,SNSO641074,2024-03-23,858.31,Target,2024-03-23,2026-03-23,Sony Care Protection,Standard,2024-10-25,2024-10-30,Manufacturing Defect,Internal solder joint loosened causing intermittent power disconnects.,Manufacturing,7,514,0,True,True,True,True,True,False,0,True,False,False,False,Manual Review Required
CLM-01790,PRD-12401,Tablet 11-inch Display,Electronics,Apple,APP-ELE-461,SNAP448144,SNAP448144,SNAP448144,2024-07-18,576.26,BestBuy,2024-07-18,2026-07-18,Apple Care Protection,Standard,2024-11-20,2024-11-29,Manufacturing Defect,Factory assembly defect leading to unprovoked system failure.,Manufacturing,4,605,0,True,True,True,True,True,False,0,False,False,False,False,Likely Valid
CLM-00805,PRD-82805,Heavy-Duty Clothes Dryer,Appliances,Samsung,SAM-APP-233,SNSA725278,SNSA725278,SNSA725278,2023-05-24,723.9,Home Depot,2023-05-24,2027-05-24,AssureX Extended Guard,Extended,2026-12-24,2027-01-01,Thermostat Malfunction,Temperature reading fluctuating wildly causing erratic operation.,Electrical Failure,43,151,0,True,True,True,True,False,False,1,False,False,False,False,Manual Review Required
CLM-01385,PRD-42664,Mirrorless Camera Body,Electronics,Samsung,SAM-ELE-584,SNSA920779,SNSA920779,SNSA920779,2024-09-20,1808.22,Amazon Electronics,2024-09-20,2026-09-20,Samsung Care Protection,Standard,2025-03-29,2025-04-03,Component Failure,Cooling fan bearing seized up leading to emergency thermal shutdown.,Manufacturing,6,540,0,True,True,True,True,True,False,0,False,False,False,False,Likely Valid
CLM-01122,PRD-43522,ABS Wheel Speed Sensor,Automotive,Continental Auto,CON-AUT-671,SNCO597726,SNCO597773,SNCO597726,2024-09-24,86.49,NAPA Auto Parts,2024-09-24,2025-09-24,Continental Auto Care Protection,Standard,2025-01-22,2025-01-28,Manufacturing Defect,Internal solder joint loosened causing intermittent power disconnects.,Manufacturing,3,245,0,True,True,True,True,True,False,0,True,False,False,False,Manual Review Required
CLM-00675,PRD-82179,Smart Dishwasher 24-inch,Appliances,Bosch,BOS-APP-720,SNBO175550,SNBO175550,SNBO175550,2024-09-02,713.26,Costco,2024-09-02,2027-09-02,Bosch Care Protection,Standard,2025-04-22,2025-04-26,Compressor Failure,"Cooling cycle fails to start, compressor is non-responsive.",Manufacturing,7,863,1,True,True,True,True,True,True,0,False,False,False,False,Likely Valid
CLM-02385,PRD-93052,Active Noise Cancelling Headphones,Electronics,Lenovo,LEN-ELE-264,SNLE824126,SNLE824126,SNLE824126,2024-11-26,322.7,Amazon Electronics,2024-11-26,2026-11-26,Lenovo Care Protection,Standard,2025-06-15,2025-06-22,Component Failure,Sensor module stopped transmitting readings to the main board.,Manufacturing,6,529,0,True,True,True,True,True,False,0,False,False,False,False,Likely Valid
CLM-01860,PRD-27109,Heavy-Duty Starter Motor,Automotive,Bosch Auto,BOS-AUT-337,SNBO207099,SNBO207099,SNBO207099,2024-11-29,260.39,Advance Auto Parts,2024-11-29,2025-11-29,Bosch Auto Care Protection,Standard,2025-03-24,2025-03-28,Manufacturing Defect,Factory assembly defect leading to unprovoked system failure.,Manufacturing,3,250,1,True,True,True,True,True,True,0,False,False,False,False,Likely Valid
CLM-02087,PRD-86383,French Door Refrigerator,Appliances,Bosch,BOS-APP-744,SNBO488576,SNBO488576,SNBO488576,2024-05-11,1534.49,Sears Appliance Outlet,2024-05-11,2027-05-11,Bosch Care Protection,Standard,2026-04-18,2026-04-26,Manufacturing Defect,Factory assembly defect leading to unprovoked system failure.,Unauthorized Modification,23,388,3,False,True,True,True,True,False,1,False,False,True,False,Likely Invalid
CLM-01485,PRD-78146,Galaxy Ultra Smartphone,Electronics,Sony,SON-ELE-243,SNSO243765,SNSO243765,SNSO243765,2023-04-14,1118.63,Target,2023-04-14,2025-04-13,Sony Care Protection,Standard,2024-10-10,2024-10-24,Display Defect,Backlight flickering continuously on left half of screen.,Manufacturing,17,185,1,True,True,True,True,True,True,0,False,False,False,False,Likely Valid
CLM-01451,PRD-17353,Active Noise Cancelling Headphones,Electronics,Apple,APP-ELE-297,SNAP566309,SNAP566309,SNAP566309,2025-05-31,310.25,Amazon Electronics,2025-05-31,2027-05-31,Apple Care Protection,Standard,2026-02-26,2026-02-28,Component Failure,Sensor module stopped transmitting readings to the main board.,Manufacturing,8,459,1,True,True,True,True,True,True,0,False,False,False,False,Likely Valid
CLM-00227,PRD-50824,Front-Load Washing Machine,Appliances,GE Appliances,GE -APP-341,SNGE632073,SNGE632041,SNGE632073,2023-09-13,749.08,Costco,2023-09-13,2026-09-12,GE Appliances Care Protection,Standard,2026-02-27,2026-03-02,Electrical Wiring Defect,Unspecified system degradation observed during normal operating routine.,Manufacturing,29,197,0,True,True,True,True,True,False,0,True,False,False,False,Manual Review Required
CLM-01930,PRD-49907,High Output Alternator,Automotive,Monroe,MON-AUT-788,SNMO829016,SNMO829016,SNMO829016,2025-04-20,383.05,NAPA Auto Parts,2025-04-20,2027-04-20,AssureX Extended Guard,Extended,2025-11-16,2025-11-26,Electrical Component Failure,Cooling fan bearing seized up leading to emergency thermal shutdown.,Component Failure,6,520,1,False,True,True,True,True,False,1,False,False,False,False,Manual Review Required
CLM-00972,PRD-26671,ProBook Laptop 15-inch,Electronics,Dell,DEL-ELE-233,SNDE851765,SNDE851765,SNDE851765,2023-06-10,871.73,B&H Photo,2023-06-10,2025-06-09,Dell Care Protection,Standard,2024-04-04,2024-04-16,Electrical Failure,Capacitor blown on the primary controller board without power surge.,Electrical,9,431,0,True,True,False,True,True,False,1,False,False,False,False,Likely Valid
CLM-00030,PRD-17120,Heavy-Duty Clothes Dryer,Appliances,Samsung,SAM-APP-752,SNSA275409,SNSA275409,SNSA275409,2024-02-15,747.47,Sears Appliance Outlet,2024-02-15,2027-02-14,Samsung Care Protection,Standard,2027-02-16,2027-02-20,Thermostat Malfunction,"Thermostat stuck open, temperature never reaches target threshold.",Manufacturing,36,-2,0,True,True,True,True,True,False,0,False,False,False,False,Manual Review Required
CLM-02190,PRD-54056,Electronic Fuel Injector Kit,Automotive,K&N,K&N-AUT-705,SNK&377448,SNK&377448,SNK&377448,2024-04-20,452.74,O'Reilly Auto,2024-04-20,2025-04-20,K&N Care Protection,Standard,2024-11-17,2024-11-25,Seal or Gasket Failure,Internal circuit shorted during regular use with standard power supply.,Electrical Failure,6,154,0,True,True,True,True,False,False,1,False,False,False,False,Manual Review Required
CLM-01073,PRD-86221,Convection Microwave Oven,Appliances,LG,LG-APP-631,SNLG760512,SNLG760512,SNLG760512,2025-04-13,315.95,Costco,2025-04-13,2028-04-12,LG Care Protection,Standard,2027-01-02,2027-01-15,Electrical Wiring Defect,Unspecified system degradation observed during normal operating routine.,Unauthorized Modification,20,466,4,False,True,True,True,True,False,1,False,False,True,False,Likely Invalid
CLM-00911,PRD-94549,Convection Microwave Oven,Appliances,Maytag,MAY-APP-882,SNMA316300,SNMA316300,SNMA316300,2023-09-16,303.09,Sears Appliance Outlet,2023-09-16,2027-09-16,AssureX Extended Guard,Extended,2023-12-17,2023-12-21,Damage from Improper Installation,Unspecified system degradation observed during normal operating routine.,Damage from Improper Installation,3,1369,0,True,True,True,True,True,False,0,False,False,True,False,Likely Invalid
CLM-00929,PRD-84625,Electric Range Oven,Appliances,Maytag,MAY-APP-539,SNMA289383,SNMA289383,SNMA289383,2024-12-06,1094.73,Home Depot,2024-12-06,2028-12-06,AssureX Extended Guard,Extended,2025-08-05,2025-08-17,Electrical Wiring Defect,Unspecified system degradation observed during normal operating routine.,Electrical,7,1219,0,True,True,True,True,True,False,0,False,False,False,False,Likely Valid
CLM-01889,PRD-88751,Heavy-Duty Clothes Dryer,Appliances,GE Appliances,GE -APP-475,SNGE595967,SNGE595967,SNGE595967,2024-11-02,701.97,Lowe's,2024-11-02,2027-11-02,GE Appliances Care Protection,Standard,2026-07-31,2026-08-07,Electrical Wiring Defect,Unspecified system degradation observed during normal operating routine.,Electrical,20,459,0,True,True,True,True,True,False,0,False,False,False,False,Likely Valid
CLM-00632,PRD-75100,Electric Range Oven,Appliances,Maytag,MAY-APP-140,SNMA636565,SNMA636565,SNMA636565,2023-04-10,959.58,Lowe's,2023-04-10,2026-04-09,Maytag Care Protection,Standard,2024-02-11,2024-02-14,Manufacturing Defect,Device shut down unexpectedly and fails to power back on under normal conditions.,Manufacturing,10,788,0,True,True,True,True,True,False,0,False,False,False,False,Likely Valid
CLM-01738,PRD-24120,Galaxy Ultra Smartphone,Electronics,Asus,ASU-ELE-706,SNAS920788,SNAS920788,SNAS920788,2024-07-30,913.44,Target,2024-07-30,2026-07-30,Asus Care Protection,Standard,2026-01-03,2026-01-06,Manufacturing Defect,Device shut down unexpectedly and fails to power back on under normal conditions.,Manufacturing,17,208,3,True,True,True,True,True,True,0,False,False,False,False,Manual Review Required
CLM-01307,PRD-48448,Front-Load Washing Machine,Appliances,Bosch,BOS-APP-879,SNBO937158,SNBO937158,SNBO937158,2023-08-03,782.06,Sears Appliance Outlet,2023-08-03,2026-08-02,Bosch Care Protection,Standard,2026-06-11,2026-06-22,Manufacturing Defect,Factory assembly defect leading to unprovoked system failure.,Manufacturing,34,52,0,True,False,True,True,True,False,1,False,False,False,False,Likely Invalid
CLM-00298,PRD-81241,Mirrorless Camera Body,Electronics,Apple,APP-ELE-439,SNAP602171,SNAP602171,SNAP602171,2024-02-20,1322.12,BestBuy,2024-02-20,2026-02-19,Apple Care Protection,Standard,2026-03-22,2026-03-27,Display Defect,Backlight flickering continuously on left half of screen.,Manufacturing,25,-31,0,True,True,True,True,True,False,0,False,False,False,False,Likely Invalid
CLM-02404,PRD-80551,Smart Dishwasher 24-inch,Appliances,Bosch,BOS-APP-548,SNBO505380,SNBO505380,SNBO505380,2023-09-29,652.66,Direct Factory Outlet,2023-09-29,2026-09-28,Bosch Care Protection,Standard,2027-03-14,2027-03-21,Compressor Failure,"Cooling cycle fails to start, compressor is non-responsive.",Manufacturing,41,-167,0,True,True,True,True,True,False,0,False,False,False,False,Likely Invalid
CLM-01952,PRD-64178,French Door Refrigerator,Appliances,KitchenAid,KIT-APP-865,SNKI563853,SNKI563853,SNKI563853,2024-04-25,1493.04,Lowe's,2024-04-25,2027-04-25,KitchenAid Care Protection,Standard,2026-01-07,2026-01-20,Electrical Wiring Defect,Unspecified system degradation observed during normal operating routine.,Electrical,20,473,0,True,True,True,True,True,False,0,False,False,False,False,Likely Valid
CLM-02001,PRD-50920,OLED 4K Smart TV,Electronics,Asus,ASU-ELE-396,SNAS572350,SNAS572350,SNAS572350,2025-03-27,1119.23,BestBuy,2025-03-27,2027-03-27,Asus Care Protection,Standard,2026-08-26,2026-09-02,Display Defect,Backlight flickering continuously on left half of screen.,Manufacturing,16,213,1,True,True,True,True,True,True,0,False,False,False,False,Likely Valid
CLM-00964,PRD-20189,High Output Alternator,Automotive,Continental Auto,CON-AUT-568,SNCO488019,SNCO488019,SNCO488019,2024-02-02,337.11,Advance Auto Parts,2024-02-02,2026-02-01,AssureX Extended Guard,Extended,2024-03-28,2024-04-07,Premature Wear,"Brake pad friction compound deteriorated within 2,000 miles of highway driving.",Component Failure,1,675,1,False,True,True,True,True,False,1,False,False,False,False,Manual Review Required
CLM-01346,PRD-14803,Gaming Desktop Rig,Electronics,Lenovo,LEN-ELE-832,SNLE897363,SNLE897363,SNLE897363,2023-07-03,2201.36,Direct Manufacturer Store,2023-07-03,2025-07-02,Lenovo Care Protection,Standard,2024-06-08,2024-06-18,Electrical Failure,Capacitor blown on the primary controller board without power surge.,Electrical,11,389,0,True,True,True,True,True,False,0,False,False,False,False,Likely Valid
CLM-01375,PRD-42032,OLED 4K Smart TV,Electronics,Lenovo,LEN-ELE-246,SNLE548595,SNLE548595,SNLE548595,2023-04-23,1414.54,Amazon Electronics,2023-04-23,2025-04-22,Lenovo Care Protection,Standard,2023-11-22,2023-12-04,Electrical Failure,Internal circuit shorted during regular use with standard power supply.,Manufacturing,6,517,0,True,False,True,True,True,False,1,False,False,False,False,Likely Invalid
CLM-00656,PRD-43050,OLED 4K Smart TV,Electronics,Lenovo,LEN-ELE-599,SNLE895921,SNLE895921,SNLE895921,2025-04-24,1454.82,Target,2025-04-24,2027-04-24,Lenovo Care Protection,Standard,2027-07-15,2027-07-20,Component Failure,Cooling fan bearing seized up leading to emergency thermal shutdown.,Manufacturing,26,-82,0,True,True,True,True,True,False,0,False,False,False,False,Likely Invalid
CLM-01169,PRD-35947,Mirrorless Camera Body,Electronics,Lenovo,LEN-ELE-592,SNLE614232,SNLE614281,SNLE614232,2025-01-23,1681.94,Direct Manufacturer Store,2025-01-23,2027-01-23,Lenovo Care Protection,Standard,2025-04-04,2025-04-12,Component Failure,Sensor module stopped transmitting readings to the main board.,Manufacturing,2,659,0,True,True,True,True,True,False,0,True,False,False,False,Manual Review Required
CLM-01932,PRD-45579,Front-Load Washing Machine,Appliances,GE Appliances,GE -APP-614,SNGE207964,SNGE207964,SNGE207964,2025-02-13,874.39,Direct Factory Outlet,2025-02-13,2029-02-13,AssureX Extended Guard,Extended,2025-03-22,2025-04-05,Manufacturing Defect,Device shut down unexpectedly and fails to power back on under normal conditions.,Manufacturing,1,1424,0,True,False,True,True,True,False,1,False,False,False,False,Likely Invalid
CLM-01723,PRD-58671,Smart Dishwasher 24-inch,Appliances,Samsung,SAM-APP-172,SNSA182518,SNSA182518,SNSA182518,2024-08-01,815.62,Lowe's,2024-08-01,2027-08-01,Samsung Care Protection,Standard,2025-05-26,2025-06-01,Motor Failure,"Motor winding resistance out of spec, causing tripping.",Manufacturing,9,797,0,True,True,True,True,True,False,0,False,False,False,False,Likely Valid
CLM-02336,PRD-12993,Smart Dishwasher 24-inch,Appliances,GE Appliances,GE -APP-444,SNGE882984,SNGE882984,SNGE882984,2023-08-11,873.14,Costco,2023-08-11,2027-08-11,AssureX Extended Guard,Extended,2024-11-28,2024-11-29,Thermostat Malfunction,Temperature reading fluctuating wildly causing erratic operation.,Manufacturing,15,986,1,True,True,True,True,True,True,0,False,False,False,False,Likely Valid
CLM-00286,PRD-68427,Ceramic Brake Pad Set,Automotive,Bosch Auto,BOS-AUT-700,SNBO786141,SNBO786141,SNBO786141,2023-06-03,141.24,Advance Auto Parts,2023-06-03,2024-06-02,Bosch Auto Care Protection,Standard,2023-12-04,2023-12-16,Electrical Component Failure,Unspecified system degradation observed during normal operating routine.,Manufacturing,6,181,0,True,False,True,True,True,False,1,False,False,False,False,Likely Invalid
CLM-02097,PRD-71221,ProBook Laptop 15-inch,Electronics,HP,HP-ELE-857,SNHP450275,SNHP450275,SNHP450275,2023-02-03,916.62,B&H Photo,2023-02-03,2026-02-02,AssureX Extended Guard,Extended,2025-03-29,2025-03-30,Display Defect,Backlight flickering continuously on left half of screen.,Component Failure,25,310,1,False,True,True,True,True,False,1,False,False,False,False,Manual Review Required
CLM-02070,PRD-29122,ABS Wheel Speed Sensor,Automotive,Bosch Auto,BOS-AUT-650,SNBO290905,SNBO290905,SNBO290905,2024-01-13,112.66,RockAuto,2024-01-13,2025-01-12,Bosch Auto Care Protection,Standard,2024-05-14,2024-05-21,Seal or Gasket Failure,Unspecified system degradation observed during normal operating routine.,Manufacturing,4,243,0,True,True,True,True,True,False,0,False,False,False,False,Likely Valid
CLM-02136,PRD-80157,Front-Load Washing Machine,Appliances,Maytag,MAY-APP-733,SNMA867286,SNMA867286,SNMA867286,2025-02-05,789.79,Direct Factory Outlet,2025-02-05,2029-02-05,AssureX Extended Guard,Extended,2027-05-25,2027-06-02,Compressor Failure,Compressor clicking repeatedly and unable to compress refrigerant.,Electrical Failure,27,622,0,True,True,True,True,False,False,1,False,False,False,False,Manual Review Required
CLM-00180,PRD-66694,Heavy-Duty Clothes Dryer,Appliances,Samsung,SAM-APP-789,SNSA781605,SNSA781605,SNSA781605,2024-09-24,696.6,Sears Appliance Outlet,2024-09-24,2027-09-24,Samsung Care Protection,Standard,2028-02-23,2028-03-10,Thermostat Malfunction,"Thermostat stuck open, temperature never reaches target threshold.",Manufacturing,40,-152,0,True,True,True,True,True,False,0,False,False,False,False,Likely Invalid
CLM-00318,PRD-85564,Smart Dishwasher 24-inch,Appliances,Samsung,SAM-APP-273,SNSA409967,SNSA409967,SNSA409967,2024-07-18,685.94,Sears Appliance Outlet,2024-07-18,2027-07-18,Samsung Care Protection,Standard,2025-03-30,2025-04-01,Motor Failure,"Motor winding resistance out of spec, causing tripping.",Manufacturing,8,840,1,True,True,True,True,True,True,0,False,False,False,False,Likely Valid
CLM-02071,PRD-16977,Front-Load Washing Machine,Appliances,Bosch,BOS-APP-597,SNBO841345,SNBO841345,SNBO841345,2024-08-23,912.22,Sears Appliance Outlet,2024-08-23,2027-08-23,Bosch Care Protection,Standard,2025-08-30,2025-09-08,Thermostat Malfunction,"Thermostat stuck open, temperature never reaches target threshold.",Manufacturing,12,723,0,True,True,True,True,True,False,0,False,False,False,False,Likely Valid
CLM-01613,PRD-30696,Electric Range Oven,Appliances,Bosch,BOS-APP-742,SNBO578009,SNBO578009,SNBO578009,2023-08-15,956.63,Lowe's,2023-08-15,2026-08-14,Bosch Care Protection,Standard,2024-03-13,2024-03-24,Control Board Failure,Unspecified system degradation observed during normal operating routine.,Manufacturing,6,884,0,True,True,True,True,True,False,0,False,False,False,False,Likely Valid
CLM-02105,PRD-64534,Electronic Fuel Injector Kit,Automotive,ACDelco,ACD-AUT-864,SNAC378589,SNAC378589,SNAC378589,2025-01-04,504.72,RockAuto,2025-01-04,2026-01-04,ACDelco Care Protection,Standard,2025-05-30,2025-06-08,Manufacturing Defect,Internal solder joint loosened causing intermittent power disconnects.,Manufacturing,4,219,0,True,True,True,True,True,False,0,False,False,False,False,Likely Valid
CLM-01638,PRD-69779,Heavy-Duty Clothes Dryer,Appliances,GE Appliances,GE -APP-683,SNGE204915,SNGE204915,SNGE204915,2025-01-20,874.29,Home Depot,2025-01-20,2028-01-20,GE Appliances Care Protection,Standard,2025-07-09,2025-07-12,Electrical Wiring Defect,Unspecified system degradation observed during normal operating routine.,Manufacturing,5,925,0,True,False,True,True,True,False,1,False,False,False,False,Likely Invalid
CLM-00509,PRD-21974,ProBook Laptop 15-inch,Electronics,Asus,ASU-ELE-141,SNAS738727,SNAS738736,SNAS738727,2023-10-23,812.86,B&H Photo,2023-10-23,2025-10-22,Asus Care Protection,Standard,2025-05-10,2025-05-15,Manufacturing Defect,Device shut down unexpectedly and fails to power back on under normal conditions.,Manufacturing,18,165,0,True,True,True,True,True,False,0,True,False,False,False,Manual Review Required
CLM-01594,PRD-97677,Heavy-Duty Clothes Dryer,Appliances,GE Appliances,GE -APP-882,SNGE779382,SNGE779382,SNGE779382,2023-01-01,810.68,Costco,2023-01-01,2025-12-31,GE Appliances Care Protection,Standard,2024-09-28,2024-10-10,Electrical Wiring Defect,Unspecified system degradation observed during normal operating routine.,Electrical,20,459,1,True,True,True,True,True,True,0,False,False,False,False,Likely Valid
CLM-00534,PRD-90944,Active Noise Cancelling Headphones,Electronics,Sony,SON-ELE-987,SNSO875788,SNSO875788,SNSO875788,2024-10-06,312.03,B&H Photo,2024-10-06,2026-10-06,Sony Care Protection,Standard,2025-08-25,2025-08-28,Electrical Failure,Capacitor blown on the primary controller board without power surge.,Electrical,10,407,0,True,True,True,True,True,False,0,False,False,False,False,Likely Valid
CLM-00160,PRD-58409,Smart Watch Series 7,Electronics,Asus,ASU-ELE-133,SNAS882758,SNAS882758,SNAS882758,2023-07-04,364.18,Direct Manufacturer Store,2023-07-04,2026-07-03,AssureX Extended Guard,Extended,2026-07-04,2026-07-07,Display Defect,Backlight flickering continuously on left half of screen.,Manufacturing,36,-1,0,True,True,True,True,True,False,0,False,False,False,False,Manual Review Required
CLM-00886,PRD-96328,Smart Dishwasher 24-inch,Appliances,Samsung,SAM-APP-209,SNSA916872,SNSA916872,SNSA916872,2024-09-10,916.8,Direct Factory Outlet,2024-09-10,2027-09-10,Samsung Care Protection,Standard,2025-12-17,2025-12-28,Manufacturing Defect,Factory assembly defect leading to unprovoked system failure.,Manufacturing,15,632,1,True,True,True,True,True,True,0,False,False,False,False,Likely Valid
CLM-00323,PRD-46487,Electronic Fuel Injector Kit,Automotive,Monroe,MON-AUT-317,SNMO836405,SNMO836405,SNMO836405,2024-12-07,481.54,AutoZone,2024-12-07,2025-12-07,Monroe Care Protection,Standard,2025-06-18,2025-06-21,Electrical Component Failure,Unspecified system degradation observed during normal operating routine.,Electrical,6,172,0,True,True,True,True,True,False,0,False,False,False,False,Likely Valid
CLM-01604,PRD-43962,French Door Refrigerator,Appliances,GE Appliances,GE -APP-938,SNGE370743,SNGE370743,SNGE370743,2023-07-17,1914.34,Lowe's,2023-07-17,2026-07-16,GE Appliances Care Protection,Standard,2023-07-04,2023-07-25,Control Board Failure,Unspecified system degradation observed during normal operating routine.,Manufacturing,0,1108,0,True,True,True,True,True,False,0,False,True,False,False,Manual Review Required
CLM-00572,PRD-36293,Mirrorless Camera Body,Electronics,Lenovo,LEN-ELE-611,SNLE195142,SNLE195142,SNLE195142,2023-12-19,1339.55,Target,2023-12-19,2025-12-18,Lenovo Care Protection,Standard,2025-10-27,2025-10-29,Software Malfunction,Main OS freezes on start screen; hardware diagnostic passes.,Electrical Failure,22,52,0,True,True,True,True,False,False,1,False,False,False,False,Manual Review Required
CLM-00813,PRD-68935,Tablet 11-inch Display,Electronics,Apple,APP-ELE-518,SNAP130573,SNAP130573,SNAP130573,2023-02-05,640.5,Direct Manufacturer Store,2023-02-05,2026-02-04,AssureX Extended Guard,Extended,2025-06-08,2025-06-19,Manufacturing Defect,Internal solder joint loosened causing intermittent power disconnects.,Unauthorized Modification,28,241,3,False,True,True,True,True,False,1,False,False,True,False,Likely Invalid
CLM-01819,PRD-61331,Heavy-Duty Starter Motor,Automotive,Brembo,BRE-AUT-911,SNBR477960,SNBR477960,SNBR477960,2023-06-22,279.61,NAPA Auto Parts,2023-06-22,2024-06-21,Brembo Care Protection,Standard,2023-09-11,2023-09-20,Seal or Gasket Failure,Unspecified system degradation observed during normal operating routine.,Manufacturing,2,284,0,True,True,True,True,True,False,0,False,False,False,False,Likely Valid
CLM-00514,PRD-35374,Tablet 11-inch Display,Electronics,Asus,ASU-ELE-753,SNAS820328,SNAS820328,SNAS820328,2023-06-18,692.53,Amazon Electronics,2023-06-18,2025-06-17,Asus Care Protection,Standard,2024-05-27,2024-06-05,Physical Impact,Unspecified system degradation observed during normal operating routine.,Physical Impact,11,386,0,True,True,True,True,True,False,0,False,False,True,False,Likely Invalid
CLM-02077,PRD-65484,ProBook Laptop 15-inch,Electronics,Apple,APP-ELE-826,SNAP689986,SNAP689986,SNAP689986,2024-09-30,892.74,Target,2024-09-30,2026-09-30,Apple Care Protection,Standard,2025-04-22,2025-05-06,Component Failure,Cooling fan bearing seized up leading to emergency thermal shutdown.,Manufacturing,6,526,0,True,True,True,True,True,False,0,False,False,False,False,Likely Valid
CLM-02043,PRD-33593,Tablet 11-inch Display,Electronics,Samsung,SAM-ELE-381,SNSA944202,SNSA944202,SNSA944202,2024-12-20,759.16,BestBuy,2024-12-20,2026-12-20,Samsung Care Protection,Standard,2025-06-30,2025-07-01,Manufacturing Defect,Device shut down unexpectedly and fails to power back on under normal conditions.,Manufacturing,6,538,0,True,True,True,True,True,False,0,False,False,False,False,Likely Valid
CLM-00329,PRD-88766,High Output Alternator,Automotive,Continental Auto,CON-AUT-530,SNCO830276,SNCO830276,SNCO830276,2024-08-09,363.27,Advance Auto Parts,2024-08-09,2025-08-09,Continental Auto Care Protection,Standard,2024-12-30,2025-01-03,Premature Wear,Bushing cracked prematurely during regular non-commercial transit.,Manufacturing,4,222,0,True,True,True,True,True,False,0,False,False,False,False,Likely Valid
CLM-01875,PRD-13802,Tablet 11-inch Display,Electronics,HP,HP-ELE-647,SNHP587844,SNHP587844,SNHP587844,2023-01-17,791.19,Target,2023-01-17,2026-01-16,AssureX Extended Guard,Extended,2023-12-12,2023-12-16,Display Defect,Backlight flickering continuously on left half of screen.,Manufacturing,10,766,0,True,True,True,True,True,False,0,False,False,False,False,Likely Valid
CLM-00593,PRD-41151,Gaming Desktop Rig,Electronics,Asus,ASU-ELE-389,SNAS818914,SNAS818914,SNAS818914,2025-02-01,2028.38,Target,2025-02-01,2027-02-01,Asus Care Protection,Standard,2024-12-20,2025-02-20,Component Failure,Sensor module stopped transmitting readings to the main board.,Manufacturing,0,773,0,True,True,True,True,True,False,0,False,True,False,False,Manual Review Required
CLM-02174,PRD-70780,Heavy-Duty Starter Motor,Automotive,K&N,K&N-AUT-199,SNK&634883,SNK&634883,SNK&634883,2024-07-24,302.86,Advance Auto Parts,2024-07-24,2025-07-24,K&N Care Protection,Standard,2025-04-13,2025-04-21,Manufacturing Defect,Device shut down unexpectedly and fails to power back on under normal conditions.,Manufacturing,8,102,0,True,True,False,True,True,False,1,False,False,False,False,Likely Valid
CLM-01270,PRD-39561,Smart Watch Series 7,Electronics,LG,LG-ELE-363,SNLG226370,SNLG226370,SNLG226370,2023-04-23,452.6,B&H Photo,2023-04-23,2025-04-22,LG Care Protection,Standard,2025-02-14,2025-02-20,Component Failure,Sensor module stopped transmitting readings to the main board.,Unauthorized Modification,21,67,2,False,True,True,True,True,False,1,False,False,True,False,Likely Invalid
CLM-01816,PRD-70109,ABS Wheel Speed Sensor,Automotive,Denso,DEN-AUT-920,SNDE511658,SNDE511658,SNDE511658,2024-01-05,92.72,Advance Auto Parts,2024-01-05,2025-01-04,Denso Care Protection,Standard,2024-08-23,2024-09-03,Material Failure,Unspecified system degradation observed during normal operating routine.,Manufacturing,7,134,0,True,True,True,True,True,False,0,False,False,False,False,Likely Valid
CLM-02243,PRD-72221,Heavy-Duty Clothes Dryer,Appliances,KitchenAid,KIT-APP-347,SNKI235495,SNKI235495,SNKI235495,2023-12-09,922.08,Costco,2023-12-09,2027-12-09,AssureX Extended Guard,Extended,2025-10-04,2025-10-10,Compressor Failure,Compressor clicking repeatedly and unable to compress refrigerant.,Manufacturing,21,796,1,True,True,True,True,True,True,0,False,False,False,False,Likely Valid
CLM-00011,PRD-28554,Active Noise Cancelling Headphones,Electronics,Samsung,SAM-ELE-655,SNSA467335,SNSA467335,SNSA467335,2024-03-16,299.53,B&H Photo,2024-03-16,2026-03-16,Samsung Care Protection,Standard,2024-06-26,2024-07-01,Unauthorized Modification,Unspecified system degradation observed during normal operating routine.,Unauthorized Modification,3,628,0,True,True,True,True,True,False,0,False,False,True,False,Likely Invalid
CLM-01382,PRD-17144,Performance Shock Absorbers,Automotive,Monroe,MON-AUT-540,SNMO550257,SNMO550257,SNMO550257,2024-07-07,352.39,Advance Auto Parts,2024-07-07,2025-07-07,Monroe Care Protection,Standard,2025-03-26,2025-04-06,Electrical Component Failure,Unspecified system degradation observed during normal operating routine.,Unauthorized Modification,8,103,4,False,True,True,True,True,False,1,False,False,True,False,Likely Invalid
CLM-01866,PRD-37473,Galaxy Ultra Smartphone,Electronics,Asus,ASU-ELE-911,SNAS869221,SNAS869221,SNAS869221,2023-09-05,1150.7,Amazon Electronics,2023-09-05,2025-09-04,Asus Care Protection,Standard,2024-04-07,2024-04-21,Component Failure,Cooling fan bearing seized up leading to emergency thermal shutdown.,Manufacturing,7,515,1,True,True,True,True,True,True,0,False,False,False,False,Likely Valid
CLM-00251,PRD-12826,Smart Watch Series 7,Electronics,Apple,APP-ELE-844,SNAP510840,SNAP510840,SNAP510840,2025-05-01,386.89,Amazon Electronics,2025-05-01,2028-04-30,AssureX Extended Guard,Extended,2026-09-22,2026-09-29,Component Failure,Cooling fan bearing seized up leading to emergency thermal shutdown.,Manufacturing,16,586,1,True,True,True,True,True,True,0,False,False,False,False,Likely Valid
CLM-01042,PRD-90904,Electric Range Oven,Appliances,Bosch,BOS-APP-254,SNBO469645,SNBO469645,SNBO469645,2024-01-27,980.57,Direct Factory Outlet,2024-01-27,2027-01-26,Bosch Care Protection,Standard,2025-01-07,2025-01-17,Compressor Failure,"Cooling cycle fails to start, compressor is non-responsive.",Manufacturing,11,749,0,True,True,True,True,True,False,0,False,False,False,False,Likely Valid
CLM-01021,PRD-85355,Mirrorless Camera Body,Electronics,Dell,DEL-ELE-382,SNDE706411,SNDE706411,SNDE706411,2024-02-23,1494.02,Amazon Electronics,2024-02-23,2027-02-22,AssureX Extended Guard,Extended,2024-04-28,2024-05-07,Display Defect,Vertical colored line artifacts appeared across OLED panel without impact.,Manufacturing,2,1030,0,True,False,True,True,True,False,1,False,False,False,False,Likely Invalid
CLM-00374,PRD-62312,Front-Load Washing Machine,Appliances,LG,LG-APP-931,SNLG811459,SNLG811459,SNLG811459,2023-06-02,939.1,Costco,2023-06-02,2026-06-01,LG Care Protection,Standard,2025-03-29,2025-04-01,Electrical Wiring Defect,Unspecified system degradation observed during normal operating routine.,Manufacturing,21,429,0,True,False,True,True,True,False,1,False,False,False,False,Likely Invalid
CLM-01148,PRD-55146,Convection Microwave Oven,Appliances,Bosch,BOS-APP-419,SNBO267530,SNBO267530,SNBO267530,2024-12-06,393.73,Lowe's,2024-12-06,2027-12-06,Bosch Care Protection,Standard,2025-05-27,2025-06-01,Manufacturing Defect,Factory assembly defect leading to unprovoked system failure.,Manufacturing,5,923,0,True,True,True,True,True,False,0,False,False,False,False,Likely Valid
CLM-00294,PRD-58318,ProBook Laptop 15-inch,Electronics,Lenovo,LEN-ELE-556,SNLE342979,SNLE342979,SNLE342979,2023-08-19,970.64,Target,2023-08-19,2026-08-18,AssureX Extended Guard,Extended,2024-05-04,2024-05-12,Electrical Failure,Internal circuit shorted during regular use with standard power supply.,Electrical,8,836,0,True,True,True,True,True,False,0,False,False,False,False,Likely Valid
CLM-01115,PRD-80469,Tablet 11-inch Display,Electronics,HP,HP-ELE-214,SNHP997244,SNHP997244,SNHP997244,2024-12-05,736.3,B&H Photo,2024-12-05,2026-12-05,HP Care Protection,Standard,2025-05-10,2025-05-18,Software Malfunction,System firmware entered boot loop following manufacturer OTA update.,Unauthorized Modification,5,574,2,False,True,True,True,True,False,1,False,False,True,False,Likely Invalid
CLM-01536,PRD-20256,French Door Refrigerator,Appliances,Maytag,MAY-APP-714,SNMA295102,SNMA295102,SNMA295102,2024-01-03,1650.25,Costco,2024-01-03,2028-01-03,AssureX Extended Guard,Extended,2027-12-04,2027-12-17,Manufacturing Defect,Factory assembly defect leading to unprovoked system failure.,Unauthorized Modification,47,30,4,False,True,True,True,True,False,1,False,False,True,False,Likely Invalid
CLM-01164,PRD-23767,Front-Load Washing Machine,Appliances,Whirlpool,WHI-APP-267,SNWH165517,SNWH165517,SNWH165517,2024-11-24,1062.33,Lowe's,2024-11-24,2027-11-24,Whirlpool Care Protection,Standard,2028-01-05,2028-01-15,Manufacturing Defect,Device shut down unexpectedly and fails to power back on under normal conditions.,Manufacturing,37,-42,0,True,True,True,True,True,False,0,False,False,False,False,Likely Invalid
CLM-02209,PRD-83877,Electric Range Oven,Appliances,Samsung,SAM-APP-795,SNSA686934,SNSA686934,SNSA686934,2025-03-04,1230.69,Costco,2025-03-04,2028-03-03,Samsung Care Protection,Standard,2027-02-11,2027-02-17,Thermostat Malfunction,Temperature reading fluctuating wildly causing erratic operation.,Manufacturing,23,386,0,True,True,True,True,True,False,0,False,False,False,False,Likely Valid
CLM-01774,PRD-92325,Galaxy Ultra Smartphone,Electronics,LG,LG-ELE-605,SNLG809119,SNLG809119,SNLG809119,2024-01-16,1204.38,Target,2024-01-16,2027-01-15,AssureX Extended Guard,Extended,2023-12-24,2024-02-03,Manufacturing Defect,Factory assembly defect leading to unprovoked system failure.,Manufacturing,0,1118,0,True,True,True,True,True,False,0,False,True,False,False,Manual Review Required
CLM-02409,PRD-31343,Smart Watch Series 7,Electronics,HP,HP-ELE-730,SNHP994997,SNHP994997,SNHP994997,2024-06-30,490.98,Amazon Electronics,2024-06-30,2026-06-30,HP Care Protection,Standard,2025-11-12,2025-11-26,Manufacturing Defect,Factory assembly defect leading to unprovoked system failure.,Manufacturing,16,230,0,True,True,True,True,True,False,0,False,False,False,False,Likely Valid
CLM-01761,PRD-88055,Front-Load Washing Machine,Appliances,Maytag,MAY-APP-769,SNMA603810,SNMA603810,SNMA603810,2023-11-03,828.99,Sears Appliance Outlet,2023-11-03,2026-11-02,Maytag Care Protection,Standard,2024-05-22,2024-05-30,Electrical Wiring Defect,Unspecified system degradation observed during normal operating routine.,Electrical,6,894,0,True,True,True,True,True,False,0,False,False,False,False,Likely Valid
CLM-00118,PRD-62564,Front-Load Washing Machine,Appliances,Samsung,SAM-APP-368,SNSA835325,SNSA835325,SNSA835325,2024-10-28,1012.12,Home Depot,2024-10-28,2027-10-28,Samsung Care Protection,Standard,2025-09-09,2025-09-11,Compressor Failure,Compressor clicking repeatedly and unable to compress refrigerant.,Manufacturing,10,779,0,True,True,True,True,True,False,0,False,False,False,False,Likely Valid
CLM-00647,PRD-82223,Electronic Fuel Injector Kit,Automotive,K&N,K&N-AUT-657,SNK&271856,SNK&271856,SNK&271856,2025-04-20,419.71,O'Reilly Auto,2025-04-20,2026-04-20,K&N Care Protection,Standard,2025-11-13,2025-11-20,Premature Wear,Bushing cracked prematurely during regular non-commercial transit.,Manufacturing,6,158,0,True,False,True,True,True,False,1,False,False,False,False,Likely Invalid
CLM-01223,PRD-27013,Convection Microwave Oven,Appliances,KitchenAid,KIT-APP-950,SNKI981373,SNKI981383,SNKI981373,2024-08-30,279.03,Costco,2024-08-30,2027-08-30,KitchenAid Care Protection,Standard,2026-09-23,2026-09-24,Manufacturing Defect,Internal solder joint loosened causing intermittent power disconnects.,Manufacturing,24,341,0,True,True,True,True,True,False,0,True,False,False,False,Manual Review Required
CLM-01443,PRD-37565,Convection Microwave Oven,Appliances,Samsung,SAM-APP-450,SNSA697819,SNSA697819,SNSA697819,2025-03-24,281.16,Sears Appliance Outlet,2025-03-24,2028-03-23,Samsung Care Protection,Standard,2025-10-16,2025-10-18,Manufacturing Defect,Internal solder joint loosened causing intermittent power disconnects.,Manufacturing,6,889,0,True,True,True,True,True,False,0,False,False,False,False,Likely Valid
CLM-00978,PRD-49387,Heavy-Duty Starter Motor,Automotive,Bosch Auto,BOS-AUT-695,SNBO400878,SNBO400878,SNBO400878,2023-02-26,302.0,O'Reilly Auto,2023-02-26,2025-02-25,AssureX Extended Guard,Extended,2024-05-01,2024-05-05,Material Failure,Sensor module stopped transmitting readings to the main board.,Component Failure,14,300,1,False,True,True,True,True,False,1,False,False,False,False,Manual Review Required
CLM-01050,PRD-94640,Active Noise Cancelling Headphones,Electronics,Lenovo,LEN-ELE-546,SNLE356233,SNLE356233,SNLE356233,2024-09-26,289.89,Amazon Electronics,2024-09-26,2026-09-26,Lenovo Care Protection,Standard,2026-03-12,2026-03-22,Software Malfunction,System firmware entered boot loop following manufacturer OTA update.,Manufacturing,17,198,0,True,True,True,True,True,False,0,False,False,False,False,Likely Valid
CLM-02101,PRD-13161,Convection Microwave Oven,Appliances,Bosch,BOS-APP-806,SNBO525948,SNBO525948,SNBO525948,2024-06-19,357.35,Direct Factory Outlet,2024-06-19,2028-06-19,AssureX Extended Guard,Extended,2027-04-20,2027-04-28,Manufacturing Defect,Device shut down unexpectedly and fails to power back on under normal conditions.,Component Failure,34,426,1,False,True,True,True,True,False,1,False,False,False,False,Manual Review Required
CLM-01957,PRD-30675,Tablet 11-inch Display,Electronics,Lenovo,LEN-ELE-733,SNLE324732,SNLE324732,SNLE324732,2024-05-17,683.37,Target,2024-05-17,2026-05-17,Lenovo Care Protection,Standard,2024-11-18,2024-11-22,Manufacturing Defect,Internal solder joint loosened causing intermittent power disconnects.,Manufacturing,6,545,1,True,True,True,True,True,True,0,False,False,False,False,Likely Valid
CLM-01195,PRD-30959,Gaming Desktop Rig,Electronics,LG,LG-ELE-691,SNLG334751,SNLG334751,SNLG334751,2025-05-24,2203.58,Target,2025-05-24,2027-05-24,LG Care Protection,Standard,2026-10-15,2026-10-23,Component Failure,Sensor module stopped transmitting readings to the main board.,Manufacturing,16,221,0,True,True,True,True,True,False,0,False,False,False,False,Likely Valid
CLM-02034,PRD-24390,ABS Wheel Speed Sensor,Automotive,Denso,DEN-AUT-508,SNDE199460,SNDE199460,SNDE199460,2023-07-17,113.53,RockAuto,2023-07-17,2024-07-16,Denso Care Protection,Standard,2024-04-08,2024-04-13,Material Failure,Cooling fan bearing seized up leading to emergency thermal shutdown.,Component Failure,8,99,1,False,True,True,True,True,False,1,False,False,False,False,Manual Review Required
CLM-00044,PRD-16003,ProBook Laptop 15-inch,Electronics,Sony,SON-ELE-600,SNSO785592,SNSO785592,SNSO785592,2024-01-12,728.98,Direct Manufacturer Store,2024-01-12,2026-01-11,Sony Care Protection,Standard,2024-05-07,2024-05-10,Manufacturing Defect,Internal solder joint loosened causing intermittent power disconnects.,Manufacturing,3,614,0,True,True,True,True,True,False,0,False,False,False,False,Likely Valid
CLM-01542,PRD-99510,OLED 4K Smart TV,Electronics,Dell,DEL-ELE-128,SNDE391822,SNDE391822,SNDE391822,2023-12-20,1279.82,Target,2023-12-20,2026-12-19,AssureX Extended Guard,Extended,2025-04-27,2025-04-29,Software Malfunction,System firmware entered boot loop following manufacturer OTA update.,Electrical Failure,16,601,0,True,True,True,True,False,False,1,False,False,False,False,Manual Review Required
CLM-01318,PRD-99791,Heavy-Duty Starter Motor,Automotive,Denso,DEN-AUT-116,SNDE104282,SNDE104282,SNDE104282,2024-11-30,293.78,Advance Auto Parts,2024-11-30,2026-11-30,AssureX Extended Guard,Extended,2025-05-19,2025-05-23,Environmental Corrosion,Unspecified system degradation observed during normal operating routine.,Environmental Corrosion,5,560,0,True,True,True,True,True,False,0,False,False,True,False,Likely Invalid
CLM-00854,PRD-37579,French Door Refrigerator,Appliances,Bosch,BOS-APP-690,SNBO535771,SNBO535771,SNBO535771,2025-02-15,1994.99,Home Depot,2025-02-15,2028-02-15,Bosch Care Protection,Standard,2027-04-13,2027-04-15,Motor Failure,Drive motor hums loudly but will not spin drum under normal load.,Manufacturing,25,308,0,True,True,True,True,True,False,0,False,False,False,False,Likely Valid
CLM-01929,PRD-31524,Gaming Desktop Rig,Electronics,Lenovo,LEN-ELE-869,SNLE946812,SNLE946812,SNLE946812,2023-02-26,2267.52,Amazon Electronics,2023-02-26,2026-02-25,AssureX Extended Guard,Extended,2026-08-10,2026-08-28,Electrical Failure,No current flowing to main motor despite active input power.,Manufacturing,41,-166,0,True,True,True,True,True,False,0,False,False,False,False,Likely Invalid
CLM-01926,PRD-31420,Heavy-Duty Clothes Dryer,Appliances,KitchenAid,KIT-APP-889,SNKI681883,SNKI681883,SNKI681883,2023-09-15,945.06,Direct Factory Outlet,2023-09-15,2027-09-15,AssureX Extended Guard,Extended,2025-08-28,2025-09-07,Electrical Wiring Defect,Unspecified system degradation observed during normal operating routine.,Electrical,23,748,1,True,True,False,True,True,True,1,False,False,False,False,Likely Valid
CLM-01186,PRD-40843,Active Noise Cancelling Headphones,Electronics,Lenovo,LEN-ELE-280,SNLE160329,SNLE160329,SNLE160329,2024-02-08,315.72,B&H Photo,2024-02-08,2026-02-07,Lenovo Care Protection,Standard,2024-11-20,2024-12-03,Manufacturing Defect,Internal solder joint loosened causing intermittent power disconnects.,Manufacturing,9,444,0,True,True,True,True,True,False,0,False,False,False,False,Likely Valid
CLM-00443,PRD-92564,Electric Range Oven,Appliances,Samsung,SAM-APP-211,SNSA774044,SNSA774044,SNSA774044,2023-05-10,1071.67,Lowe's,2023-05-10,2026-05-09,Samsung Care Protection,Standard,2025-05-17,2025-05-20,Motor Failure,Drive motor hums loudly but will not spin drum under normal load.,Manufacturing,24,357,1,True,True,True,True,True,True,0,False,False,False,False,Likely Valid
CLM-02351,PRD-49868,Heavy-Duty Clothes Dryer,Appliances,Maytag,MAY-APP-998,SNMA506672,SNMA506672,SNMA506672,2025-03-27,865.51,Direct Factory Outlet,2025-03-27,2029-03-27,AssureX Extended Guard,Extended,2027-06-08,2027-06-21,Electrical Wiring Defect,Unspecified system degradation observed during normal operating routine.,Electrical,26,658,1,True,True,True,True,True,True,0,False,False,False,False,Likely Valid
CLM-02217,PRD-67827,Smart Dishwasher 24-inch,Appliances,GE Appliances,GE -APP-731,SNGE812668,SNGE812668,SNGE812668,2023-02-12,818.12,Costco,2023-02-12,2027-02-12,AssureX Extended Guard,Extended,2027-06-21,2027-06-24,Manufacturing Defect,Internal solder joint loosened causing intermittent power disconnects.,Manufacturing,52,-129,0,True,True,True,True,True,False,0,False,False,False,False,Likely Invalid
CLM-01087,PRD-32323,Tablet 11-inch Display,Electronics,HP,HP-ELE-275,SNHP289734,SNHP289734,SNHP289734,2024-06-21,704.46,B&H Photo,2024-06-21,2026-06-21,HP Care Protection,Standard,2024-11-01,2024-11-08,Manufacturing Defect,Factory assembly defect leading to unprovoked system failure.,Manufacturing,4,597,0,True,False,True,True,True,False,1,False,False,False,False,Likely Invalid
CLM-01770,PRD-80910,Active Noise Cancelling Headphones,Electronics,Dell,DEL-ELE-356,SNDE793540,SNDE793540,SNDE793540,2024-09-05,252.82,BestBuy,2024-09-05,2027-09-05,AssureX Extended Guard,Extended,2026-10-06,2026-10-09,Software Malfunction,Main OS freezes on start screen; hardware diagnostic passes.,Manufacturing,25,334,0,True,True,True,True,True,False,0,False,False,False,False,Likely Valid
CLM-00678,PRD-40210,Performance Shock Absorbers,Automotive,Brembo,BRE-AUT-836,SNBR390637,SNBR390637,SNBR390637,2023-12-09,366.2,Advance Auto Parts,2023-12-09,2024-12-08,Brembo Care Protection,Standard,2024-05-08,2024-05-11,Manufacturing Defect,Factory assembly defect leading to unprovoked system failure.,Manufacturing,4,214,0,True,False,True,True,True,False,1,False,False,False,False,Likely Invalid
CLM-01304,PRD-37568,Heavy-Duty Clothes Dryer,Appliances,GE Appliances,GE -APP-590,SNGE323033,SNGE323033,SNGE323033,2025-05-28,931.56,Lowe's,2025-05-28,2029-05-28,AssureX Extended Guard,Extended,2026-12-09,2026-12-10,Motor Failure,Drive motor hums loudly but will not spin drum under normal load.,Manufacturing,18,901,0,True,False,True,True,True,False,1,False,False,False,False,Likely Invalid
CLM-00640,PRD-74445,Tablet 11-inch Display,Electronics,Lenovo,LEN-ELE-568,SNLE509735,SNLE509735,SNLE509735,2025-01-15,708.97,Amazon Electronics,2025-01-15,2027-01-15,Lenovo Care Protection,Standard,2025-10-26,2025-10-28,Display Defect,Vertical colored line artifacts appeared across OLED panel without impact.,Electrical Failure,9,446,0,True,True,True,True,False,False,1,False,False,False,False,Manual Review Required
CLM-00392,PRD-49089,French Door Refrigerator,Appliances,Samsung,SAM-APP-682,SNSA181939,SNSA181939,SNSA181939,2023-06-06,1441.4,Direct Factory Outlet,2023-06-06,2026-06-05,Samsung Care Protection,Standard,2025-04-10,2025-04-14,Manufacturing Defect,Device shut down unexpectedly and fails to power back on under normal conditions.,Manufacturing,22,421,0,True,True,True,True,True,False,0,False,False,False,False,Likely Valid
CLM-01220,PRD-18749,OLED 4K Smart TV,Electronics,HP,HP-ELE-694,SNHP478857,SNHP478857,SNHP478857,2025-01-11,1226.55,Amazon Electronics,2025-01-11,2027-01-11,HP Care Protection,Standard,2027-02-04,2027-02-13,Display Defect,Vertical colored line artifacts appeared across OLED panel without impact.,Manufacturing,24,-24,0,True,True,True,True,True,False,0,False,False,False,False,Likely Invalid
CLM-01329,PRD-46435,Performance Shock Absorbers,Automotive,Monroe,MON-AUT-853,SNMO660646,SNMO660646,SNMO660646,2023-04-18,356.95,RockAuto,2023-04-18,2024-04-17,Monroe Care Protection,Standard,2024-03-09,2024-03-10,Seal or Gasket Failure,Unspecified system degradation observed during normal operating routine.,Manufacturing,10,39,0,True,False,True,True,True,False,1,False,False,False,False,Likely Invalid
CLM-02321,PRD-23603,Heavy-Duty Clothes Dryer,Appliances,Bosch,BOS-APP-240,SNBO498133,SNBO498133,SNBO498133,2025-03-28,779.46,Sears Appliance Outlet,2025-03-28,2028-03-27,Bosch Care Protection,Standard,2026-01-19,2026-02-02,Compressor Failure,Compressor clicking repeatedly and unable to compress refrigerant.,Manufacturing,9,798,0,True,True,True,True,True,False,0,False,False,False,False,Likely Valid
CLM-01402,PRD-31177,OLED 4K Smart TV,Electronics,LG,LG-ELE-238,SNLG418195,SNLG418195,SNLG418195,2025-03-19,1454.98,BestBuy,2025-03-19,2027-03-19,LG Care Protection,Standard,2025-12-01,2025-12-03,Manufacturing Defect,Factory assembly defect leading to unprovoked system failure.,Manufacturing,8,473,1,True,True,True,True,True,True,0,False,False,False,False,Likely Valid
CLM-01427,PRD-98559,Front-Load Washing Machine,Appliances,Maytag,MAY-APP-326,SNMA789081,SNMA789081,SNMA789081,2024-03-28,771.6,Sears Appliance Outlet,2024-03-28,2027-03-28,Maytag Care Protection,Standard,2025-07-26,2025-08-09,Accidental Damage,Heavy object fell directly on top of the chassis during home move.,Accidental Damage,15,610,0,True,True,True,True,True,False,0,False,False,True,False,Likely Invalid
CLM-00240,PRD-59602,Smart Dishwasher 24-inch,Appliances,LG,LG-APP-936,SNLG351235,SNLG351235,SNLG351235,2023-03-30,919.8,Costco,2023-03-30,2026-03-29,LG Care Protection,Standard,2023-11-20,2023-11-21,Thermostat Malfunction,"Thermostat stuck open, temperature never reaches target threshold.",Manufacturing,7,860,0,True,False,True,True,True,False,1,False,False,False,False,Likely Invalid
CLM-00798,PRD-98677,High Output Alternator,Automotive,K&N,K&N-AUT-515,SNK&719196,SNK&719196,SNK&719196,2023-08-16,392.78,RockAuto,2023-08-16,2025-08-15,AssureX Extended Guard,Extended,2024-11-05,2024-11-10,Manufacturing Defect,Factory assembly defect leading to unprovoked system failure.,Manufacturing,14,283,1,True,True,True,True,True,True,0,False,False,False,False,Likely Valid
CLM-00949,PRD-20899,High Output Alternator,Automotive,Brembo,BRE-AUT-422,SNBR957287,SNBR957287,SNBR957287,2023-10-03,414.11,O'Reilly Auto,2023-10-03,2024-10-02,Brembo Care Protection,Standard,2024-11-25,2024-12-02,Electrical Component Failure,Unspecified system degradation observed during normal operating routine.,Manufacturing,13,-54,0,True,True,True,True,True,False,0,False,False,False,False,Likely Invalid
CLM-00965,PRD-82185,Galaxy Ultra Smartphone,Electronics,Samsung,SAM-ELE-920,SNSA460974,SNSA460992,SNSA460974,2023-01-10,1185.55,Amazon Electronics,2023-01-10,2025-01-09,Samsung Care Protection,Standard,2024-04-25,2024-04-28,Manufacturing Defect,Factory assembly defect leading to unprovoked system failure.,Manufacturing,15,259,0,True,True,True,True,True,False,0,True,False,False,False,Manual Review Required
CLM-00292,PRD-48652,Electric Range Oven,Appliances,KitchenAid,KIT-APP-370,SNKI857155,SNKI857155,SNKI857155,2024-05-19,993.79,Direct Factory Outlet,2024-05-19,2027-05-19,KitchenAid Care Protection,Standard,2027-09-07,2027-09-16,Control Board Failure,Unspecified system degradation observed during normal operating routine.,Manufacturing,39,-111,0,True,True,True,True,True,False,0,False,False,False,False,Likely Invalid
CLM-00758,PRD-96575,Smart Watch Series 7,Electronics,HP,HP-ELE-261,SNHP969034,SNHP969034,SNHP969034,2025-05-31,498.31,Direct Manufacturer Store,2025-05-31,2027-05-31,HP Care Protection,Standard,2026-09-08,2026-09-11,Display Defect,Backlight flickering continuously on left half of screen.,Unauthorized Modification,15,265,3,False,True,True,True,True,False,1,False,False,True,False,Likely Invalid
CLM-00397,PRD-80016,OLED 4K Smart TV,Electronics,Dell,DEL-ELE-156,SNDE127633,SNDE127633,SNDE127633,2024-08-12,1391.33,Amazon Electronics,2024-08-12,2026-08-12,Dell Care Protection,Standard,2025-09-07,2025-09-15,Manufacturing Defect,Factory assembly defect leading to unprovoked system failure.,Manufacturing,12,339,1,True,True,True,True,True,True,0,False,False,False,False,Likely Valid
CLM-00780,PRD-11098,Smart Watch Series 7,Electronics,Samsung,SAM-ELE-612,SNSA526977,SNSA526977,SNSA526977,2023-01-17,463.46,Direct Manufacturer Store,2023-01-17,2025-01-16,Samsung Care Protection,Standard,2023-08-20,2023-09-03,Manufacturing Defect,Factory assembly defect leading to unprovoked system failure.,Manufacturing,7,515,0,True,True,True,True,True,False,0,False,False,False,False,Likely Valid
CLM-00319,PRD-73997,Smart Watch Series 7,Electronics,LG,LG-ELE-765,SNLG247269,SNLG247269,SNLG247269,2023-03-03,489.15,Direct Manufacturer Store,2023-03-03,2025-03-02,LG Care Protection,Standard,2023-11-13,2023-11-20,Component Failure,Cooling fan bearing seized up leading to emergency thermal shutdown.,Manufacturing,8,475,0,True,True,True,True,True,False,0,False,False,False,False,Likely Valid
CLM-00272,PRD-77329,Active Noise Cancelling Headphones,Electronics,Apple,APP-ELE-279,SNAP178771,SNAP178771,SNAP178771,2024-07-02,279.11,Amazon Electronics,2024-07-02,2026-07-02,Apple Care Protection,Standard,2025-05-23,2025-05-31,Component Failure,Cooling fan bearing seized up leading to emergency thermal shutdown.,Manufacturing,10,405,0,True,True,True,True,True,False,0,False,False,False,False,Likely Valid
CLM-00224,PRD-94153,Convection Microwave Oven,Appliances,LG,LG-APP-403,SNLG311824,SNLG311824,SNLG311824,2023-02-28,291.41,Lowe's,2023-02-28,2026-02-27,LG Care Protection,Standard,2025-01-31,2025-02-03,Compressor Failure,Compressor clicking repeatedly and unable to compress refrigerant.,Unauthorized Modification,23,392,3,False,True,True,True,True,False,1,False,False,True,False,Likely Invalid
CLM-01865,PRD-47559,ProBook Laptop 15-inch,Electronics,LG,LG-ELE-649,SNLG625862,SNLG625862,SNLG625862,2024-11-28,1025.29,Direct Manufacturer Store,2024-11-28,2026-11-28,LG Care Protection,Standard,2025-09-01,2025-09-04,Manufacturing Defect,Factory assembly defect leading to unprovoked system failure.,Manufacturing,9,453,0,True,True,True,True,True,False,0,False,False,False,False,Likely Valid
CLM-00453,PRD-97621,Electric Range Oven,Appliances,Maytag,MAY-APP-719,SNMA390704,SNMA390704,SNMA390704,2025-01-05,1360.33,Direct Factory Outlet,2025-01-05,2028-01-05,Maytag Care Protection,Standard,2025-02-09,2025-02-22,Power Surge Damage,Unspecified system degradation observed during normal operating routine.,Power Surge Damage,1,1060,0,True,True,True,True,True,False,0,False,False,True,False,Likely Invalid
CLM-01093,PRD-39678,Heavy-Duty Starter Motor,Automotive,ACDelco,ACD-AUT-951,SNAC792997,SNAC792997,SNAC792997,2025-01-19,243.12,O'Reilly Auto,2025-01-19,2026-01-19,ACDelco Care Protection,Standard,2025-04-08,2025-04-17,Seal or Gasket Failure,Unspecified system degradation observed during normal operating routine.,Manufacturing,2,286,0,True,True,True,True,True,False,0,False,False,False,False,Likely Valid
CLM-00622,PRD-64571,ProBook Laptop 15-inch,Electronics,LG,LG-ELE-340,SNLG643962,SNLG643962,SNLG643962,2025-01-31,1043.23,Amazon Electronics,2025-01-31,2027-01-31,LG Care Protection,Standard,2025-10-24,2025-11-04,Electrical Failure,Capacitor blown on the primary controller board without power surge.,Electrical,8,464,0,True,True,True,True,True,False,0,False,False,False,False,Likely Valid
CLM-01398,PRD-85804,French Door Refrigerator,Appliances,GE Appliances,GE -APP-206,SNGE519909,SNGE519909,SNGE519909,2023-05-09,1366.67,Sears Appliance Outlet,2023-05-09,2026-05-08,GE Appliances Care Protection,Standard,2026-08-15,2026-08-22,Manufacturing Defect,Device shut down unexpectedly and fails to power back on under normal conditions.,Manufacturing,39,-99,0,True,True,True,True,True,False,0,False,False,False,False,Likely Invalid
CLM-02288,PRD-21795,Electric Range Oven,Appliances,KitchenAid,KIT-APP-341,SNKI236772,SNKI236772,SNKI236772,2023-09-02,939.79,Home Depot,2023-09-02,2026-09-01,KitchenAid Care Protection,Standard,2025-03-08,2025-03-09,Cosmetic Wear,Unspecified system degradation observed during normal operating routine.,Cosmetic Wear,18,542,0,True,True,True,True,True,False,0,False,False,True,False,Likely Invalid
CLM-00712,PRD-24113,French Door Refrigerator,Appliances,Whirlpool,WHI-APP-160,SNWH716230,SNWH716230,SNWH716230,2024-11-28,1920.09,Lowe's,2024-11-28,2027-11-28,Whirlpool Care Protection,Standard,2025-10-10,2025-10-22,Manufacturing Defect,Factory assembly defect leading to unprovoked system failure.,Manufacturing,10,779,0,True,True,True,True,True,False,0,False,False,False,False,Likely Valid
CLM-00310,PRD-45628,Heavy-Duty Starter Motor,Automotive,Monroe,MON-AUT-826,SNMO338356,SNMO338356,SNMO338356,2023-05-23,265.06,Advance Auto Parts,2023-05-23,2025-05-22,AssureX Extended Guard,Extended,2023-11-12,2023-11-24,Premature Wear,"Brake pad friction compound deteriorated within 2,000 miles of highway driving.",Manufacturing,5,557,0,True,True,True,True,True,False,0,False,False,False,False,Likely Valid
CLM-01847,PRD-96153,French Door Refrigerator,Appliances,Samsung,SAM-APP-927,SNSA934367,SNSA934367,SNSA934367,2023-03-14,1653.0,Direct Factory Outlet,2023-03-14,2026-03-13,Samsung Care Protection,Standard,2025-02-08,2025-02-13,Electrical Wiring Defect,Unspecified system degradation observed during normal operating routine.,Electrical,22,398,0,True,True,True,True,True,False,0,False,False,False,False,Likely Valid
CLM-01976,PRD-69864,Tablet 11-inch Display,Electronics,Sony,SON-ELE-948,SNSO625863,SNSO625863,SNSO625863,2024-02-12,561.53,Amazon Electronics,2024-02-12,2026-02-11,Sony Care Protection,Standard,2024-12-20,2024-12-27,Display Defect,Vertical colored line artifacts appeared across OLED panel without impact.,Manufacturing,10,418,0,True,True,True,True,True,False,0,False,False,False,False,Likely Valid
CLM-01927,PRD-81999,High Output Alternator,Automotive,Bosch Auto,BOS-AUT-654,SNBO551283,SNBO551283,SNBO551283,2023-12-01,338.04,Advance Auto Parts,2023-12-01,2024-11-30,Bosch Auto Care Protection,Standard,2024-05-20,2024-05-22,Electrical Component Failure,Unspecified system degradation observed during normal operating routine.,Electrical,5,194,0,True,True,True,True,True,False,0,False,False,False,False,Likely Valid
CLM-00317,PRD-84304,Active Noise Cancelling Headphones,Electronics,Lenovo,LEN-ELE-313,SNLE740037,SNLE740037,SNLE740037,2025-02-11,305.97,Amazon Electronics,2025-02-11,2027-02-11,Lenovo Care Protection,Standard,2027-02-13,2027-02-16,Display Defect,Vertical colored line artifacts appeared across OLED panel without impact.,Manufacturing,24,-2,0,True,True,True,True,True,False,0,False,False,False,False,Manual Review Required
CLM-02259,PRD-47321,Smart Watch Series 7,Electronics,Dell,DEL-ELE-506,SNDE533284,SNDE533284,SNDE533284,2023-08-12,346.34,BestBuy,2023-08-12,2026-08-11,AssureX Extended Guard,Extended,2024-11-22,2024-11-23,Electrical Failure,Capacitor blown on the primary controller board without power surge.,Manufacturing,15,627,0,True,False,True,True,True,False,1,False,False,False,False,Likely Invalid
CLM-00925,PRD-65323,French Door Refrigerator,Appliances,LG,LG-APP-805,SNLG148315,SNLG148315,SNLG148315,2024-02-22,1638.98,Costco,2024-02-22,2027-02-21,LG Care Protection,Standard,2024-10-18,2024-10-19,Control Board Failure,Unspecified system degradation observed during normal operating routine.,Manufacturing,7,856,0,True,True,True,True,True,False,0,False,False,False,False,Likely Valid
CLM-01217,PRD-11130,High Output Alternator,Automotive,ACDelco,ACD-AUT-668,SNAC266748,SNAC266748,SNAC266748,2023-06-15,312.48,O'Reilly Auto,2023-06-15,2024-06-14,ACDelco Care Protection,Standard,2024-02-07,2024-02-10,Material Failure,Unspecified system degradation observed during normal operating routine.,Manufacturing,7,128,0,True,False,True,True,True,False,1,False,False,False,False,Likely Invalid
CLM-00455,PRD-72190,Active Noise Cancelling Headphones,Electronics,Samsung,SAM-ELE-673,SNSA512349,SNSA512349,SNSA512349,2024-07-05,280.26,Target,2024-07-05,2026-07-05,Samsung Care Protection,Standard,2026-01-29,2026-01-31,Display Defect,Vertical colored line artifacts appeared across OLED panel without impact.,Manufacturing,18,157,0,True,False,True,True,True,False,1,False,False,False,False,Likely Invalid
CLM-00959,PRD-34070,Convection Microwave Oven,Appliances,Bosch,BOS-APP-420,SNBO367495,SNBO367495,SNBO367495,2024-03-20,288.64,Costco,2024-03-20,2027-03-20,Bosch Care Protection,Standard,2025-12-14,2025-12-23,Compressor Failure,Compressor clicking repeatedly and unable to compress refrigerant.,Manufacturing,20,461,0,True,True,True,True,True,False,0,False,False,False,False,Likely Valid
CLM-01381,PRD-34336,ABS Wheel Speed Sensor,Automotive,ACDelco,ACD-AUT-390,SNAC449444,SNAC449444,SNAC449444,2025-02-16,85.55,O'Reilly Auto,2025-02-16,2027-02-16,AssureX Extended Guard,Extended,2025-11-04,2025-11-17,Material Failure,Unspecified system degradation observed during normal operating routine.,Manufacturing,8,469,1,True,True,True,True,True,True,0,False,False,False,False,Likely Valid
CLM-01184,PRD-95551,Electronic Fuel Injector Kit,Automotive,ACDelco,ACD-AUT-538,SNAC362848,SNAC362848,SNAC362848,2024-08-09,379.87,NAPA Auto Parts,2024-08-09,2025-08-09,ACDelco Care Protection,Standard,2024-11-07,2024-11-15,Manufacturing Defect,Internal solder joint loosened causing intermittent power disconnects.,Manufacturing,2,275,0,True,True,True,True,True,False,0,False,False,False,False,Likely Valid
CLM-00290,PRD-82371,Mirrorless Camera Body,Electronics,Asus,ASU-ELE-410,SNAS993884,SNAS993884,SNAS993884,2023-07-05,1360.3,B&H Photo,2023-07-05,2025-07-04,Asus Care Protection,Standard,2024-02-13,2024-02-14,Display Defect,Vertical colored line artifacts appeared across OLED panel without impact.,Manufacturing,7,507,0,True,True,True,True,True,False,0,False,False,False,False,Likely Valid
CLM-01902,PRD-65159,French Door Refrigerator,Appliances,Maytag,MAY-APP-316,SNMA750333,SNMA750333,SNMA750333,2023-02-07,1852.35,Direct Factory Outlet,2023-02-07,2026-02-06,Maytag Care Protection,Standard,2024-02-10,2024-02-23,Motor Failure,"Motor winding resistance out of spec, causing tripping.",Manufacturing,12,727,0,True,False,True,True,True,False,1,False,False,False,False,Likely Invalid
CLM-00967,PRD-51018,Tablet 11-inch Display,Electronics,Dell,DEL-ELE-440,SNDE676966,SNDE676976,SNDE676966,2024-12-21,695.66,Direct Manufacturer Store,2024-12-21,2027-12-21,AssureX Extended Guard,Extended,2025-07-31,2025-08-07,Display Defect,Vertical colored line artifacts appeared across OLED panel without impact.,Manufacturing,7,873,0,True,True,True,True,True,False,0,True,False,False,False,Manual Review Required
CLM-01899,PRD-78539,French Door Refrigerator,Appliances,Samsung,SAM-APP-129,SNSA617107,SNSA617107,SNSA617107,2023-01-14,1429.18,Sears Appliance Outlet,2023-01-14,2026-01-13,Samsung Care Protection,Standard,2023-06-27,2023-07-02,Control Board Failure,Unspecified system degradation observed during normal operating routine.,Unauthorized Modification,5,931,2,False,True,True,True,True,False,1,False,False,True,False,Likely Invalid
CLM-01938,PRD-10905,Active Noise Cancelling Headphones,Electronics,Dell,DEL-ELE-834,SNDE594440,SNDE594440,SNDE594440,2025-04-23,330.35,BestBuy,2025-04-23,2027-04-23,Dell Care Protection,Standard,2027-03-24,2027-03-28,Physical Impact,Unspecified system degradation observed during normal operating routine.,Physical Impact,22,30,0,True,True,True,True,True,False,0,False,False,True,False,Likely Invalid
CLM-01700,PRD-75557,French Door Refrigerator,Appliances,Samsung,SAM-APP-374,SNSA877547,SNSA877547,SNSA877547,2023-06-04,1784.74,Sears Appliance Outlet,2023-06-04,2027-06-04,AssureX Extended Guard,Extended,2027-07-18,2027-07-31,Manufacturing Defect,Factory assembly defect leading to unprovoked system failure.,Manufacturing,49,-44,0,True,True,True,True,True,False,0,False,False,False,False,Likely Invalid
CLM-01182,PRD-79478,High Output Alternator,Automotive,Bosch Auto,BOS-AUT-200,SNBO610316,SNBO610316,SNBO610316,2023-01-25,332.25,Advance Auto Parts,2023-01-25,2024-01-25,Bosch Auto Care Protection,Standard,2023-07-11,2023-07-16,Manufacturing Defect,Factory assembly defect leading to unprovoked system failure.,Manufacturing,5,198,0,True,True,True,True,True,False,0,False,False,False,False,Likely Valid
CLM-02366,PRD-67732,Gaming Desktop Rig,Electronics,Dell,DEL-ELE-843,SNDE189022,SNDE189059,SNDE189022,2024-10-05,1874.58,B&H Photo,2024-10-05,2026-10-05,Dell Care Protection,Standard,2026-04-08,2026-04-11,Electrical Failure,Internal circuit shorted during regular use with standard power supply.,Manufacturing,18,180,0,True,True,True,True,True,False,0,True,False,False,False,Manual Review Required
CLM-02303,PRD-85479,French Door Refrigerator,Appliances,Bosch,BOS-APP-179,SNBO210365,SNBO210365,SNBO210365,2024-02-16,1659.0,Sears Appliance Outlet,2024-02-16,2027-02-15,Bosch Care Protection,Standard,2026-03-02,2026-03-08,Thermostat Malfunction,Temperature reading fluctuating wildly causing erratic operation.,Manufacturing,24,350,0,True,True,True,True,True,False,0,False,False,False,False,Likely Valid
CLM-00504,PRD-86445,Convection Microwave Oven,Appliances,LG,LG-APP-363,SNLG767693,SNLG767693,SNLG767693,2024-04-15,301.17,Lowe's,2024-04-15,2027-04-15,LG Care Protection,Standard,2026-05-17,2026-05-18,Compressor Failure,"Cooling cycle fails to start, compressor is non-responsive.",Manufacturing,25,333,1,True,True,True,True,True,True,0,False,False,False,False,Likely Valid
CLM-01211,PRD-67883,Mirrorless Camera Body,Electronics,Samsung,SAM-ELE-343,SNSA798551,SNSA798551,SNSA798551,2025-01-23,1720.46,Direct Manufacturer Store,2025-01-23,2028-01-23,AssureX Extended Guard,Extended,2025-12-05,2025-12-10,Component Failure,Sensor module stopped transmitting readings to the main board.,Electrical Failure,10,779,0,True,True,True,True,False,False,1,False,False,False,False,Manual Review Required
CLM-01758,PRD-48708,Galaxy Ultra Smartphone,Electronics,Sony,SON-ELE-127,SNSO659746,SNSO659746,SNSO659746,2024-09-24,1089.93,B&H Photo,2024-09-24,2026-09-24,Sony Care Protection,Standard,2025-09-18,2025-09-22,Cosmetic Damage,Surface scratches and paint chip on front door bezel.,Cosmetic Damage,11,371,0,True,True,True,True,True,False,0,False,False,True,False,Likely Invalid
CLM-00358,PRD-69301,Galaxy Ultra Smartphone,Electronics,Apple,APP-ELE-233,SNAP329412,SNAP329412,SNAP329412,2025-03-08,1215.46,Target,2025-03-08,2027-03-08,Apple Care Protection,Standard,2026-07-29,2026-08-05,Electrical Failure,Internal circuit shorted during regular use with standard power supply.,Electrical,16,222,1,True,True,False,True,True,True,1,False,False,False,False,Likely Valid
CLM-01390,PRD-27144,Front-Load Washing Machine,Appliances,Whirlpool,WHI-APP-123,SNWH621250,SNWH621250,SNWH621250,2024-08-12,996.68,Costco,2024-08-12,2027-08-12,Whirlpool Care Protection,Standard,2025-08-17,2025-08-18,Manufacturing Defect,Internal solder joint loosened causing intermittent power disconnects.,Component Failure,12,725,1,False,True,True,True,True,False,1,False,False,False,False,Manual Review Required
CLM-00623,PRD-26794,ProBook Laptop 15-inch,Electronics,Samsung,SAM-ELE-642,SNSA395590,SNSA395590,SNSA395590,2024-07-28,838.47,B&H Photo,2024-07-28,2027-07-28,AssureX Extended Guard,Extended,2025-03-13,2025-03-14,Component Failure,Sensor module stopped transmitting readings to the main board.,Manufacturing,7,867,0,True,True,True,True,True,False,0,False,False,False,False,Likely Valid
CLM-00996,PRD-74798,Active Noise Cancelling Headphones,Electronics,Samsung,SAM-ELE-881,SNSA517329,SNSA517389,SNSA517329,2023-09-13,297.26,BestBuy,2023-09-13,2025-09-12,Samsung Care Protection,Standard,2024-02-14,2024-02-18,Component Failure,Cooling fan bearing seized up leading to emergency thermal shutdown.,Manufacturing,5,576,0,True,True,True,True,True,False,0,True,False,False,False,Manual Review Required
CLM-02098,PRD-65755,French Door Refrigerator,Appliances,Maytag,MAY-APP-580,SNMA664117,SNMA664117,SNMA664117,2023-08-17,1923.67,Sears Appliance Outlet,2023-08-17,2026-08-16,Maytag Care Protection,Standard,2025-05-02,2025-05-04,Electrical Wiring Defect,Unspecified system degradation observed during normal operating routine.,Electrical,20,471,0,True,True,True,True,True,False,0,False,False,False,False,Likely Valid
CLM-01025,PRD-36743,ProBook Laptop 15-inch,Electronics,Sony,SON-ELE-854,SNSO473053,SNSO473053,SNSO473053,2024-12-17,758.76,BestBuy,2024-12-17,2026-12-17,Sony Care Protection,Standard,2026-01-15,2026-01-24,Display Defect,Vertical colored line artifacts appeared across OLED panel without impact.,Unauthorized Modification,12,336,3,False,True,True,True,True,False,1,False,False,True,False,Likely Invalid
CLM-00619,PRD-64997,Convection Microwave Oven,Appliances,Samsung,SAM-APP-256,SNSA248984,SNSA248984,SNSA248984,2023-02-08,366.45,Costco,2023-02-08,2026-02-07,Samsung Care Protection,Standard,2023-01-12,2023-02-17,Thermostat Malfunction,"Thermostat stuck open, temperature never reaches target threshold.",Manufacturing,0,1122,0,True,True,True,True,True,False,0,False,True,False,True,Manual Review Required
CLM-01729,PRD-88629,Heavy-Duty Clothes Dryer,Appliances,Samsung,SAM-APP-198,SNSA990848,SNSA990848,SNSA990848,2023-08-20,696.02,Lowe's,2023-08-20,2027-08-20,AssureX Extended Guard,Extended,2026-07-25,2026-08-03,Electrical Wiring Defect,Unspecified system degradation observed during normal operating routine.,Electrical,35,391,0,True,True,True,True,True,False,0,False,False,False,False,Likely Valid
CLM-02149,PRD-98923,Convection Microwave Oven,Appliances,Maytag,MAY-APP-989,SNMA141458,SNMA141458,SNMA141458,2023-09-25,399.11,Lowe's,2023-09-25,2026-09-24,Maytag Care Protection,Standard,2025-12-15,2025-12-29,Electrical Wiring Defect,Unspecified system degradation observed during normal operating routine.,Electrical,26,283,0,True,True,True,True,True,False,0,False,False,False,False,Likely Valid
CLM-00700,PRD-35383,Smart Dishwasher 24-inch,Appliances,Whirlpool,WHI-APP-112,SNWH239399,SNWH239399,SNWH239399,2024-10-10,695.85,Direct Factory Outlet,2024-10-10,2027-10-10,Whirlpool Care Protection,Standard,2026-04-15,2026-04-19,Manufacturing Defect,Device shut down unexpectedly and fails to power back on under normal conditions.,Component Failure,18,543,1,False,True,True,True,True,False,1,False,False,False,False,Manual Review Required
CLM-00979,PRD-31925,Tablet 11-inch Display,Electronics,Lenovo,LEN-ELE-108,SNLE416985,SNLE416985,SNLE416985,2024-12-05,720.78,Target,2024-12-05,2026-12-05,Lenovo Care Protection,Standard,2025-06-25,2025-07-02,Water Damage,Liquid spilled directly into top vents while device was operating.,Water Damage,6,528,0,True,True,True,True,True,False,0,False,False,True,False,Likely Invalid
CLM-01191,PRD-62972,Smart Dishwasher 24-inch,Appliances,GE Appliances,GE -APP-216,SNGE402986,SNGE402986,SNGE402986,2025-05-09,717.96,Direct Factory Outlet,2025-05-09,2028-05-08,GE Appliances Care Protection,Standard,2028-08-31,2028-09-07,Manufacturing Defect,Internal solder joint loosened causing intermittent power disconnects.,Manufacturing,39,-115,0,True,True,True,True,True,False,0,False,False,False,False,Likely Invalid
CLM-00726,PRD-12389,High Output Alternator,Automotive,Brembo,BRE-AUT-497,SNBR945783,SNBR945783,SNBR945783,2023-05-15,314.74,O'Reilly Auto,2023-05-15,2024-05-14,Brembo Care Protection,Standard,2023-08-18,2023-08-21,Material Failure,Unspecified system degradation observed during normal operating routine.,Manufacturing,3,270,0,True,True,True,True,True,False,0,False,False,False,False,Likely Valid
CLM-00802,PRD-16280,Active Noise Cancelling Headphones,Electronics,Samsung,SAM-ELE-933,SNSA741613,SNSA741613,SNSA741613,2023-04-13,275.5,BestBuy,2023-04-13,2026-04-12,AssureX Extended Guard,Extended,2025-03-17,2025-03-18,Display Defect,Backlight flickering continuously on left half of screen.,Manufacturing,23,391,0,True,True,True,True,True,False,0,False,False,False,False,Likely Valid
CLM-00242,PRD-52667,Smart Dishwasher 24-inch,Appliances,Maytag,MAY-APP-117,SNMA764563,SNMA764563,SNMA764563,2024-11-21,745.56,Home Depot,2024-11-21,2027-11-21,Maytag Care Protection,Standard,2027-03-20,2027-04-01,Electrical Wiring Defect,Unspecified system degradation observed during normal operating routine.,Unauthorized Modification,27,246,2,False,True,True,True,True,False,1,False,False,True,False,Likely Invalid
CLM-00148,PRD-31895,French Door Refrigerator,Appliances,GE Appliances,GE -APP-943,SNGE689795,SNGE689795,SNGE689795,2023-07-03,1386.86,Home Depot,2023-07-03,2026-07-02,GE Appliances Care Protection,Standard,2024-06-18,2024-06-30,Compressor Failure,"Cooling cycle fails to start, compressor is non-responsive.",Manufacturing,11,744,0,True,False,True,True,True,False,1,False,False,False,False,Likely Invalid
CLM-01600,PRD-58033,Smart Watch Series 7,Electronics,Asus,ASU-ELE-409,SNAS200151,SNAS200151,SNAS200151,2023-04-29,371.67,Amazon Electronics,2023-04-29,2025-04-28,Asus Care Protection,Standard,2023-08-20,2023-08-23,Software Malfunction,Main OS freezes on start screen; hardware diagnostic passes.,Manufacturing,3,617,0,True,True,True,True,True,False,0,False,False,False,False,Likely Valid
CLM-01441,PRD-42198,OLED 4K Smart TV,Electronics,Sony,SON-ELE-864,SNSO356734,SNSO356734,SNSO356734,2025-04-15,1237.71,B&H Photo,2025-04-15,2027-04-15,Sony Care Protection,Standard,2025-12-04,2025-12-16,Manufacturing Defect,Internal solder joint loosened causing intermittent power disconnects.,Manufacturing,7,497,0,True,True,True,True,True,False,0,False,False,False,False,Likely Valid
CLM-02094,PRD-89207,Convection Microwave Oven,Appliances,Samsung,SAM-APP-719,SNSA566039,SNSA566039,SNSA566039,2023-05-27,320.0,Sears Appliance Outlet,2023-05-27,2027-05-27,AssureX Extended Guard,Extended,2024-10-22,2024-11-01,Motor Failure,Drive motor hums loudly but will not spin drum under normal load.,Electrical Failure,16,947,0,True,True,True,True,False,False,1,False,False,False,False,Manual Review Required
CLM-00350,PRD-69347,Smart Watch Series 7,Electronics,Asus,ASU-ELE-147,SNAS387745,SNAS387745,SNAS387745,2023-09-23,406.38,BestBuy,2023-09-23,2025-09-22,Asus Care Protection,Standard,2024-11-07,2024-11-14,Electrical Failure,Internal circuit shorted during regular use with standard power supply.,Electrical,13,319,0,True,True,True,True,True,False,0,False,False,False,False,Likely Valid
CLM-02227,PRD-74894,OLED 4K Smart TV,Electronics,HP,HP-ELE-394,SNHP701071,SNHP701071,SNHP701071,2025-04-02,1319.14,Direct Manufacturer Store,2025-04-02,2027-04-02,HP Care Protection,Standard,2025-09-26,2025-10-04,Software Malfunction,Main OS freezes on start screen; hardware diagnostic passes.,Unauthorized Modification,5,553,3,False,True,True,True,True,False,1,False,False,True,False,Likely Invalid
CLM-00203,PRD-71866,Electronic Fuel Injector Kit,Automotive,Brembo,BRE-AUT-515,SNBR961784,SNBR961784,SNBR961784,2025-03-07,454.43,AutoZone,2025-03-07,2026-03-07,Brembo Care Protection,Standard,2025-07-31,2025-08-04,Premature Wear,"Brake pad friction compound deteriorated within 2,000 miles of highway driving.",Unauthorized Modification,4,219,3,False,True,True,True,True,False,1,False,False,True,False,Likely Invalid
CLM-01227,PRD-19104,Electric Range Oven,Appliances,Bosch,BOS-APP-146,SNBO958562,SNBO958562,SNBO958562,2025-01-05,1057.08,Costco,2025-01-05,2028-01-05,Bosch Care Protection,Standard,2024-12-27,2025-01-24,Manufacturing Defect,Device shut down unexpectedly and fails to power back on under normal conditions.,Manufacturing,0,1104,0,True,True,True,True,True,False,0,False,True,False,False,Manual Review Required
CLM-01309,PRD-19101,Tablet 11-inch Display,Electronics,Asus,ASU-ELE-546,SNAS696004,SNAS696004,SNAS696004,2023-11-10,731.83,Direct Manufacturer Store,2023-11-10,2025-11-09,Asus Care Protection,Standard,2024-04-30,2024-05-01,Manufacturing Defect,Internal solder joint loosened causing intermittent power disconnects.,Manufacturing,5,558,1,True,True,True,True,True,True,0,False,False,False,False,Likely Valid
CLM-01541,PRD-51050,Heavy-Duty Starter Motor,Automotive,ACDelco,ACD-AUT-590,SNAC128535,SNAC128535,SNAC128535,2024-08-08,308.54,NAPA Auto Parts,2024-08-08,2026-08-08,AssureX Extended Guard,Extended,2025-09-24,2025-10-03,Electrical Component Failure,Unspecified system degradation observed during normal operating routine.,Electrical,13,318,0,True,True,True,True,True,False,0,False,False,False,False,Likely Valid
CLM-02286,PRD-95250,Electric Range Oven,Appliances,Whirlpool,WHI-APP-770,SNWH861346,SNWH861346,SNWH861346,2024-11-29,1034.98,Home Depot,2024-11-29,2028-11-29,AssureX Extended Guard,Extended,2026-04-11,2026-04-22,Compressor Failure,Compressor clicking repeatedly and unable to compress refrigerant.,Manufacturing,16,963,0,True,True,True,True,True,False,0,False,False,False,False,Likely Valid
CLM-01690,PRD-28765,Mirrorless Camera Body,Electronics,Sony,SON-ELE-270,SNSO479699,SNSO479699,SNSO479699,2025-04-02,1435.54,B&H Photo,2025-04-02,2027-04-02,Sony Care Protection,Standard,2025-03-15,2025-04-21,Component Failure,Cooling fan bearing seized up leading to emergency thermal shutdown.,Manufacturing,0,748,0,True,True,True,True,True,False,0,False,True,False,False,Manual Review Required
CLM-01371,PRD-47947,Active Noise Cancelling Headphones,Electronics,HP,HP-ELE-165,SNHP240522,SNHP240522,SNHP240522,2023-01-22,335.98,BestBuy,2023-01-22,2025-01-21,HP Care Protection,Standard,2023-10-28,2023-11-05,Component Failure,Cooling fan bearing seized up leading to emergency thermal shutdown.,Manufacturing,9,451,0,True,False,True,True,True,False,1,False,False,False,False,Likely Invalid
CLM-01494,PRD-61967,Galaxy Ultra Smartphone,Electronics,Dell,DEL-ELE-942,SNDE245830,SNDE245830,SNDE245830,2024-06-29,1085.01,B&H Photo,2024-06-29,2026-06-29,Dell Care Protection,Standard,2025-07-16,2025-07-25,Component Failure,Cooling fan bearing seized up leading to emergency thermal shutdown.,Manufacturing,12,348,0,True,True,False,True,True,False,1,False,False,False,False,Likely Valid
CLM-01718,PRD-55450,Heavy-Duty Clothes Dryer,Appliances,Bosch,BOS-APP-896,SNBO804505,SNBO804505,SNBO804505,2023-09-29,868.79,Lowe's,2023-09-29,2027-09-29,AssureX Extended Guard,Extended,2025-09-12,2025-09-20,Power Surge Damage,Unspecified system degradation observed during normal operating routine.,Power Surge Damage,23,747,0,True,True,True,True,True,False,0,False,False,True,False,Likely Invalid
CLM-00261,PRD-74283,Heavy-Duty Starter Motor,Automotive,Monroe,MON-AUT-774,SNMO660046,SNMO660046,SNMO660046,2024-05-01,267.27,RockAuto,2024-05-01,2025-05-01,Monroe Care Protection,Standard,2024-07-20,2024-07-31,Environmental Corrosion,Unspecified system degradation observed during normal operating routine.,Environmental Corrosion,2,285,0,True,True,True,True,True,False,0,False,False,True,False,Likely Invalid
CLM-00287,PRD-83445,Ceramic Brake Pad Set,Automotive,Denso,DEN-AUT-230,SNDE301019,SNDE301019,SNDE301019,2024-06-23,122.07,O'Reilly Auto,2024-06-23,2025-06-23,Denso Care Protection,Standard,2024-09-21,2024-09-28,Manufacturing Defect,Internal solder joint loosened causing intermittent power disconnects.,Unauthorized Modification,2,275,3,False,True,True,True,True,False,1,False,False,True,False,Likely Invalid
CLM-01989,PRD-67045,Gaming Desktop Rig,Electronics,Apple,APP-ELE-452,SNAP585662,SNAP585662,SNAP585662,2023-12-04,1956.8,Direct Manufacturer Store,2023-12-04,2025-12-03,Apple Care Protection,Standard,2024-09-23,2024-10-02,Component Failure,Cooling fan bearing seized up leading to emergency thermal shutdown.,Manufacturing,9,436,0,True,True,True,True,True,False,0,False,False,False,False,Likely Valid
CLM-02438,PRD-98786,OLED 4K Smart TV,Electronics,Lenovo,LEN-ELE-753,SNLE655565,SNLE655565,SNLE655565,2025-05-20,1160.26,B&H Photo,2025-05-20,2027-05-20,Lenovo Care Protection,Standard,2026-03-13,2026-03-17,Component Failure,Cooling fan bearing seized up leading to emergency thermal shutdown.,Manufacturing,9,433,0,True,True,True,True,True,False,0,False,False,False,False,Likely Valid
CLM-01880,PRD-56327,Smart Watch Series 7,Electronics,HP,HP-ELE-813,SNHP709606,SNHP709606,SNHP709606,2025-02-07,445.73,B&H Photo,2025-02-07,2027-02-07,HP Care Protection,Standard,2026-03-13,2026-03-19,Display Defect,Vertical colored line artifacts appeared across OLED panel without impact.,Manufacturing,13,331,0,True,True,True,True,True,False,0,False,False,False,False,Likely Valid
CLM-00706,PRD-66374,Smart Watch Series 7,Electronics,Dell,DEL-ELE-603,SNDE515597,SNDE515597,SNDE515597,2024-01-01,433.06,Target,2024-01-01,2025-12-31,Dell Care Protection,Standard,2025-10-17,2025-10-30,Water Damage,Liquid spilled directly into top vents while device was operating.,Water Damage,21,75,0,True,True,True,True,True,False,0,False,False,True,False,Likely Invalid
CLM-01147,PRD-19178,Convection Microwave Oven,Appliances,Bosch,BOS-APP-244,SNBO135316,SNBO135316,SNBO135316,2025-02-10,339.95,Direct Factory Outlet,2025-02-10,2028-02-10,Bosch Care Protection,Standard,2025-12-15,2025-12-23,Motor Failure,"Motor winding resistance out of spec, causing tripping.",Manufacturing,10,787,0,True,False,True,True,True,False,1,False,False,False,False,Likely Invalid
CLM-01702,PRD-39732,Electric Range Oven,Appliances,Bosch,BOS-APP-841,SNBO855887,SNBO855887,SNBO855887,2023-08-21,1090.25,Lowe's,2023-08-21,2027-08-21,AssureX Extended Guard,Extended,2026-08-05,2026-08-06,Compressor Failure,"Cooling cycle fails to start, compressor is non-responsive.",Manufacturing,35,381,0,True,True,True,True,True,False,0,False,False,False,False,Likely Valid
CLM-01939,PRD-99495,Ceramic Brake Pad Set,Automotive,ACDelco,ACD-AUT-373,SNAC307108,SNAC307108,SNAC307108,2023-07-12,111.17,Advance Auto Parts,2023-07-12,2024-07-11,ACDelco Care Protection,Standard,2024-01-18,2024-01-23,Material Failure,Unspecified system degradation observed during normal operating routine.,Manufacturing,6,175,0,True,True,True,True,True,False,0,False,False,False,False,Likely Valid
CLM-01491,PRD-98601,Heavy-Duty Starter Motor,Automotive,K&N,K&N-AUT-273,SNK&296357,SNK&296357,SNK&296357,2025-04-15,278.23,RockAuto,2025-04-15,2026-04-15,K&N Care Protection,Standard,2025-10-11,2025-10-21,Seal or Gasket Failure,Sensor module stopped transmitting readings to the main board.,Component Failure,5,186,1,False,True,True,True,True,False,1,False,False,False,False,Manual Review Required
CLM-02484,PRD-83458,Convection Microwave Oven,Appliances,LG,LG-APP-439,SNLG821484,SNLG821484,SNLG821484,2024-01-19,352.11,Direct Factory Outlet,2024-01-19,2027-01-18,LG Care Protection,Standard,2026-08-21,2026-09-03,Thermostat Malfunction,Temperature reading fluctuating wildly causing erratic operation.,Manufacturing,31,150,0,True,False,True,True,True,False,1,False,False,False,False,Likely Invalid
CLM-01859,PRD-27342,Heavy-Duty Starter Motor,Automotive,Bosch Auto,BOS-AUT-519,SNBO681314,SNBO681314,SNBO681314,2024-01-08,304.55,Advance Auto Parts,2024-01-08,2025-01-07,Bosch Auto Care Protection,Standard,2024-09-25,2024-10-03,Manufacturing Defect,Factory assembly defect leading to unprovoked system failure.,Manufacturing,8,104,0,True,True,True,True,True,False,0,False,False,False,False,Likely Valid
CLM-01070,PRD-89669,Electronic Fuel Injector Kit,Automotive,Bosch Auto,BOS-AUT-855,SNBO412330,SNBO412330,SNBO412330,2023-02-04,505.95,RockAuto,2023-02-04,2025-02-03,AssureX Extended Guard,Extended,2023-10-08,2023-10-19,Electrical Component Failure,Unspecified system degradation observed during normal operating routine.,Electrical,8,484,1,True,True,True,True,True,True,0,False,False,False,False,Likely Valid
CLM-02304,PRD-59619,Heavy-Duty Clothes Dryer,Appliances,GE Appliances,GE -APP-406,SNGE288357,SNGE288357,SNGE288357,2024-01-05,954.01,Sears Appliance Outlet,2024-01-05,2027-01-04,GE Appliances Care Protection,Standard,2025-06-27,2025-06-29,Motor Failure,"Motor winding resistance out of spec, causing tripping.",Manufacturing,17,556,0,True,True,True,True,True,False,0,False,False,False,False,Likely Valid
CLM-01557,PRD-24104,OLED 4K Smart TV,Electronics,LG,LG-ELE-675,SNLG885654,SNLG885654,SNLG885654,2024-12-16,1313.41,Amazon Electronics,2024-12-16,2027-12-16,AssureX Extended Guard,Extended,2026-11-19,2026-11-30,Accidental Damage,Heavy object fell directly on top of the chassis during home move.,Accidental Damage,23,392,0,True,True,True,True,True,False,0,False,False,True,False,Likely Invalid
CLM-02457,PRD-53873,Heavy-Duty Starter Motor,Automotive,Denso,DEN-AUT-541,SNDE126167,SNDE126167,SNDE126167,2024-06-21,224.64,Advance Auto Parts,2024-06-21,2025-06-21,Denso Care Protection,Standard,2024-06-13,2024-07-11,Seal or Gasket Failure,Unspecified system degradation observed during normal operating routine.,Manufacturing,0,373,0,True,True,True,True,True,False,0,False,True,False,False,Manual Review Required
CLM-01941,PRD-49642,Mirrorless Camera Body,Electronics,Lenovo,LEN-ELE-478,SNLE985156,SNLE985156,SNLE985156,2023-08-12,1641.99,B&H Photo,2023-08-12,2025-08-11,Lenovo Care Protection,Standard,2024-06-04,2024-06-12,Display Defect,Vertical colored line artifacts appeared across OLED panel without impact.,Manufacturing,9,433,1,True,True,True,True,True,True,0,False,False,False,False,Likely Valid
CLM-01951,PRD-86055,Gaming Desktop Rig,Electronics,Samsung,SAM-ELE-783,SNSA510451,SNSA510451,SNSA510451,2023-07-12,1576.27,BestBuy,2023-07-12,2025-07-11,Samsung Care Protection,Standard,2025-10-16,2025-11-04,Display Defect,Backlight flickering continuously on left half of screen.,Manufacturing,27,-97,0,True,True,True,True,True,False,0,False,False,False,False,Likely Invalid
CLM-01001,PRD-97322,ProBook Laptop 15-inch,Electronics,Dell,DEL-ELE-823,SNDE193994,SNDE193994,SNDE193994,2024-11-06,1050.14,Target,2024-11-06,2026-11-06,Dell Care Protection,Standard,2025-08-27,2025-09-03,Component Failure,Sensor module stopped transmitting readings to the main board.,Manufacturing,9,436,3,True,True,True,True,True,True,0,False,False,False,False,Manual Review Required
CLM-00412,PRD-55839,Smart Dishwasher 24-inch,Appliances,Maytag,MAY-APP-653,SNMA853212,SNMA853212,SNMA853212,2023-06-19,650.92,Lowe's,2023-06-19,2026-06-18,Maytag Care Protection,Standard,2026-01-12,2026-01-14,Electrical Wiring Defect,Unspecified system degradation observed during normal operating routine.,Manufacturing,30,157,3,True,True,True,True,True,True,0,False,False,False,False,Manual Review Required
CLM-00777,PRD-43779,High Output Alternator,Automotive,Denso,DEN-AUT-883,SNDE963961,SNDE963961,SNDE963961,2024-05-04,337.29,RockAuto,2024-05-04,2025-05-04,Denso Care Protection,Standard,2024-10-06,2024-10-18,Premature Wear,"Brake pad friction compound deteriorated within 2,000 miles of highway driving.",Manufacturing,5,210,0,True,True,True,True,True,False,0,False,False,False,False,Likely Valid
CLM-00695,PRD-70725,Convection Microwave Oven,Appliances,Samsung,SAM-APP-829,SNSA587802,SNSA587802,SNSA587802,2023-07-22,319.56,Lowe's,2023-07-22,2027-07-22,AssureX Extended Guard,Extended,2024-04-18,2024-04-22,Motor Failure,"Motor winding resistance out of spec, causing tripping.",Manufacturing,8,1190,0,True,True,True,True,True,False,0,False,False,False,False,Likely Valid
CLM-00881,PRD-25760,Gaming Desktop Rig,Electronics,Samsung,SAM-ELE-366,SNSA418886,SNSA418886,SNSA418886,2024-12-02,1968.48,Amazon Electronics,2024-12-02,2026-12-02,Samsung Care Protection,Standard,2026-08-08,2026-08-16,Unauthorized Modification,Unspecified system degradation observed during normal operating routine.,Unauthorized Modification,20,116,0,True,True,True,True,True,False,0,False,False,True,False,Likely Invalid
CLM-02476,PRD-77360,OLED 4K Smart TV,Electronics,Asus,ASU-ELE-264,SNAS921480,SNAS921480,SNAS921480,2023-01-28,1465.59,Amazon Electronics,2023-01-28,2025-01-27,Asus Care Protection,Standard,2024-01-04,2024-01-12,Manufacturing Defect,Internal solder joint loosened causing intermittent power disconnects.,Manufacturing,11,389,0,True,True,True,True,True,False,0,False,False,False,False,Likely Valid
CLM-01670,PRD-32836,Heavy-Duty Starter Motor,Automotive,K&N,K&N-AUT-275,SNK&521033,SNK&521033,SNK&521033,2023-06-25,303.77,Advance Auto Parts,2023-06-25,2025-06-24,AssureX Extended Guard,Extended,2025-12-01,2025-12-19,Electrical Component Failure,Unspecified system degradation observed during normal operating routine.,Manufacturing,29,-160,0,True,True,True,True,True,False,0,False,False,False,False,Likely Invalid
CLM-01677,PRD-69643,Front-Load Washing Machine,Appliances,LG,LG-APP-417,SNLG440365,SNLG440365,SNLG440365,2023-12-29,1042.69,Direct Factory Outlet,2023-12-29,2026-12-28,LG Care Protection,Standard,2026-03-26,2026-04-08,Thermostat Malfunction,Temperature reading fluctuating wildly causing erratic operation.,Manufacturing,26,277,0,True,True,True,True,True,False,0,False,False,False,False,Likely Valid
CLM-01475,PRD-27635,Front-Load Washing Machine,Appliances,Maytag,MAY-APP-529,SNMA109346,SNMA109346,SNMA109346,2024-09-15,732.95,Home Depot,2024-09-15,2027-09-15,Maytag Care Protection,Standard,2026-09-22,2026-10-02,Control Board Failure,Unspecified system degradation observed during normal operating routine.,Manufacturing,24,358,0,True,True,True,True,True,False,0,False,False,False,False,Likely Valid
CLM-02425,PRD-27707,Gaming Desktop Rig,Electronics,LG,LG-ELE-514,SNLG495352,SNLG495352,SNLG495352,2023-12-07,2272.27,Target,2023-12-07,2026-12-06,AssureX Extended Guard,Extended,2025-06-10,2025-06-22,Manufacturing Defect,Internal solder joint loosened causing intermittent power disconnects.,Manufacturing,18,544,1,True,True,True,True,True,True,0,False,False,False,False,Likely Valid
CLM-00009,PRD-21413,Galaxy Ultra Smartphone,Electronics,Lenovo,LEN-ELE-104,SNLE426087,SNLE426087,SNLE426087,2024-06-01,1221.71,Direct Manufacturer Store,2024-06-01,2027-06-01,AssureX Extended Guard,Extended,2027-06-02,2027-06-07,Software Malfunction,System firmware entered boot loop following manufacturer OTA update.,Manufacturing,36,-1,0,True,True,True,True,True,False,0,False,False,False,False,Manual Review Required
CLM-00128,PRD-61664,ABS Wheel Speed Sensor,Automotive,ACDelco,ACD-AUT-196,SNAC444622,SNAC444622,SNAC444622,2024-08-03,81.74,AutoZone,2024-08-03,2025-08-03,ACDelco Care Protection,Standard,2024-07-22,2024-08-08,Manufacturing Defect,Internal solder joint loosened causing intermittent power disconnects.,Manufacturing,0,377,0,True,True,True,True,True,False,0,False,True,False,False,Manual Review Required
CLM-00131,PRD-62742,Galaxy Ultra Smartphone,Electronics,Lenovo,LEN-ELE-121,SNLE993749,SNLE993749,SNLE993749,2024-03-18,932.36,Target,2024-03-18,2026-03-18,Lenovo Care Protection,Standard,2026-03-21,2026-03-25,Component Failure,Cooling fan bearing seized up leading to emergency thermal shutdown.,Manufacturing,24,-3,0,True,True,True,True,True,False,0,False,False,False,False,Manual Review Required
CLM-01096,PRD-31459,French Door Refrigerator,Appliances,GE Appliances,GE -APP-644,SNGE345317,SNGE345317,SNGE345317,2023-05-28,1892.9,Sears Appliance Outlet,2023-05-28,2026-05-27,GE Appliances Care Protection,Standard,2025-05-14,2025-05-24,Thermostat Malfunction,"Thermostat stuck open, temperature never reaches target threshold.",Manufacturing,23,378,0,True,True,True,True,True,False,0,False,False,False,False,Likely Valid
CLM-00437,PRD-48035,ProBook Laptop 15-inch,Electronics,Dell,DEL-ELE-958,SNDE661720,SNDE661720,SNDE661720,2023-09-08,856.98,Amazon Electronics,2023-09-08,2025-09-07,Dell Care Protection,Standard,2023-08-10,2023-09-19,Display Defect,Vertical colored line artifacts appeared across OLED panel without impact.,Manufacturing,0,759,0,True,True,True,True,True,False,0,False,True,False,False,Manual Review Required
CLM-02256,PRD-57051,Heavy-Duty Clothes Dryer,Appliances,Maytag,MAY-APP-963,SNMA623970,SNMA623970,SNMA623970,2025-05-29,806.68,Costco,2025-05-29,2028-05-28,Maytag Care Protection,Standard,2027-06-25,2027-07-02,Compressor Failure,Compressor clicking repeatedly and unable to compress refrigerant.,Manufacturing,24,338,0,True,True,True,True,True,False,0,False,False,False,False,Likely Valid
CLM-01168,PRD-23865,French Door Refrigerator,Appliances,GE Appliances,GE -APP-832,SNGE337709,SNGE337709,SNGE337709,2024-10-24,1659.49,Costco,2024-10-24,2027-10-24,GE Appliances Care Protection,Standard,2028-04-18,2028-05-05,Motor Failure,Drive motor hums loudly but will not spin drum under normal load.,Manufacturing,41,-177,0,True,True,True,True,True,False,0,False,False,False,False,Likely Invalid
CLM-00434,PRD-63609,High Output Alternator,Automotive,Continental Auto,CON-AUT-129,SNCO405062,SNCO405062,SNCO405062,2023-04-05,325.44,Advance Auto Parts,2023-04-05,2024-04-04,Continental Auto Care Protection,Standard,2023-10-14,2023-10-21,Electrical Component Failure,Unspecified system degradation observed during normal operating routine.,Manufacturing,6,173,0,True,False,True,True,True,False,1,False,False,False,False,Likely Invalid
CLM-00899,PRD-27810,French Door Refrigerator,Appliances,Whirlpool,WHI-APP-708,SNWH787932,SNWH787932,SNWH787932,2024-04-09,1776.85,Sears Appliance Outlet,2024-04-09,2027-04-09,Whirlpool Care Protection,Standard,2025-03-22,2025-03-23,Compressor Failure,"Cooling cycle fails to start, compressor is non-responsive.",Manufacturing,11,748,1,True,True,True,True,True,True,0,False,False,False,False,Likely Valid
CLM-02263,PRD-61397,Electric Range Oven,Appliances,Samsung,SAM-APP-259,SNSA425796,SNSA425796,SNSA425796,2024-08-09,1068.52,Costco,2024-08-09,2027-08-09,Samsung Care Protection,Standard,2025-12-06,2025-12-13,Control Board Failure,Internal circuit shorted during regular use with standard power supply.,Electrical Failure,15,611,0,True,True,True,True,False,False,1,False,False,False,False,Manual Review Required
CLM-01027,PRD-21094,Mirrorless Camera Body,Electronics,Dell,DEL-ELE-812,SNDE443152,SNDE443152,SNDE443152,2023-04-23,1462.5,Amazon Electronics,2023-04-23,2025-04-22,Dell Care Protection,Standard,2024-05-13,2024-05-22,Software Malfunction,Main OS freezes on start screen; hardware diagnostic passes.,Manufacturing,12,344,0,True,True,False,True,True,False,1,False,False,False,False,Likely Valid
CLM-02468,PRD-66719,Front-Load Washing Machine,Appliances,GE Appliances,GE -APP-100,SNGE356577,SNGE356577,SNGE356577,2024-07-27,798.69,Sears Appliance Outlet,2024-07-27,2028-07-27,AssureX Extended Guard,Extended,2027-02-04,2027-02-10,Thermostat Malfunction,"Thermostat stuck open, temperature never reaches target threshold.",Manufacturing,30,539,0,True,True,True,True,True,False,0,False,False,False,False,Likely Valid
CLM-01406,PRD-33003,Mirrorless Camera Body,Electronics,Lenovo,LEN-ELE-933,SNLE461123,SNLE461123,SNLE461123,2025-02-10,1428.04,B&H Photo,2025-02-10,2027-02-10,Lenovo Care Protection,Standard,2025-07-07,2025-07-08,Electrical Failure,No current flowing to main motor despite active input power.,Electrical,4,583,0,True,True,True,True,True,False,0,False,False,False,False,Likely Valid
CLM-01426,PRD-83806,Electric Range Oven,Appliances,LG,LG-APP-129,SNLG502834,SNLG502867,SNLG502834,2024-08-11,1011.61,Costco,2024-08-11,2027-08-11,LG Care Protection,Standard,2026-04-01,2026-04-04,Compressor Failure,Compressor clicking repeatedly and unable to compress refrigerant.,Manufacturing,19,497,0,True,True,True,True,True,False,0,True,False,False,False,Manual Review Required
CLM-01640,PRD-14810,Convection Microwave Oven,Appliances,Samsung,SAM-APP-458,SNSA497657,SNSA497657,SNSA497657,2025-01-17,371.86,Direct Factory Outlet,2025-01-17,2028-01-17,Samsung Care Protection,Standard,2026-07-05,2026-07-11,Compressor Failure,Compressor clicking repeatedly and unable to compress refrigerant.,Manufacturing,17,561,0,True,True,True,True,True,False,0,False,False,False,False,Likely Valid
CLM-00917,PRD-73077,Heavy-Duty Clothes Dryer,Appliances,Maytag,MAY-APP-713,SNMA163880,SNMA163880,SNMA163880,2023-07-26,777.94,Sears Appliance Outlet,2023-07-26,2027-07-26,AssureX Extended Guard,Extended,2024-06-16,2024-06-21,Thermostat Malfunction,"Thermostat stuck open, temperature never reaches target threshold.",Manufacturing,10,1135,0,True,True,True,True,True,False,0,False,False,False,False,Likely Valid
CLM-02349,PRD-19404,Tablet 11-inch Display,Electronics,HP,HP-ELE-421,SNHP225219,SNHP225219,SNHP225219,2023-12-07,733.36,BestBuy,2023-12-07,2025-12-06,HP Care Protection,Standard,2025-03-06,2025-03-10,Electrical Failure,Internal circuit shorted during regular use with standard power supply.,Manufacturing,14,275,0,True,False,True,True,True,False,1,False,False,False,False,Likely Invalid
CLM-01158,PRD-17031,Active Noise Cancelling Headphones,Electronics,Apple,APP-ELE-420,SNAP385081,SNAP385081,SNAP385081,2024-04-22,328.91,B&H Photo,2024-04-22,2027-04-22,AssureX Extended Guard,Extended,2025-03-30,2025-04-01,Electrical Failure,No current flowing to main motor despite active input power.,Unauthorized Modification,11,753,2,False,True,True,True,True,False,1,False,False,True,False,Likely Invalid
CLM-01082,PRD-55114,ProBook Laptop 15-inch,Electronics,Lenovo,LEN-ELE-906,SNLE915916,SNLE915933,SNLE915916,2024-11-08,765.36,B&H Photo,2024-11-08,2027-11-08,AssureX Extended Guard,Extended,2026-09-14,2026-09-21,Electrical Failure,Internal circuit shorted during regular use with standard power supply.,Manufacturing,22,420,0,True,True,True,True,True,False,0,True,False,False,False,Manual Review Required
CLM-01405,PRD-20800,Smart Dishwasher 24-inch,Appliances,Whirlpool,WHI-APP-390,SNWH150211,SNWH150211,SNWH150211,2024-06-05,660.34,Lowe's,2024-06-05,2027-06-05,Whirlpool Care Protection,Standard,2025-10-21,2025-10-22,Thermostat Malfunction,Temperature reading fluctuating wildly causing erratic operation.,Manufacturing,16,592,1,True,True,True,True,True,True,0,False,False,False,False,Likely Valid
CLM-01376,PRD-66588,Front-Load Washing Machine,Appliances,Whirlpool,WHI-APP-299,SNWH156864,SNWH156864,SNWH156864,2024-06-04,785.41,Direct Factory Outlet,2024-06-04,2027-06-04,Whirlpool Care Protection,Standard,2027-09-15,2027-09-21,Motor Failure,"Motor winding resistance out of spec, causing tripping.",Manufacturing,39,-103,0,True,True,True,True,True,False,0,False,False,False,False,Likely Invalid
CLM-01672,PRD-72916,Electronic Fuel Injector Kit,Automotive,Brembo,BRE-AUT-345,SNBR942464,SNBR942464,SNBR942464,2024-04-28,411.81,AutoZone,2024-04-28,2025-04-28,Brembo Care Protection,Standard,2024-08-24,2024-08-31,Seal or Gasket Failure,Unspecified system degradation observed during normal operating routine.,Manufacturing,3,247,0,True,True,True,True,True,False,0,False,False,False,False,Likely Valid
CLM-01713,PRD-80609,Smart Watch Series 7,Electronics,LG,LG-ELE-920,SNLG421047,SNLG421047,SNLG421047,2024-01-12,365.26,Direct Manufacturer Store,2024-01-12,2026-01-11,LG Care Protection,Standard,2025-04-11,2025-04-23,Component Failure,Sensor module stopped transmitting readings to the main board.,Unauthorized Modification,14,275,3,False,True,True,True,True,False,1,False,False,True,False,Likely Invalid
CLM-01249,PRD-68493,Performance Shock Absorbers,Automotive,Bosch Auto,BOS-AUT-259,SNBO532292,SNBO532292,SNBO532292,2023-03-16,418.88,AutoZone,2023-03-16,2024-03-15,Bosch Auto Care Protection,Standard,2024-03-20,2024-03-25,Manufacturing Defect,Factory assembly defect leading to unprovoked system failure.,Manufacturing,12,-5,0,True,True,True,True,True,False,0,False,False,False,False,Manual Review Required
CLM-00387,PRD-99040,ProBook Laptop 15-inch,Electronics,Sony,SON-ELE-337,SNSO201229,SNSO201259,SNSO201229,2025-01-10,948.69,Target,2025-01-10,2027-01-10,Sony Care Protection,Standard,2025-10-09,2025-10-11,Electrical Failure,No current flowing to main motor despite active input power.,Manufacturing,8,458,0,True,True,True,True,True,False,0,True,False,False,False,Manual Review Required
CLM-01632,PRD-38727,Smart Dishwasher 24-inch,Appliances,Bosch,BOS-APP-666,SNBO105251,SNBO105251,SNBO105251,2024-11-12,659.1,Sears Appliance Outlet,2024-11-12,2027-11-12,Bosch Care Protection,Standard,2024-10-07,2024-11-29,Thermostat Malfunction,"Thermostat stuck open, temperature never reaches target threshold.",Manufacturing,0,1131,0,True,True,True,True,True,False,0,False,True,False,False,Manual Review Required
CLM-01476,PRD-38921,Electronic Fuel Injector Kit,Automotive,Monroe,MON-AUT-984,SNMO683328,SNMO683328,SNMO683328,2024-05-09,511.31,Advance Auto Parts,2024-05-09,2025-05-09,Monroe Care Protection,Standard,2025-02-19,2025-02-23,Material Failure,Unspecified system degradation observed during normal operating routine.,Manufacturing,9,79,3,True,True,True,True,True,True,0,False,False,False,False,Manual Review Required
CLM-02320,PRD-52815,Heavy-Duty Clothes Dryer,Appliances,LG,LG-APP-579,SNLG511876,SNLG511876,SNLG511876,2023-05-08,685.47,Costco,2023-05-08,2026-05-07,LG Care Protection,Standard,2026-06-10,2026-06-14,Electrical Wiring Defect,Unspecified system degradation observed during normal operating routine.,Manufacturing,37,-34,0,True,True,True,True,True,False,0,False,False,False,False,Likely Invalid
CLM-02471,PRD-43380,Smart Dishwasher 24-inch,Appliances,Bosch,BOS-APP-844,SNBO679426,SNBO679426,SNBO679426,2023-05-27,912.74,Costco,2023-05-27,2026-05-26,Bosch Care Protection,Standard,2024-01-14,2024-01-18,Control Board Failure,Cooling fan bearing seized up leading to emergency thermal shutdown.,Component Failure,7,863,1,False,True,True,True,True,False,1,False,False,False,False,Manual Review Required
CLM-00542,PRD-95912,Performance Shock Absorbers,Automotive,ACDelco,ACD-AUT-369,SNAC672396,SNAC672396,SNAC672396,2025-03-10,389.86,O'Reilly Auto,2025-03-10,2026-03-10,ACDelco Care Protection,Standard,2025-07-13,2025-07-18,Material Failure,Unspecified system degradation observed during normal operating routine.,Manufacturing,4,240,0,True,False,True,True,True,False,1,False,False,False,False,Likely Invalid
CLM-01768,PRD-51868,Heavy-Duty Starter Motor,Automotive,Brembo,BRE-AUT-672,SNBR772225,SNBR772225,SNBR772225,2024-12-19,231.53,Advance Auto Parts,2024-12-19,2025-12-19,Brembo Care Protection,Standard,2025-03-13,2025-03-28,Manufacturing Defect,Device shut down unexpectedly and fails to power back on under normal conditions.,Manufacturing,2,281,0,True,True,True,True,True,False,0,False,False,False,False,Likely Valid
CLM-01092,PRD-82725,Smart Watch Series 7,Electronics,Apple,APP-ELE-656,SNAP598302,SNAP598302,SNAP598302,2024-11-06,370.48,B&H Photo,2024-11-06,2026-11-06,Apple Care Protection,Standard,2025-08-03,2025-08-14,Manufacturing Defect,Internal solder joint loosened causing intermittent power disconnects.,Manufacturing,8,460,0,True,True,True,True,True,False,0,False,False,False,False,Likely Valid
CLM-02080,PRD-48001,Heavy-Duty Starter Motor,Automotive,Denso,DEN-AUT-731,SNDE750574,SNDE750574,SNDE750574,2023-12-01,265.64,AutoZone,2023-12-01,2024-11-30,Denso Care Protection,Standard,2024-05-31,2024-06-14,Premature Wear,Bushing cracked prematurely during regular non-commercial transit.,Manufacturing,5,183,0,True,True,False,True,True,False,1,False,False,False,False,Likely Valid
CLM-00952,PRD-16490,High Output Alternator,Automotive,Continental Auto,CON-AUT-964,SNCO235408,SNCO235408,SNCO235408,2024-07-03,352.06,RockAuto,2024-07-03,2025-07-03,Continental Auto Care Protection,Standard,2025-02-06,2025-02-07,Premature Wear,"Brake pad friction compound deteriorated within 2,000 miles of highway driving.",Manufacturing,7,147,0,True,True,True,True,True,False,0,False,False,False,False,Likely Valid
CLM-01962,PRD-78306,OLED 4K Smart TV,Electronics,Sony,SON-ELE-906,SNSO968795,SNSO968763,SNSO968795,2023-12-11,1165.29,B&H Photo,2023-12-11,2025-12-10,Sony Care Protection,Standard,2025-01-25,2025-01-28,Display Defect,Backlight flickering continuously on left half of screen.,Manufacturing,13,319,0,True,True,True,True,True,False,0,True,False,False,True,Manual Review Required
CLM-01728,PRD-13142,Smart Dishwasher 24-inch,Appliances,Whirlpool,WHI-APP-294,SNWH819153,SNWH819153,SNWH819153,2025-02-23,702.23,Costco,2025-02-23,2028-02-23,Whirlpool Care Protection,Standard,2028-04-10,2028-04-13,Manufacturing Defect,Internal solder joint loosened causing intermittent power disconnects.,Manufacturing,37,-47,0,True,True,True,True,True,False,0,False,False,False,False,Likely Invalid
CLM-00334,PRD-10996,Gaming Desktop Rig,Electronics,Asus,ASU-ELE-940,SNAS776184,SNAS776184,SNAS776184,2024-08-04,2093.34,Target,2024-08-04,2026-08-04,Asus Care Protection,Standard,2025-06-04,2025-06-15,Software Malfunction,Main OS freezes on start screen; hardware diagnostic passes.,Manufacturing,9,426,0,True,False,True,True,True,False,1,False,False,False,False,Likely Invalid
CLM-00091,PRD-36248,ProBook Laptop 15-inch,Electronics,Samsung,SAM-ELE-166,SNSA481377,SNSA481377,SNSA481377,2024-09-20,1054.07,B&H Photo,2024-09-20,2026-09-20,Samsung Care Protection,Standard,2025-12-28,2026-01-09,Cosmetic Damage,Slight dent on exterior casing from transit handling.,Cosmetic Damage,15,266,0,True,True,True,True,True,False,0,False,False,True,False,Likely Invalid
CLM-00768,PRD-96681,Smart Dishwasher 24-inch,Appliances,Bosch,BOS-APP-623,SNBO338912,SNBO338912,SNBO338912,2023-03-18,934.7,Sears Appliance Outlet,2023-03-18,2026-03-17,Bosch Care Protection,Standard,2023-03-05,2023-04-04,Control Board Failure,Unspecified system degradation observed during normal operating routine.,Manufacturing,0,1108,0,True,True,True,True,True,False,0,False,True,False,False,Manual Review Required
CLM-01024,PRD-46456,ProBook Laptop 15-inch,Electronics,Apple,APP-ELE-138,SNAP356307,SNAP356307,SNAP356307,2025-05-30,725.95,B&H Photo,2025-05-30,2028-05-29,AssureX Extended Guard,Extended,2026-09-17,2026-09-24,Manufacturing Defect,Factory assembly defect leading to unprovoked system failure.,Manufacturing,15,620,0,True,True,True,True,True,False,0,False,False,False,False,Likely Valid
CLM-01726,PRD-97995,Convection Microwave Oven,Appliances,Whirlpool,WHI-APP-223,SNWH881168,SNWH881168,SNWH881168,2025-04-13,324.55,Home Depot,2025-04-13,2028-04-12,Whirlpool Care Protection,Standard,2026-12-10,2026-12-14,Compressor Failure,"Cooling cycle fails to start, compressor is non-responsive.",Manufacturing,19,489,0,True,True,True,True,True,False,0,False,False,False,False,Likely Valid
CLM-00864,PRD-39076,High Output Alternator,Automotive,K&N,K&N-AUT-947,SNK&817696,SNK&817696,SNK&817696,2024-03-19,374.92,AutoZone,2024-03-19,2025-03-19,K&N Care Protection,Standard,2024-07-14,2024-07-15,Manufacturing Defect,Internal solder joint loosened causing intermittent power disconnects.,Manufacturing,3,248,0,True,True,False,True,True,False,1,False,False,False,False,Likely Valid
CLM-01439,PRD-27758,Convection Microwave Oven,Appliances,Maytag,MAY-APP-747,SNMA548348,SNMA548348,SNMA548348,2023-08-23,298.18,Lowe's,2023-08-23,2026-08-22,Maytag Care Protection,Standard,2025-06-14,2025-06-16,Electrical Wiring Defect,Unspecified system degradation observed during normal operating routine.,Electrical,21,434,0,True,True,True,True,True,False,0,False,False,False,False,Likely Valid
CLM-01949,PRD-29610,Ceramic Brake Pad Set,Automotive,ACDelco,ACD-AUT-625,SNAC614431,SNAC614431,SNAC614431,2023-05-22,112.43,AutoZone,2023-05-22,2024-05-21,ACDelco Care Protection,Standard,2023-12-31,2024-01-03,Electrical Component Failure,Unspecified system degradation observed during normal operating routine.,Electrical,7,142,1,True,True,True,True,True,True,0,False,False,False,False,Likely Valid
CLM-00381,PRD-61211,French Door Refrigerator,Appliances,Bosch,BOS-APP-585,SNBO125854,SNBO125854,SNBO125854,2023-03-28,1892.94,Costco,2023-03-28,2026-03-27,Bosch Care Protection,Standard,2024-07-11,2024-07-18,Thermostat Malfunction,"Thermostat stuck open, temperature never reaches target threshold.",Manufacturing,15,624,0,True,True,True,True,True,False,0,False,False,False,False,Likely Valid
CLM-01582,PRD-60763,Electronic Fuel Injector Kit,Automotive,Monroe,MON-AUT-877,SNMO597914,SNMO597937,SNMO597914,2024-05-23,365.19,Advance Auto Parts,2024-05-23,2026-05-23,AssureX Extended Guard,Extended,2024-08-13,2024-08-17,Electrical Component Failure,Unspecified system degradation observed during normal operating routine.,Manufacturing,2,648,0,True,True,True,True,True,False,0,True,False,False,False,Manual Review Required
CLM-00731,PRD-49348,Convection Microwave Oven,Appliances,Maytag,MAY-APP-400,SNMA140830,SNMA140830,SNMA140830,2023-08-01,381.91,Home Depot,2023-08-01,2026-07-31,Maytag Care Protection,Standard,2024-07-09,2024-07-14,Compressor Failure,Compressor clicking repeatedly and unable to compress refrigerant.,Unauthorized Modification,11,752,3,False,True,True,True,True,False,1,False,False,True,False,Likely Invalid
CLM-02410,PRD-96484,Convection Microwave Oven,Appliances,Whirlpool,WHI-APP-848,SNWH911741,SNWH911741,SNWH911741,2023-04-04,325.07,Home Depot,2023-04-04,2026-04-03,Whirlpool Care Protection,Standard,2023-05-16,2023-05-21,Thermostat Malfunction,Temperature reading fluctuating wildly causing erratic operation.,Unauthorized Modification,1,1053,4,False,True,True,True,True,False,1,False,False,True,False,Likely Invalid
CLM-00738,PRD-27853,Gaming Desktop Rig,Electronics,Dell,DEL-ELE-297,SNDE965101,SNDE965101,SNDE965101,2024-09-20,1963.06,B&H Photo,2024-09-20,2027-09-20,AssureX Extended Guard,Extended,2026-06-01,2026-06-06,Electrical Failure,Capacitor blown on the primary controller board without power surge.,Manufacturing,20,476,3,True,True,True,True,True,True,0,False,False,False,False,Manual Review Required
CLM-00859,PRD-12243,ProBook Laptop 15-inch,Electronics,HP,HP-ELE-253,SNHP725290,SNHP725290,SNHP725290,2023-10-28,819.98,Amazon Electronics,2023-10-28,2025-10-27,HP Care Protection,Standard,2024-12-20,2025-01-03,Manufacturing Defect,Factory assembly defect leading to unprovoked system failure.,Manufacturing,13,311,0,True,False,True,True,True,False,1,False,False,False,False,Likely Invalid
CLM-01563,PRD-80667,Galaxy Ultra Smartphone,Electronics,LG,LG-ELE-416,SNLG619037,SNLG619037,SNLG619037,2023-04-11,989.63,Direct Manufacturer Store,2023-04-11,2025-04-10,LG Care Protection,Standard,2024-03-24,2024-03-25,Software Malfunction,Main OS freezes on start screen; hardware diagnostic passes.,Manufacturing,11,382,0,True,True,True,True,True,False,0,False,False,False,False,Likely Valid
CLM-01833,PRD-72724,ABS Wheel Speed Sensor,Automotive,K&N,K&N-AUT-815,SNK&735432,SNK&735432,SNK&735432,2024-12-28,91.11,O'Reilly Auto,2024-12-28,2026-12-28,AssureX Extended Guard,Extended,2026-05-18,2026-06-01,Manufacturing Defect,Device shut down unexpectedly and fails to power back on under normal conditions.,Manufacturing,16,224,0,True,True,True,True,True,False,0,False,False,False,False,Likely Valid
CLM-02239,PRD-60234,OLED 4K Smart TV,Electronics,HP,HP-ELE-634,SNHP263220,SNHP263220,SNHP263220,2023-07-19,1158.22,Amazon Electronics,2023-07-19,2025-07-18,HP Care Protection,Standard,2025-02-19,2025-02-21,Physical Impact,Unspecified system degradation observed during normal operating routine.,Physical Impact,19,149,0,True,True,True,True,True,False,0,False,False,True,False,Likely Invalid
CLM-01286,PRD-93961,French Door Refrigerator,Appliances,KitchenAid,KIT-APP-984,SNKI657656,SNKI657656,SNKI657656,2023-11-02,1794.49,Lowe's,2023-11-02,2026-11-01,KitchenAid Care Protection,Standard,2024-04-10,2024-04-15,Thermostat Malfunction,Temperature reading fluctuating wildly causing erratic operation.,Unauthorized Modification,5,935,4,False,True,True,True,True,False,1,False,False,True,False,Likely Invalid
CLM-00763,PRD-97147,Smart Dishwasher 24-inch,Appliances,LG,LG-APP-130,SNLG134714,SNLG134714,SNLG134714,2023-02-07,867.14,Home Depot,2023-02-07,2026-02-06,LG Care Protection,Standard,2026-05-19,2026-05-26,Control Board Failure,Unspecified system degradation observed during normal operating routine.,Manufacturing,39,-102,0,True,True,True,True,True,False,0,False,False,False,False,Likely Invalid
CLM-00263,PRD-43315,Gaming Desktop Rig,Electronics,LG,LG-ELE-765,SNLG271252,SNLG271252,SNLG271252,2024-10-22,1868.54,BestBuy,2024-10-22,2026-10-22,LG Care Protection,Standard,2025-02-01,2025-02-12,Jailbreaking or Rooting,Unspecified system degradation observed during normal operating routine.,Jailbreaking or Rooting,3,628,0,True,True,True,True,True,False,0,False,False,True,False,Likely Invalid
CLM-02182,PRD-97248,OLED 4K Smart TV,Electronics,HP,HP-ELE-925,SNHP619923,SNHP619923,SNHP619923,2025-02-28,1171.75,Target,2025-02-28,2027-02-28,HP Care Protection,Standard,2026-04-12,2026-04-23,Component Failure,Cooling fan bearing seized up leading to emergency thermal shutdown.,Manufacturing,13,322,0,True,True,True,True,True,False,0,False,False,False,False,Likely Valid
CLM-01692,PRD-14480,Front-Load Washing Machine,Appliances,Bosch,BOS-APP-225,SNBO361207,SNBO361207,SNBO361207,2023-05-25,1024.32,Costco,2023-05-25,2026-05-24,Bosch Care Protection,Standard,2025-09-22,2025-09-29,Motor Failure,Drive motor hums loudly but will not spin drum under normal load.,Manufacturing,27,244,3,True,True,True,True,True,True,0,False,False,False,False,Manual Review Required
CLM-01861,PRD-93327,ABS Wheel Speed Sensor,Automotive,Continental Auto,CON-AUT-868,SNCO615960,SNCO615960,SNCO615960,2023-09-09,83.31,NAPA Auto Parts,2023-09-09,2024-09-08,Continental Auto Care Protection,Standard,2024-01-17,2024-01-25,Material Failure,Unspecified system degradation observed during normal operating routine.,Manufacturing,4,235,0,True,True,True,True,True,False,0,False,False,False,False,Likely Valid
CLM-01064,PRD-30558,French Door Refrigerator,Appliances,Whirlpool,WHI-APP-176,SNWH299095,SNWH299095,SNWH299095,2023-11-09,1459.23,Direct Factory Outlet,2023-11-09,2026-11-08,Whirlpool Care Protection,Standard,2026-01-04,2026-01-07,Manufacturing Defect,Internal solder joint loosened causing intermittent power disconnects.,Manufacturing,25,308,0,True,True,True,True,True,False,0,False,False,False,False,Likely Valid
CLM-00489,PRD-93200,Heavy-Duty Clothes Dryer,Appliances,KitchenAid,KIT-APP-723,SNKI967146,SNKI967146,SNKI967146,2024-05-25,827.41,Costco,2024-05-25,2028-05-25,AssureX Extended Guard,Extended,2026-05-01,2026-05-16,Electrical Wiring Defect,Unspecified system degradation observed during normal operating routine.,Electrical,23,755,0,True,True,False,True,True,False,1,False,False,False,False,Likely Valid
CLM-02255,PRD-53633,Galaxy Ultra Smartphone,Electronics,LG,LG-ELE-442,SNLG411098,SNLG411098,SNLG411098,2023-07-08,1148.28,Amazon Electronics,2023-07-08,2026-07-07,AssureX Extended Guard,Extended,2024-11-03,2024-11-11,Electrical Failure,Capacitor blown on the primary controller board without power surge.,Electrical,15,611,0,True,True,True,True,True,False,0,False,False,False,False,Likely Valid
CLM-01466,PRD-51934,Tablet 11-inch Display,Electronics,Samsung,SAM-ELE-930,SNSA874533,SNSA874533,SNSA874533,2023-07-15,737.13,Amazon Electronics,2023-07-15,2025-07-14,Samsung Care Protection,Standard,2024-10-23,2024-10-25,Electrical Failure,Internal circuit shorted during regular use with standard power supply.,Manufacturing,15,264,0,True,False,True,True,True,False,1,False,False,False,False,Likely Invalid
CLM-01433,PRD-59358,Convection Microwave Oven,Appliances,LG,LG-APP-201,SNLG495085,SNLG495085,SNLG495085,2024-03-12,290.72,Sears Appliance Outlet,2024-03-12,2028-03-12,AssureX Extended Guard,Extended,2028-08-10,2028-08-23,Compressor Failure,"Cooling cycle fails to start, compressor is non-responsive.",Manufacturing,52,-151,0,True,True,True,True,True,False,0,False,False,False,True,Likely Invalid
CLM-01767,PRD-41644,Smart Watch Series 7,Electronics,Lenovo,LEN-ELE-779,SNLE196981,SNLE196981,SNLE196981,2024-02-29,380.77,BestBuy,2024-02-29,2026-02-28,Lenovo Care Protection,Standard,2026-07-21,2026-08-04,Component Failure,Sensor module stopped transmitting readings to the main board.,Manufacturing,28,-143,0,True,True,True,True,True,False,0,False,False,False,False,Likely Invalid
CLM-01811,PRD-56485,Mirrorless Camera Body,Electronics,HP,HP-ELE-769,SNHP343541,SNHP343541,SNHP343541,2023-06-19,1405.18,Target,2023-06-19,2026-06-18,AssureX Extended Guard,Extended,2023-12-31,2024-01-15,Software Malfunction,Main OS freezes on start screen; hardware diagnostic passes.,Manufacturing,6,900,0,True,True,True,True,True,False,0,False,False,False,False,Likely Valid
CLM-01492,PRD-70929,ProBook Laptop 15-inch,Electronics,Samsung,SAM-ELE-431,SNSA457982,SNSA457982,SNSA457982,2023-08-25,934.15,Target,2023-08-25,2026-08-24,AssureX Extended Guard,Extended,2026-07-05,2026-07-12,Software Malfunction,System firmware entered boot loop following manufacturer OTA update.,Manufacturing,34,50,0,True,False,True,True,True,False,1,False,False,False,False,Likely Invalid
CLM-02035,PRD-75303,ABS Wheel Speed Sensor,Automotive,Bosch Auto,BOS-AUT-854,SNBO317161,SNBO317161,SNBO317161,2024-09-30,115.3,Advance Auto Parts,2024-09-30,2026-09-30,AssureX Extended Guard,Extended,2025-01-21,2025-01-27,Seal or Gasket Failure,Unspecified system degradation observed during normal operating routine.,Manufacturing,3,617,0,True,True,True,True,True,False,0,False,False,False,False,Likely Valid
CLM-01273,PRD-47566,Mirrorless Camera Body,Electronics,Apple,APP-ELE-972,SNAP425592,SNAP425592,SNAP425592,2025-05-04,1392.04,Target,2025-05-04,2027-05-04,Apple Care Protection,Standard,2026-10-21,2026-10-28,Manufacturing Defect,Internal solder joint loosened causing intermittent power disconnects.,Manufacturing,17,195,0,True,False,True,True,True,False,1,False,False,False,False,Likely Invalid
CLM-02032,PRD-87337,Tablet 11-inch Display,Electronics,Asus,ASU-ELE-376,SNAS840100,SNAS840100,SNAS840100,2023-11-23,798.58,Direct Manufacturer Store,2023-11-23,2025-11-22,Asus Care Protection,Standard,2026-03-10,2026-03-17,Component Failure,Sensor module stopped transmitting readings to the main board.,Manufacturing,27,-108,0,True,True,True,True,True,False,0,False,False,False,False,Likely Invalid
CLM-02242,PRD-91229,Ceramic Brake Pad Set,Automotive,Brembo,BRE-AUT-409,SNBR925999,SNBR925999,SNBR925999,2023-01-19,111.71,AutoZone,2023-01-19,2025-01-18,AssureX Extended Guard,Extended,2023-05-27,2023-06-05,Premature Wear,"Brake pad friction compound deteriorated within 2,000 miles of highway driving.",Component Failure,4,602,1,False,True,True,True,True,False,1,False,False,False,False,Manual Review Required
CLM-01468,PRD-48337,Convection Microwave Oven,Appliances,Samsung,SAM-APP-864,SNSA892375,SNSA892375,SNSA892375,2023-08-06,286.84,Direct Factory Outlet,2023-08-06,2026-08-05,Samsung Care Protection,Standard,2026-05-16,2026-05-27,Unauthorized Modification,Unspecified system degradation observed during normal operating routine.,Unauthorized Modification,33,81,0,True,True,True,True,True,False,0,False,False,True,False,Likely Invalid
CLM-01996,PRD-36835,Mirrorless Camera Body,Electronics,Lenovo,LEN-ELE-460,SNLE842210,SNLE842210,SNLE842210,2023-11-28,1500.09,B&H Photo,2023-11-28,2025-11-27,Lenovo Care Protection,Standard,2025-01-14,2025-01-27,Display Defect,Vertical colored line artifacts appeared across OLED panel without impact.,Manufacturing,13,317,0,True,True,True,True,True,False,0,False,False,False,False,Likely Valid
CLM-01500,PRD-61252,Ceramic Brake Pad Set,Automotive,Continental Auto,CON-AUT-926,SNCO773186,SNCO773186,SNCO773186,2024-07-24,138.61,O'Reilly Auto,2024-07-24,2026-07-24,AssureX Extended Guard,Extended,2025-05-11,2025-05-12,Electrical Component Failure,Unspecified system degradation observed during normal operating routine.,Unauthorized Modification,9,439,4,False,True,True,True,True,False,1,False,False,True,False,Likely Invalid
CLM-02133,PRD-51241,OLED 4K Smart TV,Electronics,Samsung,SAM-ELE-197,SNSA203152,SNSA203152,SNSA203152,2023-08-02,1111.53,Direct Manufacturer Store,2023-08-02,2025-08-01,Samsung Care Protection,Standard,2024-01-10,2024-01-16,Component Failure,Sensor module stopped transmitting readings to the main board.,Manufacturing,5,569,0,True,True,True,True,True,False,0,False,False,False,False,Likely Valid
CLM-00271,PRD-34927,Performance Shock Absorbers,Automotive,Continental Auto,CON-AUT-814,SNCO230748,SNCO230748,SNCO230748,2023-01-12,384.63,RockAuto,2023-01-12,2025-01-11,AssureX Extended Guard,Extended,2023-10-19,2023-10-31,Seal or Gasket Failure,Unspecified system degradation observed during normal operating routine.,Manufacturing,9,450,0,True,False,True,True,True,False,1,False,False,False,False,Likely Invalid
CLM-00880,PRD-68796,Electric Range Oven,Appliances,KitchenAid,KIT-APP-685,SNKI637872,SNKI637872,SNKI637872,2023-08-16,1197.01,Direct Factory Outlet,2023-08-16,2026-08-15,KitchenAid Care Protection,Standard,2024-04-21,2024-04-29,Manufacturing Defect,Factory assembly defect leading to unprovoked system failure.,Manufacturing,8,846,0,True,True,True,True,True,False,0,False,False,False,False,Likely Valid
CLM-00383,PRD-24068,Smart Watch Series 7,Electronics,Samsung,SAM-ELE-476,SNSA800133,SNSA800133,SNSA800133,2024-12-21,383.07,Target,2024-12-21,2027-12-21,AssureX Extended Guard,Extended,2026-08-12,2026-08-15,Manufacturing Defect,Factory assembly defect leading to unprovoked system failure.,Manufacturing,19,496,0,True,True,True,True,True,False,0,False,False,False,False,Likely Valid
CLM-00522,PRD-38155,Tablet 11-inch Display,Electronics,Samsung,SAM-ELE-973,SNSA478776,SNSA478776,SNSA478776,2023-10-14,787.83,Target,2023-10-14,2025-10-13,Samsung Care Protection,Standard,2024-09-26,2024-09-30,Component Failure,Cooling fan bearing seized up leading to emergency thermal shutdown.,Manufacturing,11,382,0,True,True,True,True,True,False,0,False,False,False,False,Likely Valid
CLM-01454,PRD-93641,High Output Alternator,Automotive,Monroe,MON-AUT-807,SNMO666500,SNMO666500,SNMO666500,2023-05-14,371.31,NAPA Auto Parts,2023-05-14,2024-05-13,Monroe Care Protection,Standard,2023-10-12,2023-10-13,Material Failure,Unspecified system degradation observed during normal operating routine.,Manufacturing,4,214,0,True,True,True,True,True,False,0,False,False,False,False,Likely Valid
CLM-01958,PRD-40434,Heavy-Duty Clothes Dryer,Appliances,GE Appliances,GE -APP-269,SNGE378100,SNGE378100,SNGE378100,2024-07-10,977.71,Sears Appliance Outlet,2024-07-10,2027-07-10,GE Appliances Care Protection,Standard,2026-06-15,2026-06-22,Electrical Wiring Defect,Unspecified system degradation observed during normal operating routine.,Electrical,23,390,0,True,True,True,True,True,False,0,False,False,False,False,Likely Valid
CLM-02372,PRD-30701,Active Noise Cancelling Headphones,Electronics,Dell,DEL-ELE-663,SNDE675807,SNDE675807,SNDE675807,2023-01-18,249.22,BestBuy,2023-01-18,2026-01-17,AssureX Extended Guard,Extended,2025-10-20,2025-10-27,Electrical Failure,Internal circuit shorted during regular use with standard power supply.,Unauthorized Modification,33,89,3,False,True,True,True,True,False,1,False,False,True,False,Likely Invalid
CLM-00955,PRD-99918,Tablet 11-inch Display,Electronics,Apple,APP-ELE-454,SNAP896881,SNAP896881,SNAP896881,2025-05-30,747.51,B&H Photo,2025-05-30,2027-05-30,Apple Care Protection,Standard,2025-11-30,2025-12-01,Software Malfunction,System firmware entered boot loop following manufacturer OTA update.,Manufacturing,6,546,0,True,True,True,True,True,False,0,False,False,False,False,Likely Valid
CLM-00586,PRD-99247,Galaxy Ultra Smartphone,Electronics,Asus,ASU-ELE-287,SNAS663022,SNAS663022,SNAS663022,2024-09-10,979.97,B&H Photo,2024-09-10,2026-09-10,Asus Care Protection,Standard,2025-07-28,2025-08-11,Display Defect,Backlight flickering continuously on left half of screen.,Manufacturing,10,409,0,True,False,True,True,True,False,1,False,False,False,False,Likely Invalid
CLM-01246,PRD-40408,Heavy-Duty Starter Motor,Automotive,Brembo,BRE-AUT-721,SNBR656271,SNBR656271,SNBR656271,2025-05-22,237.89,O'Reilly Auto,2025-05-22,2026-05-22,Brembo Care Protection,Standard,2025-12-30,2026-01-12,Premature Wear,"Brake pad friction compound deteriorated within 2,000 miles of highway driving.",Manufacturing,7,143,0,True,True,True,True,True,False,0,False,False,False,False,Likely Valid
CLM-02111,PRD-84787,Mirrorless Camera Body,Electronics,Dell,DEL-ELE-863,SNDE486284,SNDE486284,SNDE486284,2023-09-14,1303.39,Amazon Electronics,2023-09-14,2025-09-13,Dell Care Protection,Standard,2024-03-11,2024-03-21,Electrical Failure,Capacitor blown on the primary controller board without power surge.,Electrical,5,551,1,True,True,False,True,True,True,1,False,False,False,False,Likely Valid
CLM-02473,PRD-98516,Smart Dishwasher 24-inch,Appliances,LG,LG-APP-748,SNLG955196,SNLG955196,SNLG955196,2025-01-06,915.15,Lowe's,2025-01-06,2028-01-06,LG Care Protection,Standard,2027-01-18,2027-01-27,Electrical Wiring Defect,Unspecified system degradation observed during normal operating routine.,Electrical,24,353,0,True,True,True,True,True,False,0,False,False,False,False,Likely Valid
CLM-00400,PRD-48327,Smart Dishwasher 24-inch,Appliances,Whirlpool,WHI-APP-458,SNWH731678,SNWH731678,SNWH731678,2023-07-21,834.06,Lowe's,2023-07-21,2027-07-21,AssureX Extended Guard,Extended,2027-04-27,2027-04-29,Control Board Failure,Sensor module stopped transmitting readings to the main board.,Component Failure,45,85,1,False,True,True,True,True,False,1,False,False,False,False,Manual Review Required
CLM-01196,PRD-17977,ABS Wheel Speed Sensor,Automotive,Bosch Auto,BOS-AUT-507,SNBO892966,SNBO892966,SNBO892966,2023-08-31,116.08,O'Reilly Auto,2023-08-31,2024-08-30,Bosch Auto Care Protection,Standard,2024-03-29,2024-04-10,Seal or Gasket Failure,Unspecified system degradation observed during normal operating routine.,Manufacturing,6,154,0,True,True,True,True,True,False,0,False,False,False,False,Likely Valid
CLM-02426,PRD-87884,Galaxy Ultra Smartphone,Electronics,Sony,SON-ELE-656,SNSO101648,SNSO101648,SNSO101648,2023-11-24,926.26,Direct Manufacturer Store,2023-11-24,2025-11-23,Sony Care Protection,Standard,2024-09-10,2024-09-24,Electrical Failure,Internal circuit shorted during regular use with standard power supply.,Electrical,9,439,0,True,True,True,True,True,False,0,False,False,False,False,Likely Valid
CLM-00473,PRD-36267,Gaming Desktop Rig,Electronics,Asus,ASU-ELE-269,SNAS582961,SNAS582961,SNAS582961,2023-09-25,1573.12,Amazon Electronics,2023-09-25,2025-09-24,Asus Care Protection,Standard,2024-01-15,2024-01-18,Electrical Failure,Internal circuit shorted during regular use with standard power supply.,Manufacturing,3,618,0,True,False,True,True,True,False,1,False,False,False,False,Likely Invalid
CLM-01529,PRD-15852,Active Noise Cancelling Headphones,Electronics,Apple,APP-ELE-907,SNAP544558,SNAP544558,SNAP544558,2023-04-28,298.67,BestBuy,2023-04-28,2025-04-27,Apple Care Protection,Standard,2024-10-13,2024-10-22,Electrical Failure,Internal circuit shorted during regular use with standard power supply.,Electrical,17,196,0,True,True,True,True,True,False,0,False,False,False,False,Likely Valid
CLM-01111,PRD-20032,Smart Dishwasher 24-inch,Appliances,Samsung,SAM-APP-362,SNSA172024,SNSA172024,SNSA172024,2023-02-24,882.6,Costco,2023-02-24,2026-02-23,Samsung Care Protection,Standard,2025-01-16,2025-01-27,Motor Failure,"Motor winding resistance out of spec, causing tripping.",Unauthorized Modification,22,403,3,False,True,True,True,True,False,1,False,False,True,False,Likely Invalid
CLM-01262,PRD-62404,Active Noise Cancelling Headphones,Electronics,Dell,DEL-ELE-428,SNDE888000,SNDE888000,SNDE888000,2025-05-13,299.92,Target,2025-05-13,2028-05-12,AssureX Extended Guard,Extended,2027-03-15,2027-03-23,Display Defect,Vertical colored line artifacts appeared across OLED panel without impact.,Manufacturing,22,424,1,True,True,True,True,True,True,0,False,False,False,False,Likely Valid
CLM-00097,PRD-98668,Heavy-Duty Starter Motor,Automotive,ACDelco,ACD-AUT-606,SNAC719755,SNAC719755,SNAC719755,2024-07-01,321.97,RockAuto,2024-07-01,2025-07-01,ACDelco Care Protection,Standard,2024-11-14,2024-11-15,Manufacturing Defect,Internal solder joint loosened causing intermittent power disconnects.,Manufacturing,4,229,0,True,True,True,True,True,False,0,False,False,False,False,Likely Valid
CLM-01078,PRD-87617,Heavy-Duty Clothes Dryer,Appliances,LG,LG-APP-499,SNLG896678,SNLG896678,SNLG896678,2024-07-06,897.22,Home Depot,2024-07-06,2027-07-06,LG Care Protection,Standard,2027-10-25,2027-11-08,Compressor Failure,Compressor clicking repeatedly and unable to compress refrigerant.,Manufacturing,39,-111,0,True,True,True,True,True,False,0,False,False,False,False,Likely Invalid
CLM-02058,PRD-36678,Front-Load Washing Machine,Appliances,Maytag,MAY-APP-225,SNMA544557,SNMA544557,SNMA544557,2024-08-02,1059.81,Lowe's,2024-08-02,2028-08-02,AssureX Extended Guard,Extended,2027-02-23,2027-03-09,Thermostat Malfunction,"Thermostat stuck open, temperature never reaches target threshold.",Manufacturing,30,526,0,True,True,True,True,True,False,0,False,False,False,False,Likely Valid
CLM-00052,PRD-25212,ProBook Laptop 15-inch,Electronics,Sony,SON-ELE-261,SNSO923648,SNSO923648,SNSO923648,2023-04-21,732.38,Direct Manufacturer Store,2023-04-21,2025-04-20,Sony Care Protection,Standard,2024-08-11,2024-08-19,Display Defect,Vertical colored line artifacts appeared across OLED panel without impact.,Manufacturing,15,252,1,True,True,True,True,True,True,0,False,False,False,False,Likely Valid
CLM-00409,PRD-71137,Front-Load Washing Machine,Appliances,Maytag,MAY-APP-554,SNMA585201,SNMA585201,SNMA585201,2023-02-27,728.37,Home Depot,2023-02-27,2026-02-26,Maytag Care Protection,Standard,2024-06-17,2024-06-24,Manufacturing Defect,Factory assembly defect leading to unprovoked system failure.,Component Failure,15,619,1,False,True,True,True,True,False,1,False,False,False,False,Manual Review Required
CLM-02478,PRD-34415,Active Noise Cancelling Headphones,Electronics,LG,LG-ELE-736,SNLG176780,SNLG176780,SNLG176780,2024-01-06,241.43,Amazon Electronics,2024-01-06,2026-01-05,LG Care Protection,Standard,2025-04-17,2025-04-25,Display Defect,Vertical colored line artifacts appeared across OLED panel without impact.,Unauthorized Modification,15,263,4,False,True,True,True,True,False,1,False,False,True,False,Likely Invalid
CLM-00497,PRD-32965,Active Noise Cancelling Headphones,Electronics,Lenovo,LEN-ELE-970,SNLE269218,SNLE269218,SNLE269218,2025-01-03,289.27,Amazon Electronics,2025-01-03,2027-01-03,Lenovo Care Protection,Standard,2025-10-04,2025-10-07,Software Malfunction,System firmware entered boot loop following manufacturer OTA update.,Manufacturing,9,456,0,True,True,False,True,True,False,1,False,False,False,False,Likely Valid
CLM-00882,PRD-16137,ProBook Laptop 15-inch,Electronics,Sony,SON-ELE-163,SNSO951307,SNSO951307,SNSO951307,2024-10-12,731.24,Direct Manufacturer Store,2024-10-12,2027-10-12,AssureX Extended Guard,Extended,2027-07-08,2027-07-19,Manufacturing Defect,Device shut down unexpectedly and fails to power back on under normal conditions.,Manufacturing,32,96,0,True,False,True,True,True,False,1,False,False,False,False,Likely Invalid
CLM-01863,PRD-59375,Tablet 11-inch Display,Electronics,LG,LG-ELE-737,SNLG635462,SNLG635462,SNLG635462,2023-12-26,638.65,Target,2023-12-26,2025-12-25,LG Care Protection,Standard,2024-11-20,2024-11-26,Software Malfunction,System firmware entered boot loop following manufacturer OTA update.,Manufacturing,10,400,0,True,True,False,True,True,False,1,False,False,False,False,Likely Valid
CLM-00026,PRD-69511,OLED 4K Smart TV,Electronics,LG,LG-ELE-451,SNLG661023,SNLG661023,SNLG661023,2025-03-07,1393.69,Target,2025-03-07,2028-03-06,AssureX Extended Guard,Extended,2027-03-28,2027-04-09,Software Malfunction,Main OS freezes on start screen; hardware diagnostic passes.,Manufacturing,24,344,0,True,True,True,True,True,False,0,False,False,False,False,Likely Valid
CLM-00076,PRD-82596,ProBook Laptop 15-inch,Electronics,Asus,ASU-ELE-304,SNAS295041,SNAS295041,SNAS295041,2025-02-01,1005.48,B&H Photo,2025-02-01,2027-02-01,Asus Care Protection,Standard,2026-07-16,2026-07-30,Software Malfunction,Main OS freezes on start screen; hardware diagnostic passes.,Manufacturing,17,200,0,True,True,True,True,True,False,0,False,False,False,False,Likely Valid
CLM-01132,PRD-13159,Smart Watch Series 7,Electronics,Samsung,SAM-ELE-717,SNSA958092,SNSA958092,SNSA958092,2023-07-28,387.05,Direct Manufacturer Store,2023-07-28,2025-07-27,Samsung Care Protection,Standard,2024-05-08,2024-05-22,Software Malfunction,System firmware entered boot loop following manufacturer OTA update.,Manufacturing,9,445,0,True,True,True,True,True,False,0,False,False,False,False,Likely Valid
CLM-01143,PRD-51725,Smart Watch Series 7,Electronics,Dell,DEL-ELE-184,SNDE200790,SNDE200790,SNDE200790,2023-05-24,422.68,BestBuy,2023-05-24,2025-05-23,Dell Care Protection,Standard,2024-05-25,2024-06-03,Electrical Failure,Capacitor blown on the primary controller board without power surge.,Manufacturing,12,363,0,True,False,True,True,True,False,1,False,False,False,False,Likely Invalid
CLM-00719,PRD-84959,Smart Watch Series 7,Electronics,Samsung,SAM-ELE-949,SNSA537513,SNSA537513,SNSA537513,2023-12-25,487.43,Direct Manufacturer Store,2023-12-25,2025-12-24,Samsung Care Protection,Standard,2025-06-13,2025-06-23,Electrical Failure,Capacitor blown on the primary controller board without power surge.,Electrical,17,194,0,True,True,True,True,True,False,0,False,False,False,False,Likely Valid
CLM-00890,PRD-86873,Smart Dishwasher 24-inch,Appliances,Whirlpool,WHI-APP-175,SNWH324869,SNWH324869,SNWH324869,2024-01-21,937.11,Home Depot,2024-01-21,2027-01-20,Whirlpool Care Protection,Standard,2026-03-09,2026-03-20,Motor Failure,"Motor winding resistance out of spec, causing tripping.",Manufacturing,25,317,0,True,True,True,True,True,False,0,False,False,False,False,Likely Valid
CLM-01862,PRD-34380,Front-Load Washing Machine,Appliances,Whirlpool,WHI-APP-656,SNWH832460,SNWH832460,SNWH832460,2025-05-16,727.37,Direct Factory Outlet,2025-05-16,2029-05-16,AssureX Extended Guard,Extended,2027-06-26,2027-07-09,Manufacturing Defect,Device shut down unexpectedly and fails to power back on under normal conditions.,Manufacturing,25,690,1,True,True,True,True,True,True,0,False,False,False,False,Likely Valid
CLM-01608,PRD-52668,ABS Wheel Speed Sensor,Automotive,ACDelco,ACD-AUT-959,SNAC842308,SNAC842308,SNAC842308,2024-04-16,97.17,O'Reilly Auto,2024-04-16,2025-04-16,ACDelco Care Protection,Standard,2025-03-17,2025-03-27,Accidental Damage,Dropped on concrete driveway resulting in shattered enclosure and severed cable.,Accidental Damage,11,30,0,True,True,True,True,True,False,0,False,False,True,False,Likely Invalid
CLM-01461,PRD-21165,Gaming Desktop Rig,Electronics,Lenovo,LEN-ELE-918,SNLE642490,SNLE642490,SNLE642490,2024-12-31,2296.05,BestBuy,2024-12-31,2027-12-31,AssureX Extended Guard,Extended,2026-09-05,2026-09-11,Display Defect,Vertical colored line artifacts appeared across OLED panel without impact.,Manufacturing,20,482,0,True,True,True,True,True,False,0,False,False,False,False,Likely Valid
CLM-02477,PRD-96578,Tablet 11-inch Display,Electronics,LG,LG-ELE-988,SNLG118591,SNLG118591,SNLG118591,2024-03-20,587.22,Target,2024-03-20,2026-03-20,LG Care Protection,Standard,2025-02-24,2025-02-28,Software Malfunction,System firmware entered boot loop following manufacturer OTA update.,Manufacturing,11,389,0,True,True,True,True,True,False,0,False,False,False,False,Likely Valid
CLM-00693,PRD-25143,Front-Load Washing Machine,Appliances,Whirlpool,WHI-APP-175,SNWH728934,SNWH728934,SNWH728934,2024-10-02,1060.7,Sears Appliance Outlet,2024-10-02,2028-10-02,AssureX Extended Guard,Extended,2026-07-07,2026-07-13,Manufacturing Defect,Internal solder joint loosened causing intermittent power disconnects.,Unauthorized Modification,21,818,3,False,True,True,True,True,False,1,False,False,True,False,Likely Invalid
CLM-00636,PRD-20567,Active Noise Cancelling Headphones,Electronics,Sony,SON-ELE-335,SNSO711046,SNSO711046,SNSO711046,2024-07-25,293.04,B&H Photo,2024-07-25,2026-07-25,Sony Care Protection,Standard,2025-03-29,2025-04-01,Display Defect,Vertical colored line artifacts appeared across OLED panel without impact.,Component Failure,8,483,1,False,True,True,True,True,False,1,False,False,False,False,Manual Review Required
CLM-01566,PRD-91934,Convection Microwave Oven,Appliances,GE Appliances,GE -APP-195,SNGE696305,SNGE696305,SNGE696305,2025-04-21,304.01,Home Depot,2025-04-21,2028-04-20,GE Appliances Care Protection,Standard,2027-06-17,2027-06-28,Manufacturing Defect,Internal solder joint loosened causing intermittent power disconnects.,Manufacturing,25,308,0,True,True,True,True,True,False,0,False,False,False,False,Likely Valid
CLM-00429,PRD-93164,Electric Range Oven,Appliances,KitchenAid,KIT-APP-425,SNKI299647,SNKI299647,SNKI299647,2023-01-13,1305.23,Home Depot,2023-01-13,2026-01-12,KitchenAid Care Protection,Standard,2025-03-23,2025-04-06,Power Surge Damage,Unspecified system degradation observed during normal operating routine.,Power Surge Damage,26,295,0,True,True,True,True,True,False,0,False,False,True,False,Likely Invalid
CLM-01721,PRD-27310,Smart Dishwasher 24-inch,Appliances,Whirlpool,WHI-APP-174,SNWH519179,SNWH519179,SNWH519179,2024-05-22,651.96,Lowe's,2024-05-22,2027-05-22,Whirlpool Care Protection,Standard,2024-12-01,2024-12-09,Control Board Failure,Unspecified system degradation observed during normal operating routine.,Manufacturing,6,902,0,True,True,False,True,True,False,1,False,False,False,False,Likely Valid
CLM-00419,PRD-85499,Ceramic Brake Pad Set,Automotive,Bosch Auto,BOS-AUT-518,SNBO541474,SNBO541474,SNBO541474,2025-02-06,126.24,Advance Auto Parts,2025-02-06,2026-02-06,Bosch Auto Care Protection,Standard,2025-05-17,2025-06-01,Electrical Component Failure,Unspecified system degradation observed during normal operating routine.,Electrical,3,265,0,True,True,False,True,True,False,1,False,False,False,False,Likely Valid
CLM-01864,PRD-32459,Heavy-Duty Clothes Dryer,Appliances,GE Appliances,GE -APP-634,SNGE284570,SNGE284570,SNGE284570,2025-03-23,788.35,Home Depot,2025-03-23,2029-03-23,AssureX Extended Guard,Extended,2027-01-14,2027-01-24,Manufacturing Defect,Factory assembly defect leading to unprovoked system failure.,Manufacturing,21,799,0,True,True,True,True,True,False,0,False,False,False,False,Likely Valid
CLM-01568,PRD-58618,Electric Range Oven,Appliances,GE Appliances,GE -APP-335,SNGE349697,SNGE349697,SNGE349697,2023-06-09,1048.24,Costco,2023-06-09,2027-06-09,AssureX Extended Guard,Extended,2026-12-13,2026-12-18,Control Board Failure,Unspecified system degradation observed during normal operating routine.,Unauthorized Modification,42,178,2,False,True,True,True,True,False,1,False,False,True,False,Likely Invalid
CLM-00875,PRD-75130,Performance Shock Absorbers,Automotive,Monroe,MON-AUT-138,SNMO947073,SNMO947073,SNMO947073,2024-09-05,412.63,RockAuto,2024-09-05,2026-09-05,AssureX Extended Guard,Extended,2026-07-30,2026-08-01,Racing or Off-Road Use,Vehicle modified for off-road rock crawling causing extreme impact stress.,Racing or Off-Road Use,22,37,0,True,True,True,True,True,False,0,False,False,True,False,Likely Invalid
CLM-00154,PRD-78219,Convection Microwave Oven,Appliances,LG,LG-APP-842,SNLG853800,SNLG853800,SNLG853800,2025-04-20,366.73,Lowe's,2025-04-20,2028-04-19,LG Care Protection,Standard,2025-11-26,2025-12-05,Unauthorized Modification,Unspecified system degradation observed during normal operating routine.,Unauthorized Modification,7,875,0,True,True,True,True,True,False,0,False,False,True,False,Likely Invalid
CLM-00918,PRD-59982,French Door Refrigerator,Appliances,Maytag,MAY-APP-982,SNMA864306,SNMA864306,SNMA864306,2024-01-28,1991.36,Direct Factory Outlet,2024-01-28,2027-01-27,Maytag Care Protection,Standard,2025-04-10,2025-04-13,Motor Failure,"Motor winding resistance out of spec, causing tripping.",Manufacturing,14,657,0,True,True,True,True,True,False,0,False,False,False,False,Likely Valid
CLM-00800,PRD-62254,Ceramic Brake Pad Set,Automotive,K&N,K&N-AUT-357,SNK&984272,SNK&984244,SNK&984272,2025-04-21,111.22,O'Reilly Auto,2025-04-21,2026-04-21,K&N Care Protection,Standard,2026-03-17,2026-03-22,Seal or Gasket Failure,Unspecified system degradation observed during normal operating routine.,Manufacturing,10,35,0,True,True,True,True,True,False,0,True,False,False,False,Manual Review Required
CLM-01871,PRD-12968,Front-Load Washing Machine,Appliances,Maytag,MAY-APP-274,SNMA677504,SNMA677504,SNMA677504,2024-04-29,839.59,Costco,2024-04-29,2027-04-29,Maytag Care Protection,Standard,2025-06-27,2025-06-28,Control Board Failure,Unspecified system degradation observed during normal operating routine.,Manufacturing,13,671,0,True,True,True,True,True,False,0,False,False,False,False,Likely Valid
CLM-01437,PRD-18768,ProBook Laptop 15-inch,Electronics,HP,HP-ELE-774,SNHP593807,SNHP593807,SNHP593807,2023-07-14,942.85,Target,2023-07-14,2025-07-13,HP Care Protection,Standard,2024-12-05,2024-12-15,Electrical Failure,No current flowing to main motor despite active input power.,Electrical,16,220,0,True,True,True,True,True,False,0,False,False,False,False,Likely Valid
CLM-00592,PRD-60793,Active Noise Cancelling Headphones,Electronics,Samsung,SAM-ELE-106,SNSA499731,SNSA499779,SNSA499731,2025-05-30,238.38,BestBuy,2025-05-30,2027-05-30,Samsung Care Protection,Standard,2027-04-03,2027-04-04,Display Defect,Vertical colored line artifacts appeared across OLED panel without impact.,Manufacturing,22,57,0,True,True,True,True,True,False,0,True,False,False,True,Manual Review Required
CLM-02370,PRD-25338,Performance Shock Absorbers,Automotive,K&N,K&N-AUT-874,SNK&297414,SNK&297414,SNK&297414,2024-03-18,381.31,AutoZone,2024-03-18,2025-03-18,K&N Care Protection,Standard,2024-06-19,2024-06-30,Electrical Component Failure,Unspecified system degradation observed during normal operating routine.,Electrical,3,272,1,True,True,False,True,True,True,1,False,False,False,False,Likely Valid
CLM-00694,PRD-68974,High Output Alternator,Automotive,Bosch Auto,BOS-AUT-545,SNBO912721,SNBO912721,SNBO912721,2023-08-06,375.83,Advance Auto Parts,2023-08-06,2024-08-05,Bosch Auto Care Protection,Standard,2024-01-08,2024-01-11,Manufacturing Defect,Internal solder joint loosened causing intermittent power disconnects.,Unauthorized Modification,5,210,2,False,True,True,True,True,False,1,False,False,True,False,Likely Invalid
CLM-01298,PRD-65464,OLED 4K Smart TV,Electronics,Dell,DEL-ELE-169,SNDE562651,SNDE562651,SNDE562651,2025-02-11,1130.59,BestBuy,2025-02-11,2027-02-11,Dell Care Protection,Standard,2025-01-12,2025-02-17,Software Malfunction,Main OS freezes on start screen; hardware diagnostic passes.,Manufacturing,0,760,0,True,True,True,True,True,False,0,False,True,False,False,Manual Review Required
CLM-02281,PRD-74763,ProBook Laptop 15-inch,Electronics,LG,LG-ELE-641,SNLG881307,SNLG881307,SNLG881307,2023-02-11,795.64,Target,2023-02-11,2025-02-10,LG Care Protection,Standard,2024-06-17,2024-06-30,Manufacturing Defect,Device shut down unexpectedly and fails to power back on under normal conditions.,Manufacturing,16,238,0,True,True,True,True,True,False,0,False,False,False,False,Likely Valid
CLM-00648,PRD-98566,Smart Dishwasher 24-inch,Appliances,LG,LG-APP-251,SNLG953779,SNLG953779,SNLG953779,2025-04-22,839.3,Costco,2025-04-22,2029-04-22,AssureX Extended Guard,Extended,2026-11-30,2026-12-07,Manufacturing Defect,Internal solder joint loosened causing intermittent power disconnects.,Manufacturing,19,874,0,True,True,True,True,True,False,0,False,False,False,False,Likely Valid
CLM-00702,PRD-92775,Performance Shock Absorbers,Automotive,Brembo,BRE-AUT-671,SNBR674541,SNBR674541,SNBR674541,2024-05-22,458.15,O'Reilly Auto,2024-05-22,2025-05-22,Brembo Care Protection,Standard,2025-04-21,2025-05-04,Premature Wear,"Brake pad friction compound deteriorated within 2,000 miles of highway driving.",Manufacturing,10,31,0,True,False,True,True,True,False,1,False,False,False,False,Likely Invalid
CLM-02390,PRD-51465,Convection Microwave Oven,Appliances,Samsung,SAM-APP-364,SNSA831920,SNSA831920,SNSA831920,2023-12-22,318.53,Sears Appliance Outlet,2023-12-22,2027-12-22,AssureX Extended Guard,Extended,2025-01-18,2025-01-24,Thermostat Malfunction,"Thermostat stuck open, temperature never reaches target threshold.",Manufacturing,12,1068,0,True,False,True,True,True,False,1,False,False,False,False,Likely Invalid
CLM-00638,PRD-36946,Active Noise Cancelling Headphones,Electronics,Lenovo,LEN-ELE-289,SNLE218167,SNLE218167,SNLE218167,2023-11-07,242.67,BestBuy,2023-11-07,2025-11-06,Lenovo Care Protection,Standard,2025-04-25,2025-05-07,Electrical Failure,No current flowing to main motor despite active input power.,Electrical,17,195,0,True,True,True,True,True,False,0,False,False,False,False,Likely Valid
CLM-00515,PRD-84843,French Door Refrigerator,Appliances,Samsung,SAM-APP-801,SNSA414637,SNSA414630,SNSA414637,2023-08-29,1953.63,Lowe's,2023-08-29,2026-08-28,Samsung Care Protection,Standard,2024-10-25,2024-11-01,Motor Failure,Drive motor hums loudly but will not spin drum under normal load.,Manufacturing,13,672,0,True,True,True,True,True,False,0,True,False,False,False,Manual Review Required
CLM-02238,PRD-61208,Gaming Desktop Rig,Electronics,LG,LG-ELE-805,SNLG291755,SNLG291755,SNLG291755,2024-06-06,1683.87,BestBuy,2024-06-06,2027-06-06,AssureX Extended Guard,Extended,2025-09-23,2025-09-27,Display Defect,Vertical colored line artifacts appeared across OLED panel without impact.,Component Failure,15,621,1,False,True,True,True,True,False,1,False,False,False,False,Manual Review Required
CLM-00532,PRD-56488,French Door Refrigerator,Appliances,Whirlpool,WHI-APP-489,SNWH942438,SNWH942438,SNWH942438,2024-07-13,1628.81,Home Depot,2024-07-13,2027-07-13,Whirlpool Care Protection,Standard,2025-02-28,2025-03-07,Control Board Failure,Unspecified system degradation observed during normal operating routine.,Manufacturing,7,865,0,True,True,True,True,True,False,0,False,False,False,False,Likely Valid
CLM-02207,PRD-39617,Heavy-Duty Starter Motor,Automotive,Bosch Auto,BOS-AUT-885,SNBO823306,SNBO823306,SNBO823306,2025-05-09,234.97,O'Reilly Auto,2025-05-09,2026-05-09,Bosch Auto Care Protection,Standard,2026-01-13,2026-01-24,Material Failure,Unspecified system degradation observed during normal operating routine.,Manufacturing,8,116,0,True,True,True,True,True,False,0,False,False,False,False,Likely Valid
CLM-00255,PRD-14455,Electronic Fuel Injector Kit,Automotive,Monroe,MON-AUT-252,SNMO757428,SNMO757428,SNMO757428,2023-07-04,478.39,Advance Auto Parts,2023-07-04,2024-07-03,Monroe Care Protection,Standard,2024-04-09,2024-04-14,Seal or Gasket Failure,Sensor module stopped transmitting readings to the main board.,Component Failure,9,85,1,False,True,True,True,True,False,1,False,False,False,False,Manual Review Required
CLM-01233,PRD-22302,Smart Dishwasher 24-inch,Appliances,Whirlpool,WHI-APP-600,SNWH987546,SNWH987546,SNWH987546,2024-04-01,831.76,Costco,2024-04-01,2027-04-01,Whirlpool Care Protection,Standard,2027-03-01,2027-03-10,Compressor Failure,"Cooling cycle fails to start, compressor is non-responsive.",Component Failure,34,31,1,False,True,True,True,True,False,1,False,False,False,False,Manual Review Required
CLM-02062,PRD-36818,Front-Load Washing Machine,Appliances,GE Appliances,GE -APP-711,SNGE182081,SNGE182081,SNGE182081,2023-09-27,754.06,Sears Appliance Outlet,2023-09-27,2026-09-26,GE Appliances Care Protection,Standard,2024-08-21,2024-08-28,Compressor Failure,Compressor clicking repeatedly and unable to compress refrigerant.,Manufacturing,10,766,0,True,True,False,True,True,False,1,False,False,False,False,Likely Valid
CLM-00043,PRD-63150,OLED 4K Smart TV,Electronics,Asus,ASU-ELE-137,SNAS455766,SNAS455766,SNAS455766,2023-07-03,1046.91,BestBuy,2023-07-03,2025-07-02,Asus Care Protection,Standard,2024-12-06,2024-12-17,Display Defect,Vertical colored line artifacts appeared across OLED panel without impact.,Manufacturing,17,208,0,True,True,True,True,True,False,0,False,False,False,False,Likely Valid
CLM-01558,PRD-71665,French Door Refrigerator,Appliances,Whirlpool,WHI-APP-998,SNWH316211,SNWH316211,SNWH316211,2023-10-26,1498.11,Direct Factory Outlet,2023-10-26,2027-10-26,AssureX Extended Guard,Extended,2024-01-22,2024-01-30,Control Board Failure,Sensor module stopped transmitting readings to the main board.,Component Failure,2,1373,1,False,True,True,True,True,False,1,False,False,False,False,Manual Review Required
CLM-01484,PRD-93015,Heavy-Duty Clothes Dryer,Appliances,GE Appliances,GE -APP-335,SNGE151767,SNGE151767,SNGE151767,2024-11-19,975.51,Lowe's,2024-11-19,2028-11-19,AssureX Extended Guard,Extended,2026-09-03,2026-09-05,Motor Failure,Drive motor hums loudly but will not spin drum under normal load.,Manufacturing,21,808,1,True,True,True,True,True,True,0,False,False,False,False,Likely Valid
CLM-02010,PRD-83269,Smart Watch Series 7,Electronics,Asus,ASU-ELE-599,SNAS483891,SNAS483891,SNAS483891,2024-10-22,429.8,B&H Photo,2024-10-22,2026-10-22,Asus Care Protection,Standard,2025-10-03,2025-10-05,Cosmetic Damage,Slight dent on exterior casing from transit handling.,Cosmetic Damage,11,384,0,True,True,True,True,True,False,0,False,False,True,False,Likely Invalid
CLM-02258,PRD-54369,ProBook Laptop 15-inch,Electronics,Apple,APP-ELE-230,SNAP441906,SNAP441906,SNAP441906,2024-07-02,753.98,B&H Photo,2024-07-02,2027-07-02,AssureX Extended Guard,Extended,2026-08-06,2026-08-17,Software Malfunction,Main OS freezes on start screen; hardware diagnostic passes.,Manufacturing,25,330,0,True,True,True,True,True,False,0,False,False,False,False,Likely Valid
CLM-02251,PRD-51830,ProBook Laptop 15-inch,Electronics,Apple,APP-ELE-552,SNAP517305,SNAP517305,SNAP517305,2023-09-02,966.55,Amazon Electronics,2023-09-02,2026-09-01,AssureX Extended Guard,Extended,2025-07-17,2025-07-18,Display Defect,Backlight flickering continuously on left half of screen.,Manufacturing,22,411,1,True,True,True,True,True,True,0,False,False,False,False,Likely Valid
CLM-00748,PRD-10191,Heavy-Duty Clothes Dryer,Appliances,LG,LG-APP-888,SNLG680777,SNLG680777,SNLG680777,2025-01-17,814.31,Sears Appliance Outlet,2025-01-17,2028-01-17,LG Care Protection,Standard,2025-09-26,2025-10-08,Pest Infestation Damage,Unspecified system degradation observed during normal operating routine.,Pest Infestation Damage,8,843,0,True,True,True,True,True,False,0,False,False,True,False,Likely Invalid
CLM-00476,PRD-74003,Electronic Fuel Injector Kit,Automotive,Continental Auto,CON-AUT-711,SNCO512982,SNCO512982,SNCO512982,2023-02-11,446.73,O'Reilly Auto,2023-02-11,2024-02-11,Continental Auto Care Protection,Standard,2023-07-11,2023-07-17,Improper Installation,Unspecified system degradation observed during normal operating routine.,Improper Installation,4,215,0,True,True,True,True,True,False,0,False,False,True,False,Likely Invalid
CLM-00485,PRD-93599,Ceramic Brake Pad Set,Automotive,Bosch Auto,BOS-AUT-434,SNBO490904,SNBO490904,SNBO490904,2023-06-07,103.84,RockAuto,2023-06-07,2025-06-06,AssureX Extended Guard,Extended,2024-06-12,2024-06-24,Manufacturing Defect,Internal solder joint loosened causing intermittent power disconnects.,Manufacturing,12,359,0,True,True,True,True,True,False,0,False,False,False,False,Likely Valid
CLM-01587,PRD-72416,Mirrorless Camera Body,Electronics,Asus,ASU-ELE-999,SNAS965942,SNAS965942,SNAS965942,2024-08-27,1736.64,Amazon Electronics,2024-08-27,2027-08-27,AssureX Extended Guard,Extended,2027-05-27,2027-06-01,Manufacturing Defect,Internal solder joint loosened causing intermittent power disconnects.,Component Failure,32,92,1,False,True,True,True,True,False,1,False,False,False,False,Manual Review Required
CLM-02041,PRD-26278,Smart Dishwasher 24-inch,Appliances,KitchenAid,KIT-APP-258,SNKI543888,SNKI543888,SNKI543888,2024-07-15,823.29,Home Depot,2024-07-15,2027-07-15,KitchenAid Care Protection,Standard,2024-10-30,2024-11-02,Unauthorized Modification,Unspecified system degradation observed during normal operating routine.,Unauthorized Modification,3,988,0,True,True,True,True,True,False,0,False,False,True,False,Likely Invalid
CLM-00084,PRD-15572,Ceramic Brake Pad Set,Automotive,K&N,K&N-AUT-179,SNK&119719,SNK&119719,SNK&119719,2023-11-02,139.19,NAPA Auto Parts,2023-11-02,2024-11-01,K&N Care Protection,Standard,2024-01-03,2024-01-16,Seal or Gasket Failure,Unspecified system degradation observed during normal operating routine.,Manufacturing,2,303,1,True,True,True,True,True,True,0,False,False,False,False,Likely Valid
CLM-00717,PRD-36438,Tablet 11-inch Display,Electronics,HP,HP-ELE-102,SNHP209678,SNHP209678,SNHP209678,2023-11-24,678.03,Direct Manufacturer Store,2023-11-24,2025-11-23,HP Care Protection,Standard,2025-05-24,2025-05-29,Display Defect,Backlight flickering continuously on left half of screen.,Manufacturing,17,183,0,True,False,True,True,True,False,1,False,False,False,False,Likely Invalid
CLM-02309,PRD-45212,Active Noise Cancelling Headphones,Electronics,LG,LG-ELE-862,SNLG149750,SNLG149750,SNLG149750,2024-10-07,348.63,BestBuy,2024-10-07,2026-10-07,LG Care Protection,Standard,2025-08-29,2025-09-05,Display Defect,Backlight flickering continuously on left half of screen.,Manufacturing,10,404,0,True,True,True,True,True,False,0,False,False,False,False,Likely Valid
CLM-01688,PRD-54698,Gaming Desktop Rig,Electronics,Sony,SON-ELE-726,SNSO460489,SNSO460489,SNSO460489,2024-11-10,2056.73,Amazon Electronics,2024-11-10,2027-11-10,AssureX Extended Guard,Extended,2024-10-30,2024-11-24,Manufacturing Defect,Device shut down unexpectedly and fails to power back on under normal conditions.,Manufacturing,0,1106,0,True,True,True,True,True,False,0,False,True,False,False,Manual Review Required
CLM-00436,PRD-59700,Tablet 11-inch Display,Electronics,Samsung,SAM-ELE-232,SNSA734347,SNSA734347,SNSA734347,2023-05-21,692.84,BestBuy,2023-05-21,2025-05-20,Samsung Care Protection,Standard,2025-01-06,2025-01-08,Manufacturing Defect,Factory assembly defect leading to unprovoked system failure.,Manufacturing,19,134,0,True,False,True,True,True,False,1,False,False,False,False,Likely Invalid
CLM-00293,PRD-23951,Electric Range Oven,Appliances,Whirlpool,WHI-APP-773,SNWH915987,SNWH915987,SNWH915987,2024-08-16,1348.17,Direct Factory Outlet,2024-08-16,2027-08-16,Whirlpool Care Protection,Standard,2027-03-09,2027-03-13,Pest Infestation Damage,Unspecified system degradation observed during normal operating routine.,Pest Infestation Damage,30,160,0,True,True,True,True,True,False,0,False,False,True,False,Likely Invalid
CLM-00186,PRD-91163,Smart Watch Series 7,Electronics,Sony,SON-ELE-493,SNSO586758,SNSO586758,SNSO586758,2023-06-07,466.06,Direct Manufacturer Store,2023-06-07,2025-06-06,Sony Care Protection,Standard,2023-08-02,2023-08-10,Display Defect,Backlight flickering continuously on left half of screen.,Electrical Failure,1,674,0,True,True,True,True,False,False,1,False,False,False,False,Manual Review Required
CLM-00873,PRD-68580,OLED 4K Smart TV,Electronics,HP,HP-ELE-873,SNHP171105,SNHP171105,SNHP171105,2025-01-24,1401.65,BestBuy,2025-01-24,2028-01-24,AssureX Extended Guard,Extended,2028-04-17,2028-04-20,Manufacturing Defect,Factory assembly defect leading to unprovoked system failure.,Manufacturing,38,-84,0,True,True,True,True,True,False,0,False,False,False,False,Likely Invalid
CLM-02374,PRD-74275,French Door Refrigerator,Appliances,KitchenAid,KIT-APP-455,SNKI525335,SNKI525335,SNKI525335,2024-03-21,1781.99,Sears Appliance Outlet,2024-03-21,2027-03-21,KitchenAid Care Protection,Standard,2027-01-16,2027-01-24,Manufacturing Defect,Internal solder joint loosened causing intermittent power disconnects.,Unauthorized Modification,33,64,3,False,True,True,True,True,False,1,False,False,True,False,Likely Invalid
CLM-01047,PRD-88346,Gaming Desktop Rig,Electronics,Apple,APP-ELE-537,SNAP765490,SNAP765490,SNAP765490,2024-05-06,2059.37,Amazon Electronics,2024-05-06,2027-05-06,AssureX Extended Guard,Extended,2025-06-12,2025-06-17,Electrical Failure,No current flowing to main motor despite active input power.,Electrical,13,693,1,True,True,True,True,True,True,0,False,False,False,False,Likely Valid
CLM-01616,PRD-54704,Smart Dishwasher 24-inch,Appliances,Samsung,SAM-APP-561,SNSA943729,SNSA943729,SNSA943729,2023-03-06,757.24,Direct Factory Outlet,2023-03-06,2026-03-05,Samsung Care Protection,Standard,2024-05-06,2024-05-20,Manufacturing Defect,Internal solder joint loosened causing intermittent power disconnects.,Manufacturing,14,668,0,True,True,True,True,True,False,0,False,False,False,False,Likely Valid
CLM-02462,PRD-27794,Heavy-Duty Starter Motor,Automotive,K&N,K&N-AUT-667,SNK&798379,SNK&798379,SNK&798379,2024-09-16,300.49,AutoZone,2024-09-16,2025-09-16,K&N Care Protection,Standard,2025-03-13,2025-03-26,Seal or Gasket Failure,Unspecified system degradation observed during normal operating routine.,Manufacturing,5,187,0,True,True,True,True,True,False,0,False,False,False,False,Likely Valid
CLM-00371,PRD-47982,Heavy-Duty Clothes Dryer,Appliances,Samsung,SAM-APP-250,SNSA588969,SNSA588969,SNSA588969,2025-05-17,897.9,Direct Factory Outlet,2025-05-17,2028-05-16,Samsung Care Protection,Standard,2025-04-13,2025-05-31,Manufacturing Defect,Internal solder joint loosened causing intermittent power disconnects.,Manufacturing,0,1129,0,True,True,True,True,True,False,0,False,True,False,True,Manual Review Required
CLM-01388,PRD-42289,Smart Dishwasher 24-inch,Appliances,KitchenAid,KIT-APP-520,SNKI675174,SNKI675174,SNKI675174,2023-02-10,736.06,Costco,2023-02-10,2027-02-10,AssureX Extended Guard,Extended,2027-06-10,2027-06-29,Motor Failure,"Motor winding resistance out of spec, causing tripping.",Manufacturing,51,-120,0,True,True,True,True,True,False,0,False,False,False,False,Likely Invalid
CLM-01920,PRD-81017,Front-Load Washing Machine,Appliances,KitchenAid,KIT-APP-420,SNKI848298,SNKI848298,SNKI848298,2023-11-10,841.71,Lowe's,2023-11-10,2026-11-09,KitchenAid Care Protection,Standard,2025-08-29,2025-09-01,Control Board Failure,Unspecified system degradation observed during normal operating routine.,Manufacturing,21,437,1,True,True,True,True,True,True,0,False,False,False,False,Likely Valid
CLM-02380,PRD-85397,Galaxy Ultra Smartphone,Electronics,LG,LG-ELE-315,SNLG212525,SNLG212525,SNLG212525,2024-08-10,1078.67,B&H Photo,2024-08-10,2027-08-10,AssureX Extended Guard,Extended,2025-03-31,2025-04-09,Electrical Failure,Internal circuit shorted during regular use with standard power supply.,Electrical,7,862,0,True,True,True,True,True,False,0,False,False,False,False,Likely Valid
CLM-01598,PRD-75580,Electric Range Oven,Appliances,Bosch,BOS-APP-704,SNBO978715,SNBO978715,SNBO978715,2024-06-11,974.73,Costco,2024-06-11,2027-06-11,Bosch Care Protection,Standard,2025-08-16,2025-08-24,Compressor Failure,Compressor clicking repeatedly and unable to compress refrigerant.,Manufacturing,14,664,0,True,True,True,True,True,False,0,False,False,False,False,Likely Valid
CLM-00555,PRD-98160,Ceramic Brake Pad Set,Automotive,Monroe,MON-AUT-220,SNMO901144,SNMO901144,SNMO901144,2024-10-17,113.45,RockAuto,2024-10-17,2026-10-17,AssureX Extended Guard,Extended,2026-02-05,2026-02-17,Manufacturing Defect,Internal solder joint loosened causing intermittent power disconnects.,Manufacturing,15,254,1,True,True,True,True,True,True,0,False,False,False,False,Likely Valid
CLM-01377,PRD-72966,Mirrorless Camera Body,Electronics,Samsung,SAM-ELE-907,SNSA260854,SNSA260854,SNSA260854,2023-02-26,1248.34,Target,2023-02-26,2025-02-25,Samsung Care Protection,Standard,2023-02-19,2023-03-11,Software Malfunction,System firmware entered boot loop following manufacturer OTA update.,Manufacturing,0,737,0,True,True,True,True,True,False,0,False,True,False,True,Manual Review Required
CLM-00339,PRD-48918,Smart Dishwasher 24-inch,Appliances,Maytag,MAY-APP-291,SNMA351366,SNMA351366,SNMA351366,2023-10-29,833.26,Lowe's,2023-10-29,2026-10-28,Maytag Care Protection,Standard,2026-01-10,2026-01-15,Control Board Failure,Internal circuit shorted during regular use with standard power supply.,Electrical Failure,26,291,0,True,True,True,True,False,False,1,False,False,False,False,Manual Review Required
CLM-02289,PRD-13862,French Door Refrigerator,Appliances,GE Appliances,GE -APP-174,SNGE747968,SNGE747968,SNGE747968,2023-10-05,1741.78,Sears Appliance Outlet,2023-10-05,2026-10-04,GE Appliances Care Protection,Standard,2026-10-08,2026-10-11,Manufacturing Defect,Device shut down unexpectedly and fails to power back on under normal conditions.,Manufacturing,36,-4,0,True,True,True,True,True,False,0,False,False,False,False,Manual Review Required
CLM-00885,PRD-65987,Ceramic Brake Pad Set,Automotive,K&N,K&N-AUT-909,SNK&709196,SNK&709196,SNK&709196,2023-03-10,122.33,O'Reilly Auto,2023-03-10,2025-03-09,AssureX Extended Guard,Extended,2023-10-07,2023-10-15,Improper Installation,Unspecified system degradation observed during normal operating routine.,Improper Installation,6,519,0,True,True,True,True,True,False,0,False,False,True,False,Likely Invalid
CLM-01340,PRD-66152,Smart Watch Series 7,Electronics,Dell,DEL-ELE-795,SNDE967722,SNDE967722,SNDE967722,2024-05-06,430.63,BestBuy,2024-05-06,2026-05-06,Dell Care Protection,Standard,2024-07-31,2024-08-11,Display Defect,Backlight flickering continuously on left half of screen.,Unauthorized Modification,2,644,3,False,True,True,True,True,False,1,False,False,True,False,Likely Invalid
CLM-01665,PRD-16465,Electric Range Oven,Appliances,LG,LG-APP-636,SNLG986629,SNLG986629,SNLG986629,2024-04-10,1162.1,Direct Factory Outlet,2024-04-10,2027-04-10,LG Care Protection,Standard,2026-07-17,2026-07-27,Motor Failure,Drive motor hums loudly but will not spin drum under normal load.,Manufacturing,27,267,3,True,True,True,True,True,True,0,False,False,False,False,Manual Review Required
CLM-00727,PRD-66675,Heavy-Duty Clothes Dryer,Appliances,Maytag,MAY-APP-459,SNMA131236,SNMA131236,SNMA131236,2023-06-10,788.86,Costco,2023-06-10,2027-06-10,AssureX Extended Guard,Extended,2024-06-17,2024-06-21,Unauthorized Modification,Unspecified system degradation observed during normal operating routine.,Unauthorized Modification,12,1088,0,True,True,True,True,True,False,0,False,False,True,False,Likely Invalid
CLM-00077,PRD-49343,High Output Alternator,Automotive,ACDelco,ACD-AUT-127,SNAC929653,SNAC929653,SNAC929653,2025-01-04,289.33,O'Reilly Auto,2025-01-04,2026-01-04,ACDelco Care Protection,Standard,2025-09-04,2025-09-07,Electrical Component Failure,Unspecified system degradation observed during normal operating routine.,Manufacturing,7,122,0,True,False,True,True,True,False,1,False,False,False,False,Likely Invalid
CLM-00874,PRD-85257,Galaxy Ultra Smartphone,Electronics,Dell,DEL-ELE-940,SNDE849629,SNDE849629,SNDE849629,2023-01-05,1074.09,B&H Photo,2023-01-05,2025-01-04,Dell Care Protection,Standard,2023-08-29,2023-09-09,Manufacturing Defect,Device shut down unexpectedly and fails to power back on under normal conditions.,Manufacturing,7,494,0,True,True,True,True,True,False,0,False,False,False,False,Likely Valid
CLM-00935,PRD-38777,Electric Range Oven,Appliances,KitchenAid,KIT-APP-118,SNKI869987,SNKI869987,SNKI869987,2024-06-15,956.9,Costco,2024-06-15,2028-06-15,AssureX Extended Guard,Extended,2025-10-28,2025-10-29,Thermostat Malfunction,"Thermostat stuck open, temperature never reaches target threshold.",Manufacturing,16,961,0,True,True,True,True,True,False,0,False,False,False,False,Likely Valid
CLM-00733,PRD-44629,Performance Shock Absorbers,Automotive,Monroe,MON-AUT-972,SNMO204986,SNMO204986,SNMO204986,2024-06-02,378.1,AutoZone,2024-06-02,2025-06-02,Monroe Care Protection,Standard,2024-08-26,2024-08-29,Seal or Gasket Failure,Unspecified system degradation observed during normal operating routine.,Manufacturing,2,280,0,True,True,True,True,True,False,0,False,False,False,False,Likely Valid
CLM-01192,PRD-13878,Active Noise Cancelling Headphones,Electronics,Sony,SON-ELE-698,SNSO998082,SNSO998082,SNSO998082,2023-10-07,328.32,Amazon Electronics,2023-10-07,2026-10-06,AssureX Extended Guard,Extended,2026-11-19,2026-11-29,Electrical Failure,Capacitor blown on the primary controller board without power surge.,Manufacturing,37,-44,0,True,True,True,True,True,False,0,False,False,False,False,Likely Invalid
CLM-00550,PRD-96562,Galaxy Ultra Smartphone,Electronics,LG,LG-ELE-890,SNLG759077,SNLG759077,SNLG759077,2024-11-11,1088.29,Amazon Electronics,2024-11-11,2026-11-11,LG Care Protection,Standard,2026-04-24,2026-04-26,Display Defect,Vertical colored line artifacts appeared across OLED panel without impact.,Manufacturing,17,201,1,True,True,True,True,True,True,0,False,False,False,False,Likely Valid
CLM-01278,PRD-89194,French Door Refrigerator,Appliances,LG,LG-APP-652,SNLG389712,SNLG389712,SNLG389712,2025-04-28,1990.22,Lowe's,2025-04-28,2028-04-27,LG Care Protection,Standard,2025-11-10,2025-11-23,Unauthorized Modification,Unspecified system degradation observed during normal operating routine.,Unauthorized Modification,6,899,0,True,True,True,True,True,False,0,False,False,True,False,Likely Invalid
CLM-00345,PRD-50840,Mirrorless Camera Body,Electronics,Dell,DEL-ELE-502,SNDE207892,SNDE207892,SNDE207892,2023-09-15,1571.02,Direct Manufacturer Store,2023-09-15,2025-09-14,Dell Care Protection,Standard,2025-01-05,2025-01-13,Component Failure,Cooling fan bearing seized up leading to emergency thermal shutdown.,Manufacturing,15,252,1,True,True,True,True,True,True,0,False,False,False,False,Likely Valid
CLM-00806,PRD-44445,Mirrorless Camera Body,Electronics,Samsung,SAM-ELE-123,SNSA516577,SNSA516577,SNSA516577,2023-04-15,1775.71,Direct Manufacturer Store,2023-04-15,2025-04-14,Samsung Care Protection,Standard,2023-11-11,2023-11-15,Component Failure,Cooling fan bearing seized up leading to emergency thermal shutdown.,Manufacturing,6,520,0,True,True,True,True,True,False,0,False,False,False,False,Likely Valid
CLM-02150,PRD-28222,Tablet 11-inch Display,Electronics,Dell,DEL-ELE-981,SNDE422130,SNDE422130,SNDE422130,2023-07-06,727.93,B&H Photo,2023-07-06,2025-07-05,Dell Care Protection,Standard,2024-10-29,2024-11-10,Physical Impact,Unspecified system degradation observed during normal operating routine.,Physical Impact,15,249,0,True,True,True,True,True,False,0,False,False,True,False,Likely Invalid
CLM-00156,PRD-49054,OLED 4K Smart TV,Electronics,Samsung,SAM-ELE-874,SNSA782583,SNSA782583,SNSA782583,2023-01-09,1471.84,Target,2023-01-09,2026-01-08,AssureX Extended Guard,Extended,2022-12-22,2023-01-21,Software Malfunction,Main OS freezes on start screen; hardware diagnostic passes.,Manufacturing,0,1113,0,True,True,True,True,True,False,0,False,True,False,False,Manual Review Required
CLM-02120,PRD-47524,French Door Refrigerator,Appliances,Samsung,SAM-APP-758,SNSA197002,SNSA197002,SNSA197002,2023-09-08,1917.22,Costco,2023-09-08,2027-09-08,AssureX Extended Guard,Extended,2025-06-17,2025-07-01,Pest Infestation Damage,Unspecified system degradation observed during normal operating routine.,Pest Infestation Damage,21,813,0,True,True,True,True,True,False,0,False,False,True,False,Likely Invalid
CLM-00424,PRD-66431,Front-Load Washing Machine,Appliances,LG,LG-APP-246,SNLG143971,SNLG143971,SNLG143971,2025-03-17,999.26,Lowe's,2025-03-17,2028-03-16,LG Care Protection,Standard,2025-11-05,2025-11-11,Compressor Failure,Compressor clicking repeatedly and unable to compress refrigerant.,Manufacturing,7,862,0,True,False,True,True,True,False,1,False,False,False,False,Likely Invalid
CLM-00253,PRD-37494,ProBook Laptop 15-inch,Electronics,Apple,APP-ELE-552,SNAP829762,SNAP829762,SNAP829762,2023-12-05,886.53,Amazon Electronics,2023-12-05,2025-12-04,Apple Care Protection,Standard,2025-10-31,2025-11-01,Software Malfunction,System firmware entered boot loop following manufacturer OTA update.,Electrical Failure,22,34,0,True,True,True,True,False,False,1,False,False,False,False,Manual Review Required
CLM-02124,PRD-33241,Front-Load Washing Machine,Appliances,LG,LG-APP-176,SNLG372376,SNLG372353,SNLG372376,2023-01-01,937.52,Home Depot,2023-01-01,2025-12-31,LG Care Protection,Standard,2024-09-18,2024-09-20,Thermostat Malfunction,"Thermostat stuck open, temperature never reaches target threshold.",Manufacturing,20,469,0,True,True,True,True,True,False,0,True,False,False,False,Manual Review Required
CLM-01328,PRD-45098,Gaming Desktop Rig,Electronics,Dell,DEL-ELE-298,SNDE147796,SNDE147796,SNDE147796,2023-08-28,2225.1,B&H Photo,2023-08-28,2025-08-27,Dell Care Protection,Standard,2023-11-28,2023-12-01,Manufacturing Defect,Internal solder joint loosened causing intermittent power disconnects.,Unauthorized Modification,3,638,4,False,True,True,True,True,False,1,False,False,True,False,Likely Invalid
CLM-00923,PRD-46223,Electric Range Oven,Appliances,Whirlpool,WHI-APP-622,SNWH891797,SNWH891797,SNWH891797,2024-10-16,955.84,Costco,2024-10-16,2027-10-16,Whirlpool Care Protection,Standard,2025-10-14,2025-10-20,Compressor Failure,Compressor clicking repeatedly and unable to compress refrigerant.,Manufacturing,11,732,0,True,True,True,True,True,False,0,False,False,False,False,Likely Valid
CLM-02324,PRD-30682,Galaxy Ultra Smartphone,Electronics,Sony,SON-ELE-775,SNSO615662,SNSO615662,SNSO615662,2025-01-16,1171.0,Amazon Electronics,2025-01-16,2027-01-16,Sony Care Protection,Standard,2026-03-19,2026-03-24,Display Defect,Backlight flickering continuously on left half of screen.,Manufacturing,14,303,1,True,True,True,True,True,True,0,False,False,False,False,Likely Valid
CLM-00116,PRD-42716,Heavy-Duty Starter Motor,Automotive,Continental Auto,CON-AUT-421,SNCO703779,SNCO703779,SNCO703779,2025-03-13,229.55,Advance Auto Parts,2025-03-13,2026-03-13,Continental Auto Care Protection,Standard,2025-09-22,2025-09-30,Electrical Component Failure,Unspecified system degradation observed during normal operating routine.,Unauthorized Modification,6,172,4,False,True,True,True,True,False,1,False,False,True,False,Likely Invalid
CLM-01633,PRD-55226,Smart Dishwasher 24-inch,Appliances,LG,LG-APP-367,SNLG385805,SNLG385805,SNLG385805,2024-01-16,762.55,Home Depot,2024-01-16,2027-01-15,LG Care Protection,Standard,2024-05-08,2024-05-18,Thermostat Malfunction,"Thermostat stuck open, temperature never reaches target threshold.",Unauthorized Modification,3,982,3,False,True,True,True,True,False,1,False,False,True,False,Likely Invalid
CLM-00223,PRD-40488,Front-Load Washing Machine,Appliances,KitchenAid,KIT-APP-615,SNKI716005,SNKI716005,SNKI716005,2023-02-02,962.07,Home Depot,2023-02-02,2026-02-01,KitchenAid Care Protection,Standard,2024-05-27,2024-05-31,Control Board Failure,Unspecified system degradation observed during normal operating routine.,Manufacturing,15,615,0,True,True,True,True,True,False,0,False,False,False,False,Likely Valid
CLM-02400,PRD-57255,Electric Range Oven,Appliances,KitchenAid,KIT-APP-356,SNKI867918,SNKI867918,SNKI867918,2024-03-02,976.71,Direct Factory Outlet,2024-03-02,2027-03-02,KitchenAid Care Protection,Standard,2025-08-24,2025-08-29,Manufacturing Defect,Internal solder joint loosened causing intermittent power disconnects.,Manufacturing,17,555,0,True,True,True,True,True,False,0,False,False,False,False,Likely Valid
CLM-00698,PRD-58230,Performance Shock Absorbers,Automotive,Brembo,BRE-AUT-571,SNBR463778,SNBR463778,SNBR463778,2023-03-21,417.51,O'Reilly Auto,2023-03-21,2024-03-20,Brembo Care Protection,Standard,2023-12-25,2024-01-01,Seal or Gasket Failure,Unspecified system degradation observed during normal operating routine.,Unauthorized Modification,9,86,2,False,True,True,True,True,False,1,False,False,True,False,Likely Invalid
CLM-01984,PRD-11081,Smart Dishwasher 24-inch,Appliances,Whirlpool,WHI-APP-969,SNWH159313,SNWH159313,SNWH159313,2024-07-13,739.34,Lowe's,2024-07-13,2027-07-13,Whirlpool Care Protection,Standard,2025-09-23,2025-10-06,Manufacturing Defect,Device shut down unexpectedly and fails to power back on under normal conditions.,Manufacturing,14,658,0,True,False,True,True,True,False,1,False,False,False,False,Likely Invalid
CLM-00333,PRD-39213,French Door Refrigerator,Appliances,Maytag,MAY-APP-783,SNMA403986,SNMA403986,SNMA403986,2024-12-07,1905.09,Lowe's,2024-12-07,2028-12-07,AssureX Extended Guard,Extended,2029-02-15,2029-03-04,Manufacturing Defect,Internal solder joint loosened causing intermittent power disconnects.,Manufacturing,50,-70,0,True,True,True,True,True,False,0,False,False,False,False,Likely Invalid
CLM-01954,PRD-67059,Convection Microwave Oven,Appliances,LG,LG-APP-934,SNLG358919,SNLG358919,SNLG358919,2024-04-11,363.62,Costco,2024-04-11,2027-04-11,LG Care Protection,Standard,2025-07-22,2025-08-03,Motor Failure,"Motor winding resistance out of spec, causing tripping.",Unauthorized Modification,15,628,4,False,True,True,True,True,False,1,False,False,True,False,Likely Invalid
CLM-00045,PRD-38910,Galaxy Ultra Smartphone,Electronics,Samsung,SAM-ELE-216,SNSA621292,SNSA621292,SNSA621292,2023-04-09,1086.9,Direct Manufacturer Store,2023-04-09,2025-04-08,Samsung Care Protection,Standard,2024-04-18,2024-04-25,Software Malfunction,System firmware entered boot loop following manufacturer OTA update.,Component Failure,12,355,1,False,True,True,True,True,False,1,False,False,False,False,Manual Review Required
CLM-02469,PRD-91739,Galaxy Ultra Smartphone,Electronics,Asus,ASU-ELE-316,SNAS123802,SNAS123802,SNAS123802,2024-06-20,963.2,Direct Manufacturer Store,2024-06-20,2026-06-20,Asus Care Protection,Standard,2025-03-11,2025-03-15,Display Defect,Backlight flickering continuously on left half of screen.,Manufacturing,8,466,1,True,True,True,True,True,True,0,False,False,False,False,Likely Valid
CLM-01310,PRD-26814,ProBook Laptop 15-inch,Electronics,Dell,DEL-ELE-288,SNDE911028,SNDE911028,SNDE911028,2025-02-04,980.35,Amazon Electronics,2025-02-04,2028-02-04,AssureX Extended Guard,Extended,2026-11-08,2026-11-16,Electrical Failure,No current flowing to main motor despite active input power.,Electrical,21,453,0,True,True,True,True,True,False,0,False,False,False,False,Likely Valid
CLM-00278,PRD-75779,Heavy-Duty Clothes Dryer,Appliances,Samsung,SAM-APP-831,SNSA233624,SNSA233624,SNSA233624,2024-08-27,783.96,Costco,2024-08-27,2027-08-27,Samsung Care Protection,Standard,2025-05-30,2025-06-01,Manufacturing Defect,Factory assembly defect leading to unprovoked system failure.,Manufacturing,9,819,0,True,True,True,True,True,False,0,False,False,False,False,Likely Valid
CLM-01144,PRD-18967,ProBook Laptop 15-inch,Electronics,LG,LG-ELE-118,SNLG298298,SNLG298298,SNLG298298,2024-07-17,938.71,BestBuy,2024-07-17,2026-07-17,LG Care Protection,Standard,2025-04-17,2025-04-22,Component Failure,Cooling fan bearing seized up leading to emergency thermal shutdown.,Manufacturing,9,456,0,True,False,True,True,True,False,1,False,False,False,False,Likely Invalid
CLM-00090,PRD-98092,Tablet 11-inch Display,Electronics,Asus,ASU-ELE-283,SNAS113406,SNAS113406,SNAS113406,2023-06-13,812.17,Target,2023-06-13,2026-06-12,AssureX Extended Guard,Extended,2025-02-14,2025-02-23,Manufacturing Defect,Internal solder joint loosened causing intermittent power disconnects.,Manufacturing,20,483,1,True,True,True,True,True,True,0,False,False,False,False,Likely Valid
CLM-01825,PRD-54664,Electronic Fuel Injector Kit,Automotive,Bosch Auto,BOS-AUT-758,SNBO584680,SNBO584680,SNBO584680,2023-06-17,360.99,AutoZone,2023-06-17,2024-06-16,Bosch Auto Care Protection,Standard,2023-08-19,2023-08-20,Premature Wear,Bushing cracked prematurely during regular non-commercial transit.,Manufacturing,2,302,0,True,True,True,True,True,False,0,False,False,False,False,Likely Valid
CLM-01266,PRD-80798,Electric Range Oven,Appliances,KitchenAid,KIT-APP-581,SNKI238826,SNKI238826,SNKI238826,2024-11-06,949.6,Direct Factory Outlet,2024-11-06,2027-11-06,KitchenAid Care Protection,Standard,2026-05-16,2026-05-21,Motor Failure,"Motor winding resistance out of spec, causing tripping.",Manufacturing,18,539,0,True,True,True,True,True,False,0,False,False,False,False,Likely Valid
CLM-01447,PRD-24399,Gaming Desktop Rig,Electronics,Apple,APP-ELE-434,SNAP501685,SNAP501685,SNAP501685,2023-08-11,1967.54,B&H Photo,2023-08-11,2025-08-10,Apple Care Protection,Standard,2024-01-17,2024-01-25,Component Failure,Cooling fan bearing seized up leading to emergency thermal shutdown.,Component Failure,5,571,1,False,True,True,True,True,False,1,False,False,False,False,Manual Review Required
CLM-01479,PRD-97793,Smart Dishwasher 24-inch,Appliances,GE Appliances,GE -APP-370,SNGE721013,SNGE721013,SNGE721013,2023-07-19,907.99,Costco,2023-07-19,2026-07-18,GE Appliances Care Protection,Standard,2026-07-19,2026-07-20,Control Board Failure,Unspecified system degradation observed during normal operating routine.,Manufacturing,36,-1,0,True,True,True,True,True,False,0,False,False,False,True,Manual Review Required
CLM-00066,PRD-95951,Electric Range Oven,Appliances,Bosch,BOS-APP-760,SNBO452192,SNBO452192,SNBO452192,2024-05-21,1116.14,Sears Appliance Outlet,2024-05-21,2028-05-21,AssureX Extended Guard,Extended,2026-08-25,2026-09-05,Control Board Failure,Unspecified system degradation observed during normal operating routine.,Manufacturing,27,635,1,True,True,True,True,True,True,0,False,False,False,False,Likely Valid
CLM-01446,PRD-47745,Electronic Fuel Injector Kit,Automotive,Monroe,MON-AUT-263,SNMO272686,SNMO272686,SNMO272686,2024-07-25,403.82,RockAuto,2024-07-25,2025-07-25,Monroe Care Protection,Standard,2024-09-22,2024-09-27,Electrical Component Failure,Unspecified system degradation observed during normal operating routine.,Electrical,1,306,0,True,True,True,True,True,False,0,False,False,False,False,Likely Valid
CLM-00022,PRD-30220,Electric Range Oven,Appliances,Bosch,BOS-APP-493,SNBO984293,SNBO984293,SNBO984293,2024-03-24,1341.77,Costco,2024-03-24,2027-03-24,Bosch Care Protection,Standard,2024-05-16,2024-05-18,Commercial Use of Domestic Product,Machine installed in commercial 24-hour laundromat facility.,Commercial Use of Domestic Product,1,1042,0,True,True,True,True,True,False,0,False,False,True,False,Likely Invalid
CLM-00142,PRD-45107,French Door Refrigerator,Appliances,GE Appliances,GE -APP-532,SNGE704402,SNGE704402,SNGE704402,2024-10-10,1562.14,Home Depot,2024-10-10,2028-10-10,AssureX Extended Guard,Extended,2025-09-13,2025-09-21,Electrical Wiring Defect,Unspecified system degradation observed during normal operating routine.,Electrical,11,1123,0,True,True,True,True,True,False,0,False,False,False,False,Likely Valid
CLM-01540,PRD-59098,French Door Refrigerator,Appliances,Samsung,SAM-APP-800,SNSA412675,SNSA412675,SNSA412675,2023-10-16,1471.43,Home Depot,2023-10-16,2026-10-15,Samsung Care Protection,Standard,2024-07-02,2024-07-12,Cosmetic Wear,Unspecified system degradation observed during normal operating routine.,Cosmetic Wear,8,835,0,True,True,True,True,True,False,0,False,False,True,False,Likely Invalid
CLM-00114,PRD-74447,Gaming Desktop Rig,Electronics,HP,HP-ELE-908,SNHP135527,SNHP135527,SNHP135527,2025-01-01,1775.29,BestBuy,2025-01-01,2028-01-01,AssureX Extended Guard,Extended,2026-05-20,2026-06-01,Component Failure,Sensor module stopped transmitting readings to the main board.,Manufacturing,16,591,0,True,True,True,True,True,False,0,False,False,False,False,Likely Valid
CLM-01175,PRD-12027,Mirrorless Camera Body,Electronics,Sony,SON-ELE-209,SNSO874467,SNSO874467,SNSO874467,2024-05-06,1479.05,BestBuy,2024-05-06,2026-05-06,Sony Care Protection,Standard,2026-07-02,2026-07-07,Software Malfunction,System firmware entered boot loop following manufacturer OTA update.,Manufacturing,25,-57,0,True,True,True,True,True,False,0,False,False,False,False,Likely Invalid
CLM-01489,PRD-97136,Active Noise Cancelling Headphones,Electronics,Apple,APP-ELE-518,SNAP347660,SNAP347660,SNAP347660,2024-07-09,286.43,Direct Manufacturer Store,2024-07-09,2026-07-09,Apple Care Protection,Standard,2024-12-09,2024-12-21,Component Failure,Cooling fan bearing seized up leading to emergency thermal shutdown.,Manufacturing,5,577,0,True,True,True,True,True,False,0,False,False,False,False,Likely Valid
CLM-00651,PRD-81886,Smart Watch Series 7,Electronics,HP,HP-ELE-219,SNHP441298,SNHP441238,SNHP441298,2024-09-05,455.95,B&H Photo,2024-09-05,2027-09-05,AssureX Extended Guard,Extended,2026-09-24,2026-10-01,Manufacturing Defect,Factory assembly defect leading to unprovoked system failure.,Manufacturing,24,346,0,True,True,True,True,True,False,0,True,False,False,False,Manual Review Required
CLM-01747,PRD-61237,Front-Load Washing Machine,Appliances,Samsung,SAM-APP-526,SNSA186924,SNSA186924,SNSA186924,2024-05-16,833.47,Costco,2024-05-16,2027-05-16,Samsung Care Protection,Standard,2026-02-25,2026-02-28,Manufacturing Defect,Device shut down unexpectedly and fails to power back on under normal conditions.,Manufacturing,21,445,0,True,False,True,True,True,False,1,False,False,False,False,Likely Invalid
CLM-01765,PRD-90402,Tablet 11-inch Display,Electronics,Lenovo,LEN-ELE-319,SNLE854283,SNLE854283,SNLE854283,2025-01-11,652.84,BestBuy,2025-01-11,2028-01-11,AssureX Extended Guard,Extended,2026-02-20,2026-02-22,Component Failure,Cooling fan bearing seized up leading to emergency thermal shutdown.,Manufacturing,13,690,0,True,True,True,True,True,False,0,False,False,False,False,Likely Valid
CLM-02018,PRD-98595,Tablet 11-inch Display,Electronics,Samsung,SAM-ELE-415,SNSA810755,SNSA810755,SNSA810755,2025-02-14,713.33,Target,2025-02-14,2027-02-14,Samsung Care Protection,Standard,2026-04-19,2026-05-02,Electrical Failure,Internal circuit shorted during regular use with standard power supply.,Electrical,14,301,1,True,True,True,True,True,True,0,False,False,False,False,Likely Valid
CLM-00947,PRD-13611,Heavy-Duty Starter Motor,Automotive,Brembo,BRE-AUT-209,SNBR144569,SNBR144569,SNBR144569,2023-06-08,272.31,O'Reilly Auto,2023-06-08,2024-06-07,Brembo Care Protection,Standard,2024-07-18,2024-07-23,Electrical Component Failure,Unspecified system degradation observed during normal operating routine.,Manufacturing,13,-41,0,True,True,True,True,True,False,0,False,False,False,False,Likely Invalid
CLM-02440,PRD-45616,Mirrorless Camera Body,Electronics,Samsung,SAM-ELE-867,SNSA420262,SNSA420262,SNSA420262,2023-02-26,1233.81,BestBuy,2023-02-26,2026-02-25,AssureX Extended Guard,Extended,2024-08-21,2024-08-28,Manufacturing Defect,Device shut down unexpectedly and fails to power back on under normal conditions.,Manufacturing,17,553,0,True,True,True,True,True,False,0,False,False,False,False,Likely Valid
CLM-00170,PRD-98486,Active Noise Cancelling Headphones,Electronics,Lenovo,LEN-ELE-119,SNLE382234,SNLE382234,SNLE382234,2023-06-07,300.06,Direct Manufacturer Store,2023-06-07,2025-06-06,Lenovo Care Protection,Standard,2024-05-13,2024-05-23,Cosmetic Damage,Slight dent on exterior casing from transit handling.,Cosmetic Damage,11,389,0,True,True,True,True,True,False,0,False,False,True,False,Likely Invalid
CLM-00946,PRD-57739,Tablet 11-inch Display,Electronics,Lenovo,LEN-ELE-559,SNLE749985,SNLE749986,SNLE749985,2024-09-08,639.75,BestBuy,2024-09-08,2026-09-08,Lenovo Care Protection,Standard,2026-05-09,2026-05-12,Manufacturing Defect,Device shut down unexpectedly and fails to power back on under normal conditions.,Manufacturing,19,122,0,True,True,True,True,True,False,0,True,False,False,False,Manual Review Required
CLM-00898,PRD-23108,Active Noise Cancelling Headphones,Electronics,Lenovo,LEN-ELE-531,SNLE429659,SNLE429659,SNLE429659,2025-03-10,265.84,Amazon Electronics,2025-03-10,2027-03-10,Lenovo Care Protection,Standard,2026-04-25,2026-05-05,Manufacturing Defect,Internal solder joint loosened causing intermittent power disconnects.,Manufacturing,13,319,0,True,False,True,True,True,False,1,False,False,False,False,Likely Invalid
CLM-01517,PRD-26389,Heavy-Duty Clothes Dryer,Appliances,LG,LG-APP-730,SNLG961411,SNLG961411,SNLG961411,2024-10-12,868.86,Lowe's,2024-10-12,2028-10-12,AssureX Extended Guard,Extended,2028-08-27,2028-09-09,Accidental Damage,Dropped on concrete driveway resulting in shattered enclosure and severed cable.,Accidental Damage,46,46,0,True,True,True,True,True,False,0,False,False,True,False,Likely Invalid
CLM-02453,PRD-66929,High Output Alternator,Automotive,Brembo,BRE-AUT-818,SNBR274760,SNBR274760,SNBR274760,2023-04-24,417.53,RockAuto,2023-04-24,2025-04-23,AssureX Extended Guard,Extended,2025-08-14,2025-09-02,Manufacturing Defect,Device shut down unexpectedly and fails to power back on under normal conditions.,Manufacturing,27,-113,0,True,True,True,True,True,False,0,False,False,False,False,Likely Invalid
CLM-00609,PRD-63371,Tablet 11-inch Display,Electronics,HP,HP-ELE-922,SNHP637483,SNHP637483,SNHP637483,2024-06-15,774.44,Target,2024-06-15,2026-06-15,HP Care Protection,Standard,2025-03-28,2025-04-09,Software Malfunction,Main OS freezes on start screen; hardware diagnostic passes.,Manufacturing,9,444,1,True,True,True,True,True,True,0,False,False,False,False,Likely Valid
CLM-01432,PRD-73860,Active Noise Cancelling Headphones,Electronics,Dell,DEL-ELE-482,SNDE749063,SNDE749063,SNDE749063,2023-05-12,263.28,Direct Manufacturer Store,2023-05-12,2025-05-11,Dell Care Protection,Standard,2025-05-12,2025-05-13,Electrical Failure,Capacitor blown on the primary controller board without power surge.,Manufacturing,24,-1,0,True,True,True,True,True,False,0,False,False,False,False,Manual Review Required
CLM-00375,PRD-64566,ProBook Laptop 15-inch,Electronics,HP,HP-ELE-799,SNHP904950,SNHP904950,SNHP904950,2025-05-11,790.33,Amazon Electronics,2025-05-11,2027-05-11,HP Care Protection,Standard,2026-01-29,2026-02-03,Manufacturing Defect,Factory assembly defect leading to unprovoked system failure.,Manufacturing,8,467,1,True,True,True,True,True,True,0,False,False,False,False,Likely Valid
CLM-01162,PRD-50763,OLED 4K Smart TV,Electronics,Samsung,SAM-ELE-286,SNSA195533,SNSA195533,SNSA195533,2023-11-01,1097.28,B&H Photo,2023-11-01,2025-10-31,Samsung Care Protection,Standard,2025-11-07,2025-11-09,Electrical Failure,Internal circuit shorted during regular use with standard power supply.,Manufacturing,24,-7,0,True,True,True,True,True,False,0,False,False,False,False,Manual Review Required
CLM-00842,PRD-14285,Convection Microwave Oven,Appliances,LG,LG-APP-238,SNLG497315,SNLG497315,SNLG497315,2024-05-20,291.81,Direct Factory Outlet,2024-05-20,2027-05-20,LG Care Protection,Standard,2026-07-26,2026-07-28,Electrical Wiring Defect,Unspecified system degradation observed during normal operating routine.,Electrical,26,298,1,True,True,True,True,True,True,0,False,False,False,False,Likely Valid
CLM-02219,PRD-41242,Front-Load Washing Machine,Appliances,LG,LG-APP-496,SNLG687013,SNLG687013,SNLG687013,2025-02-21,871.31,Costco,2025-02-21,2029-02-21,AssureX Extended Guard,Extended,2026-12-19,2026-12-22,Manufacturing Defect,Factory assembly defect leading to unprovoked system failure.,Manufacturing,21,795,1,True,True,True,True,True,True,0,False,False,False,False,Likely Valid
CLM-01910,PRD-13756,Electric Range Oven,Appliances,Maytag,MAY-APP-462,SNMA807334,SNMA807334,SNMA807334,2023-01-14,1115.52,Costco,2023-01-14,2026-01-13,Maytag Care Protection,Standard,2026-01-20,2026-01-21,Manufacturing Defect,Factory assembly defect leading to unprovoked system failure.,Manufacturing,36,-7,0,True,True,True,True,True,False,0,False,False,False,False,Manual Review Required
CLM-00660,PRD-99526,Gaming Desktop Rig,Electronics,Apple,APP-ELE-144,SNAP416960,SNAP416960,SNAP416960,2025-02-05,1707.68,B&H Photo,2025-02-05,2027-02-05,Apple Care Protection,Standard,2025-07-03,2025-07-05,Electrical Failure,Internal circuit shorted during regular use with standard power supply.,Unauthorized Modification,4,582,2,False,True,True,True,True,False,1,False,False,True,False,Likely Invalid
CLM-01881,PRD-92777,Active Noise Cancelling Headphones,Electronics,HP,HP-ELE-804,SNHP759757,SNHP759757,SNHP759757,2023-05-09,281.31,Direct Manufacturer Store,2023-05-09,2026-05-08,AssureX Extended Guard,Extended,2026-08-12,2026-08-30,Software Malfunction,Main OS freezes on start screen; hardware diagnostic passes.,Manufacturing,39,-96,0,True,True,True,True,True,False,0,False,False,False,False,Likely Invalid
CLM-01778,PRD-29553,ProBook Laptop 15-inch,Electronics,Dell,DEL-ELE-451,SNDE246708,SNDE246708,SNDE246708,2024-09-16,990.55,Direct Manufacturer Store,2024-09-16,2027-09-16,AssureX Extended Guard,Extended,2025-06-11,2025-06-14,Component Failure,Cooling fan bearing seized up leading to emergency thermal shutdown.,Manufacturing,8,827,0,True,True,True,True,True,False,0,False,False,False,False,Likely Valid
CLM-01900,PRD-54255,Active Noise Cancelling Headphones,Electronics,Apple,APP-ELE-405,SNAP325960,SNAP325960,SNAP325960,2025-04-10,332.57,Target,2025-04-10,2028-04-09,AssureX Extended Guard,Extended,2026-07-18,2026-07-23,Display Defect,Vertical colored line artifacts appeared across OLED panel without impact.,Manufacturing,15,631,0,True,True,True,True,True,False,0,False,False,False,False,Likely Valid
CLM-01393,PRD-87153,Galaxy Ultra Smartphone,Electronics,Dell,DEL-ELE-571,SNDE245431,SNDE245431,SNDE245431,2024-04-11,1148.07,Direct Manufacturer Store,2024-04-11,2026-04-11,Dell Care Protection,Standard,2024-11-16,2024-11-23,Display Defect,Vertical colored line artifacts appeared across OLED panel without impact.,Manufacturing,7,511,0,True,True,True,True,True,False,0,False,False,False,False,Likely Valid
CLM-00589,PRD-42873,OLED 4K Smart TV,Electronics,HP,HP-ELE-682,SNHP114901,SNHP114901,SNHP114901,2023-09-30,1475.32,B&H Photo,2023-09-30,2025-09-29,HP Care Protection,Standard,2024-05-22,2024-06-02,Manufacturing Defect,Internal solder joint loosened causing intermittent power disconnects.,Unauthorized Modification,7,495,3,False,True,True,True,True,False,1,False,False,True,False,Likely Invalid
CLM-01344,PRD-62317,Convection Microwave Oven,Appliances,KitchenAid,KIT-APP-508,SNKI183124,SNKI183124,SNKI183124,2023-06-18,291.32,Direct Factory Outlet,2023-06-18,2026-06-17,KitchenAid Care Protection,Standard,2024-03-25,2024-04-09,Control Board Failure,Unspecified system degradation observed during normal operating routine.,Manufacturing,9,814,0,True,True,True,True,True,False,0,False,False,False,False,Likely Valid
CLM-02221,PRD-92282,ProBook Laptop 15-inch,Electronics,LG,LG-ELE-600,SNLG630479,SNLG630479,SNLG630479,2023-04-09,845.43,Amazon Electronics,2023-04-09,2025-04-08,LG Care Protection,Standard,2023-09-20,2023-10-02,Display Defect,Vertical colored line artifacts appeared across OLED panel without impact.,Manufacturing,5,566,1,True,True,True,True,True,True,0,False,False,False,False,Likely Valid
CLM-00816,PRD-62157,ProBook Laptop 15-inch,Electronics,Samsung,SAM-ELE-174,SNSA698336,SNSA698336,SNSA698336,2024-12-10,769.67,Direct Manufacturer Store,2024-12-10,2026-12-10,Samsung Care Protection,Standard,2025-09-06,2025-09-13,Display Defect,Backlight flickering continuously on left half of screen.,Manufacturing,8,460,0,True,False,True,True,True,False,1,False,False,False,False,Likely Invalid
CLM-00983,PRD-20164,Active Noise Cancelling Headphones,Electronics,LG,LG-ELE-934,SNLG136421,SNLG136421,SNLG136421,2023-05-03,328.6,Amazon Electronics,2023-05-03,2025-05-02,LG Care Protection,Standard,2024-10-27,2024-11-07,Display Defect,Backlight flickering continuously on left half of screen.,Manufacturing,17,187,0,True,True,True,True,True,False,0,False,False,False,False,Likely Valid
CLM-02397,PRD-77010,Heavy-Duty Clothes Dryer,Appliances,Whirlpool,WHI-APP-637,SNWH883748,SNWH883748,SNWH883748,2024-08-09,894.95,Lowe's,2024-08-09,2028-08-09,AssureX Extended Guard,Extended,2027-05-21,2027-05-28,Control Board Failure,Unspecified system degradation observed during normal operating routine.,Manufacturing,33,446,0,True,False,True,True,True,False,1,False,False,False,False,Likely Invalid
CLM-01173,PRD-63290,ProBook Laptop 15-inch,Electronics,HP,HP-ELE-191,SNHP437488,SNHP437488,SNHP437488,2024-04-08,741.17,BestBuy,2024-04-08,2026-04-08,HP Care Protection,Standard,2025-02-09,2025-02-11,Manufacturing Defect,Device shut down unexpectedly and fails to power back on under normal conditions.,Manufacturing,10,423,0,True,True,True,True,True,False,0,False,False,False,False,Likely Valid
CLM-00129,PRD-96246,Electronic Fuel Injector Kit,Automotive,Continental Auto,CON-AUT-564,SNCO758879,SNCO758879,SNCO758879,2023-01-10,517.47,RockAuto,2023-01-10,2024-01-10,Continental Auto Care Protection,Standard,2024-01-16,2024-01-21,Electrical Component Failure,Unspecified system degradation observed during normal operating routine.,Manufacturing,12,-6,0,True,True,True,True,True,False,0,False,False,False,False,Manual Review Required
CLM-00563,PRD-94920,Heavy-Duty Clothes Dryer,Appliances,Maytag,MAY-APP-324,SNMA357269,SNMA357269,SNMA357269,2023-12-02,960.04,Costco,2023-12-02,2026-12-01,Maytag Care Protection,Standard,2024-05-26,2024-05-31,Motor Failure,"Motor winding resistance out of spec, causing tripping.",Manufacturing,5,919,1,True,True,True,True,True,True,0,False,False,False,False,Likely Valid
CLM-00844,PRD-95904,Electronic Fuel Injector Kit,Automotive,Denso,DEN-AUT-906,SNDE852032,SNDE852032,SNDE852032,2023-10-17,479.35,RockAuto,2023-10-17,2024-10-16,Denso Care Protection,Standard,2024-03-02,2024-03-05,Premature Wear,Bushing cracked prematurely during regular non-commercial transit.,Manufacturing,4,228,0,True,True,True,True,True,False,0,False,False,False,False,Likely Valid
CLM-00441,PRD-48173,French Door Refrigerator,Appliances,Bosch,BOS-APP-370,SNBO787919,SNBO787971,SNBO787919,2024-10-29,1728.77,Costco,2024-10-29,2027-10-29,Bosch Care Protection,Standard,2027-03-10,2027-03-19,Compressor Failure,"Cooling cycle fails to start, compressor is non-responsive.",Manufacturing,28,233,0,True,True,True,True,True,False,0,True,False,False,False,Manual Review Required
CLM-01071,PRD-73495,French Door Refrigerator,Appliances,LG,LG-APP-882,SNLG559142,SNLG559142,SNLG559142,2023-02-03,1727.42,Costco,2023-02-03,2026-02-02,LG Care Protection,Standard,2025-09-26,2025-10-01,Control Board Failure,Unspecified system degradation observed during normal operating routine.,Manufacturing,31,129,3,True,True,True,True,True,True,0,False,False,False,False,Manual Review Required
CLM-01717,PRD-45080,Ceramic Brake Pad Set,Automotive,Continental Auto,CON-AUT-852,SNCO553894,SNCO553894,SNCO553894,2023-12-15,123.26,O'Reilly Auto,2023-12-15,2024-12-14,Continental Auto Care Protection,Standard,2024-04-25,2024-04-29,Seal or Gasket Failure,Unspecified system degradation observed during normal operating routine.,Manufacturing,4,233,0,True,True,True,True,True,False,0,False,False,False,False,Likely Valid
CLM-00363,PRD-55564,Smart Dishwasher 24-inch,Appliances,KitchenAid,KIT-APP-607,SNKI315697,SNKI315697,SNKI315697,2024-03-23,688.81,Lowe's,2024-03-23,2027-03-23,KitchenAid Care Protection,Standard,2027-05-06,2027-05-13,Electrical Wiring Defect,Unspecified system degradation observed during normal operating routine.,Manufacturing,37,-44,0,True,True,True,True,True,False,0,False,False,False,False,Likely Invalid
CLM-01772,PRD-92155,Front-Load Washing Machine,Appliances,Samsung,SAM-APP-675,SNSA370451,SNSA370451,SNSA370451,2025-03-09,990.35,Direct Factory Outlet,2025-03-09,2028-03-08,Samsung Care Protection,Standard,2025-10-04,2025-10-18,Power Surge Damage,Unspecified system degradation observed during normal operating routine.,Power Surge Damage,6,886,0,True,True,True,True,True,False,0,False,False,True,False,Likely Invalid
CLM-00547,PRD-71342,Heavy-Duty Starter Motor,Automotive,ACDelco,ACD-AUT-499,SNAC647093,SNAC647093,SNAC647093,2024-05-15,322.09,NAPA Auto Parts,2024-05-15,2025-05-15,ACDelco Care Protection,Standard,2025-01-08,2025-01-13,Manufacturing Defect,Device shut down unexpectedly and fails to power back on under normal conditions.,Manufacturing,7,127,0,True,True,False,True,True,False,1,False,False,False,False,Likely Valid
CLM-02412,PRD-29333,Mirrorless Camera Body,Electronics,Asus,ASU-ELE-427,SNAS593500,SNAS593500,SNAS593500,2023-04-29,1739.21,Amazon Electronics,2023-04-29,2026-04-28,AssureX Extended Guard,Extended,2023-09-20,2023-10-04,Electrical Failure,Capacitor blown on the primary controller board without power surge.,Manufacturing,4,951,0,True,False,True,True,True,False,1,False,False,False,False,Likely Invalid
CLM-02082,PRD-30315,Smart Watch Series 7,Electronics,Dell,DEL-ELE-212,SNDE396239,SNDE396239,SNDE396239,2023-03-09,498.49,Amazon Electronics,2023-03-09,2025-03-08,Dell Care Protection,Standard,2023-10-29,2023-10-31,Display Defect,Vertical colored line artifacts appeared across OLED panel without impact.,Manufacturing,7,496,0,True,True,True,True,True,False,0,False,False,False,False,Likely Valid
CLM-00897,PRD-15831,Convection Microwave Oven,Appliances,Maytag,MAY-APP-469,SNMA358365,SNMA358365,SNMA358365,2024-06-29,361.21,Costco,2024-06-29,2027-06-29,Maytag Care Protection,Standard,2025-02-20,2025-02-28,Manufacturing Defect,Device shut down unexpectedly and fails to power back on under normal conditions.,Manufacturing,7,859,0,True,True,True,True,True,False,0,False,False,False,False,Likely Valid
CLM-01033,PRD-35856,Front-Load Washing Machine,Appliances,Whirlpool,WHI-APP-309,SNWH110444,SNWH110444,SNWH110444,2024-01-30,800.61,Lowe's,2024-01-30,2028-01-30,AssureX Extended Guard,Extended,2025-12-28,2026-01-05,Manufacturing Defect,Factory assembly defect leading to unprovoked system failure.,Manufacturing,22,763,0,True,True,True,True,True,False,0,False,False,False,False,Likely Valid
CLM-01521,PRD-21151,OLED 4K Smart TV,Electronics,LG,LG-ELE-866,SNLG399093,SNLG399093,SNLG399093,2025-03-20,1321.78,Amazon Electronics,2025-03-20,2027-03-20,LG Care Protection,Standard,2026-06-03,2026-06-08,Electrical Failure,Internal circuit shorted during regular use with standard power supply.,Electrical,14,290,0,True,True,True,True,True,False,0,False,False,False,False,Likely Valid
CLM-00680,PRD-32746,Gaming Desktop Rig,Electronics,Dell,DEL-ELE-326,SNDE353781,SNDE353781,SNDE353781,2023-12-09,1912.53,Amazon Electronics,2023-12-09,2025-12-08,Dell Care Protection,Standard,2025-12-09,2025-12-11,Software Malfunction,Main OS freezes on start screen; hardware diagnostic passes.,Manufacturing,24,-1,0,True,True,True,True,True,False,0,False,False,False,False,Manual Review Required
CLM-01165,PRD-22963,French Door Refrigerator,Appliances,Samsung,SAM-APP-346,SNSA212132,SNSA212132,SNSA212132,2024-12-25,1840.14,Costco,2024-12-25,2028-12-25,AssureX Extended Guard,Extended,2029-02-09,2029-02-23,Motor Failure,"Motor winding resistance out of spec, causing tripping.",Manufacturing,49,-46,0,True,True,True,True,True,False,0,False,False,False,False,Likely Invalid
CLM-00671,PRD-79827,Smart Watch Series 7,Electronics,Apple,APP-ELE-445,SNAP195407,SNAP195407,SNAP195407,2025-03-14,449.5,B&H Photo,2025-03-14,2027-03-14,Apple Care Protection,Standard,2025-11-06,2025-11-17,Software Malfunction,System firmware entered boot loop following manufacturer OTA update.,Manufacturing,7,493,0,True,True,True,True,True,False,0,False,False,False,False,Likely Valid
CLM-01518,PRD-82883,Smart Dishwasher 24-inch,Appliances,Bosch,BOS-APP-900,SNBO340283,SNBO340283,SNBO340283,2025-04-04,885.84,Direct Factory Outlet,2025-04-04,2028-04-03,Bosch Care Protection,Standard,2028-02-26,2028-03-03,Manufacturing Defect,Factory assembly defect leading to unprovoked system failure.,Manufacturing,34,37,0,True,False,True,True,True,False,1,False,False,False,False,Likely Invalid
CLM-01497,PRD-62625,OLED 4K Smart TV,Electronics,Lenovo,LEN-ELE-605,SNLE388606,SNLE388606,SNLE388606,2024-06-19,1102.04,BestBuy,2024-06-19,2026-06-19,Lenovo Care Protection,Standard,2024-12-31,2025-01-04,Water Damage,Liquid spilled directly into top vents while device was operating.,Water Damage,6,535,0,True,True,True,True,True,False,0,False,False,True,False,Likely Invalid
CLM-00422,PRD-87274,Smart Dishwasher 24-inch,Appliances,Samsung,SAM-APP-875,SNSA600281,SNSA600281,SNSA600281,2025-03-02,847.53,Lowe's,2025-03-02,2028-03-01,Samsung Care Protection,Standard,2026-01-15,2026-01-30,Manufacturing Defect,Factory assembly defect leading to unprovoked system failure.,Manufacturing,10,776,0,True,True,True,True,True,False,0,False,False,False,False,Likely Valid
CLM-02282,PRD-33529,Gaming Desktop Rig,Electronics,Asus,ASU-ELE-854,SNAS242291,SNAS242291,SNAS242291,2024-05-11,2277.78,BestBuy,2024-05-11,2026-05-11,Asus Care Protection,Standard,2024-04-26,2024-05-28,Software Malfunction,System firmware entered boot loop following manufacturer OTA update.,Manufacturing,0,745,0,True,True,True,True,True,False,0,False,True,False,False,Manual Review Required
CLM-00994,PRD-13222,ProBook Laptop 15-inch,Electronics,HP,HP-ELE-933,SNHP560669,SNHP560669,SNHP560669,2024-07-24,1039.53,BestBuy,2024-07-24,2026-07-24,HP Care Protection,Standard,2025-10-08,2025-10-17,Manufacturing Defect,Internal solder joint loosened causing intermittent power disconnects.,Manufacturing,14,289,0,True,True,False,True,True,False,1,False,False,False,False,Likely Valid
CLM-02499,PRD-55647,Front-Load Washing Machine,Appliances,Maytag,MAY-APP-901,SNMA871066,SNMA871066,SNMA871066,2023-11-03,739.64,Lowe's,2023-11-03,2027-11-03,AssureX Extended Guard,Extended,2026-01-02,2026-01-05,Compressor Failure,"Cooling cycle fails to start, compressor is non-responsive.",Manufacturing,25,670,3,True,True,True,True,True,True,0,False,False,False,False,Manual Review Required
CLM-02106,PRD-41294,Performance Shock Absorbers,Automotive,Brembo,BRE-AUT-560,SNBR395858,SNBR395858,SNBR395858,2024-08-03,398.87,RockAuto,2024-08-03,2025-08-03,Brembo Care Protection,Standard,2024-12-21,2024-12-30,Premature Wear,Bushing cracked prematurely during regular non-commercial transit.,Manufacturing,4,225,0,True,False,True,True,True,False,1,False,False,False,False,Likely Invalid
CLM-01417,PRD-69524,Heavy-Duty Clothes Dryer,Appliances,Whirlpool,WHI-APP-368,SNWH401896,SNWH401896,SNWH401896,2024-03-23,830.25,Costco,2024-03-23,2027-03-23,Whirlpool Care Protection,Standard,2027-05-26,2027-05-30,Control Board Failure,Unspecified system degradation observed during normal operating routine.,Manufacturing,38,-64,0,True,True,True,True,True,False,0,False,False,False,True,Likely Invalid
CLM-01131,PRD-98395,Convection Microwave Oven,Appliances,Maytag,MAY-APP-284,SNMA494083,SNMA494083,SNMA494083,2023-10-11,350.98,Lowe's,2023-10-11,2027-10-11,AssureX Extended Guard,Extended,2026-03-04,2026-03-15,Compressor Failure,Compressor clicking repeatedly and unable to compress refrigerant.,Manufacturing,28,586,0,True,True,True,True,True,False,0,False,False,False,False,Likely Valid
CLM-01684,PRD-69797,Ceramic Brake Pad Set,Automotive,ACDelco,ACD-AUT-739,SNAC904813,SNAC904813,SNAC904813,2024-11-13,143.39,NAPA Auto Parts,2024-11-13,2025-11-13,ACDelco Care Protection,Standard,2025-05-05,2025-05-06,Premature Wear,"Brake pad friction compound deteriorated within 2,000 miles of highway driving.",Manufacturing,5,192,1,True,True,True,True,True,True,0,False,False,False,False,Likely Valid
CLM-02044,PRD-97071,French Door Refrigerator,Appliances,LG,LG-APP-122,SNLG406400,SNLG406400,SNLG406400,2025-04-05,1441.93,Home Depot,2025-04-05,2028-04-04,LG Care Protection,Standard,2025-10-25,2025-11-07,Control Board Failure,Unspecified system degradation observed during normal operating routine.,Manufacturing,6,892,0,True,True,True,True,True,False,0,False,False,False,False,Likely Valid
CLM-01256,PRD-10100,Active Noise Cancelling Headphones,Electronics,Sony,SON-ELE-724,SNSO495022,SNSO495022,SNSO495022,2023-07-24,310.69,Target,2023-07-24,2025-07-23,Sony Care Protection,Standard,2024-03-13,2024-03-20,Software Malfunction,System firmware entered boot loop following manufacturer OTA update.,Manufacturing,7,497,0,True,True,True,True,True,False,0,False,False,False,False,Likely Valid
CLM-00849,PRD-41854,Smart Dishwasher 24-inch,Appliances,KitchenAid,KIT-APP-241,SNKI707732,SNKI707732,SNKI707732,2023-07-22,922.87,Direct Factory Outlet,2023-07-22,2026-07-21,KitchenAid Care Protection,Standard,2026-07-28,2026-07-29,Motor Failure,"Motor winding resistance out of spec, causing tripping.",Manufacturing,36,-7,0,True,True,True,True,True,False,0,False,False,False,False,Manual Review Required
CLM-00235,PRD-28705,Galaxy Ultra Smartphone,Electronics,Lenovo,LEN-ELE-211,SNLE767083,SNLE767083,SNLE767083,2024-02-22,1077.97,B&H Photo,2024-02-22,2026-02-21,Lenovo Care Protection,Standard,2025-02-01,2025-02-02,Electrical Failure,Internal circuit shorted during regular use with standard power supply.,Unauthorized Modification,11,385,3,False,True,True,True,True,False,1,False,False,True,False,Likely Invalid
CLM-00198,PRD-95162,Smart Watch Series 7,Electronics,Asus,ASU-ELE-585,SNAS381370,SNAS381370,SNAS381370,2023-02-26,431.91,Direct Manufacturer Store,2023-02-26,2025-02-25,Asus Care Protection,Standard,2023-10-21,2023-10-29,Water Damage,Liquid spilled directly into top vents while device was operating.,Water Damage,7,493,0,True,True,True,True,True,False,0,False,False,True,False,Likely Invalid
CLM-01964,PRD-83260,Smart Watch Series 7,Electronics,HP,HP-ELE-196,SNHP668304,SNHP668304,SNHP668304,2023-03-27,353.94,B&H Photo,2023-03-27,2026-03-26,AssureX Extended Guard,Extended,2026-09-15,2026-09-26,Display Defect,Vertical colored line artifacts appeared across OLED panel without impact.,Manufacturing,41,-173,0,True,True,True,True,True,False,0,False,False,False,False,Likely Invalid
CLM-00377,PRD-90636,French Door Refrigerator,Appliances,GE Appliances,GE -APP-885,SNGE541365,SNGE541365,SNGE541365,2024-04-14,1416.59,Lowe's,2024-04-14,2027-04-14,GE Appliances Care Protection,Standard,2025-01-29,2025-02-08,Electrical Wiring Defect,Unspecified system degradation observed during normal operating routine.,Manufacturing,9,805,0,True,False,True,True,True,False,1,False,False,False,False,Likely Invalid
CLM-00538,PRD-97612,Front-Load Washing Machine,Appliances,LG,LG-APP-430,SNLG788258,SNLG788258,SNLG788258,2023-05-30,906.1,Direct Factory Outlet,2023-05-30,2027-05-30,AssureX Extended Guard,Extended,2025-05-22,2025-06-03,Electrical Wiring Defect,Unspecified system degradation observed during normal operating routine.,Electrical,23,738,0,True,True,True,True,True,False,0,False,False,False,False,Likely Valid
CLM-00601,PRD-50312,Tablet 11-inch Display,Electronics,HP,HP-ELE-307,SNHP879704,SNHP879704,SNHP879704,2023-04-13,591.66,Amazon Electronics,2023-04-13,2025-04-12,HP Care Protection,Standard,2024-06-14,2024-06-29,Software Malfunction,Main OS freezes on start screen; hardware diagnostic passes.,Manufacturing,14,302,1,True,True,True,True,True,True,0,False,False,False,False,Likely Valid
CLM-01034,PRD-28611,Tablet 11-inch Display,Electronics,Asus,ASU-ELE-935,SNAS111226,SNAS111226,SNAS111226,2025-01-13,666.26,Target,2025-01-13,2027-01-13,Asus Care Protection,Standard,2025-10-25,2025-11-06,Manufacturing Defect,Device shut down unexpectedly and fails to power back on under normal conditions.,Manufacturing,9,445,0,True,False,True,True,True,False,1,False,False,False,False,Likely Invalid
CLM-02146,PRD-18823,High Output Alternator,Automotive,K&N,K&N-AUT-824,SNK&136248,SNK&136248,SNK&136248,2024-06-29,389.98,RockAuto,2024-06-29,2025-06-29,K&N Care Protection,Standard,2024-09-15,2024-09-25,Electrical Component Failure,Unspecified system degradation observed during normal operating routine.,Electrical,2,287,0,True,True,True,True,True,False,0,False,False,False,False,Likely Valid
CLM-01979,PRD-26182,Mirrorless Camera Body,Electronics,Lenovo,LEN-ELE-607,SNLE245735,SNLE245735,SNLE245735,2024-12-30,1536.67,Target,2024-12-30,2026-12-30,Lenovo Care Protection,Standard,2026-03-28,2026-04-09,Component Failure,Sensor module stopped transmitting readings to the main board.,Manufacturing,14,277,0,True,True,True,True,True,False,0,False,False,False,False,Likely Valid
CLM-00528,PRD-26688,OLED 4K Smart TV,Electronics,Samsung,SAM-ELE-646,SNSA731160,SNSA731160,SNSA731160,2025-04-18,1473.36,BestBuy,2025-04-18,2027-04-18,Samsung Care Protection,Standard,2027-07-30,2027-08-11,Electrical Failure,Capacitor blown on the primary controller board without power surge.,Manufacturing,27,-103,0,True,True,True,True,True,False,0,False,False,False,False,Likely Invalid
CLM-00827,PRD-89938,Mirrorless Camera Body,Electronics,Asus,ASU-ELE-495,SNAS991417,SNAS991417,SNAS991417,2024-05-12,1556.54,BestBuy,2024-05-12,2027-05-12,AssureX Extended Guard,Extended,2025-08-13,2025-08-27,Software Malfunction,Main OS freezes on start screen; hardware diagnostic passes.,Manufacturing,15,637,0,True,True,True,True,True,False,0,False,False,False,False,Likely Valid
CLM-01739,PRD-13116,ProBook Laptop 15-inch,Electronics,Sony,SON-ELE-483,SNSO957802,SNSO957802,SNSO957802,2023-03-31,821.12,B&H Photo,2023-03-31,2025-03-30,Sony Care Protection,Standard,2023-12-16,2023-12-26,Manufacturing Defect,Factory assembly defect leading to unprovoked system failure.,Manufacturing,8,470,0,True,True,True,True,True,False,0,False,False,False,False,Likely Valid
CLM-02031,PRD-77943,Smart Watch Series 7,Electronics,LG,LG-ELE-587,SNLG693264,SNLG693264,SNLG693264,2023-11-01,440.31,Amazon Electronics,2023-11-01,2025-10-31,LG Care Protection,Standard,2025-04-20,2025-04-21,Component Failure,Sensor module stopped transmitting readings to the main board.,Manufacturing,17,194,0,True,True,False,True,True,False,1,False,False,False,False,Likely Valid
CLM-02223,PRD-47941,Active Noise Cancelling Headphones,Electronics,Samsung,SAM-ELE-981,SNSA245345,SNSA245345,SNSA245345,2024-02-29,312.12,BestBuy,2024-02-29,2026-02-28,Samsung Care Protection,Standard,2025-06-02,2025-06-10,Component Failure,Sensor module stopped transmitting readings to the main board.,Manufacturing,15,271,0,True,False,True,True,True,False,1,False,False,False,False,Likely Invalid
CLM-00474,PRD-10648,ProBook Laptop 15-inch,Electronics,Dell,DEL-ELE-801,SNDE682324,SNDE682324,SNDE682324,2025-01-11,1010.03,B&H Photo,2025-01-11,2027-01-11,Dell Care Protection,Standard,2025-01-02,2025-01-31,Display Defect,Backlight flickering continuously on left half of screen.,Manufacturing,0,739,0,True,True,True,True,True,False,0,False,True,False,False,Manual Review Required
CLM-02277,PRD-25108,Mirrorless Camera Body,Electronics,HP,HP-ELE-836,SNHP616751,SNHP616751,SNHP616751,2023-06-26,1409.08,Direct Manufacturer Store,2023-06-26,2026-06-25,AssureX Extended Guard,Extended,2026-12-03,2026-12-19,Manufacturing Defect,Device shut down unexpectedly and fails to power back on under normal conditions.,Manufacturing,41,-161,0,True,True,True,True,True,False,0,False,False,False,False,Likely Invalid
CLM-00205,PRD-54541,French Door Refrigerator,Appliances,KitchenAid,KIT-APP-611,SNKI949767,SNKI949767,SNKI949767,2023-12-17,1781.66,Sears Appliance Outlet,2023-12-17,2027-12-17,AssureX Extended Guard,Extended,2026-04-21,2026-05-04,Control Board Failure,Unspecified system degradation observed during normal operating routine.,Unauthorized Modification,28,605,4,False,True,True,True,True,False,1,False,False,True,False,Likely Invalid
CLM-00549,PRD-86798,Front-Load Washing Machine,Appliances,Whirlpool,WHI-APP-382,SNWH247262,SNWH247262,SNWH247262,2023-08-24,1026.0,Home Depot,2023-08-24,2026-08-23,Whirlpool Care Protection,Standard,2025-05-03,2025-05-06,Control Board Failure,Unspecified system degradation observed during normal operating routine.,Manufacturing,20,477,0,True,True,True,True,True,False,0,False,False,False,False,Likely Valid
CLM-02271,PRD-92790,Active Noise Cancelling Headphones,Electronics,Apple,APP-ELE-605,SNAP617823,SNAP617823,SNAP617823,2025-05-06,305.48,Amazon Electronics,2025-05-06,2027-05-06,Apple Care Protection,Standard,2025-10-08,2025-10-21,Electrical Failure,Internal circuit shorted during regular use with standard power supply.,Electrical,5,575,0,True,True,True,True,True,False,0,False,False,False,False,Likely Valid
CLM-01456,PRD-48243,ABS Wheel Speed Sensor,Automotive,K&N,K&N-AUT-995,SNK&100958,SNK&100958,SNK&100958,2024-08-31,83.69,O'Reilly Auto,2024-08-31,2025-08-31,K&N Care Protection,Standard,2025-03-25,2025-04-07,Seal or Gasket Failure,Unspecified system degradation observed during normal operating routine.,Unauthorized Modification,6,159,4,False,True,True,True,True,False,1,False,False,True,False,Likely Invalid
CLM-02066,PRD-63276,ProBook Laptop 15-inch,Electronics,Dell,DEL-ELE-879,SNDE618945,SNDE618945,SNDE618945,2024-01-08,926.25,Target,2024-01-08,2027-01-07,AssureX Extended Guard,Extended,2026-02-18,2026-03-03,Software Malfunction,Main OS freezes on start screen; hardware diagnostic passes.,Manufacturing,25,323,1,True,True,True,True,True,True,0,False,False,False,False,Likely Valid
CLM-01224,PRD-96381,Active Noise Cancelling Headphones,Electronics,Apple,APP-ELE-377,SNAP544238,SNAP544238,SNAP544238,2023-08-16,248.09,Target,2023-08-16,2025-08-15,Apple Care Protection,Standard,2024-11-11,2024-11-13,Electrical Failure,No current flowing to main motor despite active input power.,Electrical,14,277,0,True,True,True,True,True,False,0,False,False,False,False,Likely Valid
CLM-01635,PRD-68254,ABS Wheel Speed Sensor,Automotive,Denso,DEN-AUT-643,SNDE960893,SNDE960893,SNDE960893,2023-08-27,118.05,NAPA Auto Parts,2023-08-27,2024-08-26,Denso Care Protection,Standard,2023-10-17,2023-10-20,Manufacturing Defect,Internal solder joint loosened causing intermittent power disconnects.,Electrical Failure,1,314,0,True,True,True,True,False,False,1,False,False,False,False,Manual Review Required
CLM-00759,PRD-70931,OLED 4K Smart TV,Electronics,Dell,DEL-ELE-300,SNDE525529,SNDE525529,SNDE525529,2023-05-22,1161.86,Direct Manufacturer Store,2023-05-22,2025-05-21,Dell Care Protection,Standard,2023-08-15,2023-08-19,Jailbreaking or Rooting,Unspecified system degradation observed during normal operating routine.,Jailbreaking or Rooting,2,645,0,True,True,True,True,True,False,0,False,False,True,False,Likely Invalid
CLM-01289,PRD-61559,Gaming Desktop Rig,Electronics,Lenovo,LEN-ELE-149,SNLE446705,SNLE446705,SNLE446705,2024-01-03,2259.31,BestBuy,2024-01-03,2026-01-02,Lenovo Care Protection,Standard,2025-03-13,2025-03-17,Component Failure,Cooling fan bearing seized up leading to emergency thermal shutdown.,Unauthorized Modification,14,295,2,False,True,True,True,True,False,1,False,False,True,False,Likely Invalid
CLM-02444,PRD-17227,Heavy-Duty Clothes Dryer,Appliances,KitchenAid,KIT-APP-246,SNKI471831,SNKI471831,SNKI471831,2024-10-30,887.22,Direct Factory Outlet,2024-10-30,2028-10-30,AssureX Extended Guard,Extended,2026-09-19,2026-09-21,Electrical Wiring Defect,Unspecified system degradation observed during normal operating routine.,Electrical,22,772,1,True,True,True,True,True,True,0,False,False,False,False,Likely Valid
CLM-00876,PRD-48353,French Door Refrigerator,Appliances,KitchenAid,KIT-APP-933,SNKI534714,SNKI534714,SNKI534714,2023-06-08,1604.62,Direct Factory Outlet,2023-06-08,2027-06-08,AssureX Extended Guard,Extended,2025-02-07,2025-02-09,Motor Failure,Drive motor hums loudly but will not spin drum under normal load.,Manufacturing,20,851,0,True,True,True,True,True,False,0,False,False,False,False,Likely Valid
CLM-00770,PRD-43136,Heavy-Duty Starter Motor,Automotive,Bosch Auto,BOS-AUT-921,SNBO149269,SNBO149269,SNBO149269,2025-04-01,317.53,NAPA Auto Parts,2025-04-01,2026-04-01,Bosch Auto Care Protection,Standard,2026-01-26,2026-01-27,Material Failure,Unspecified system degradation observed during normal operating routine.,Manufacturing,9,65,3,True,True,True,True,True,True,0,False,False,False,False,Manual Review Required
CLM-00862,PRD-72824,OLED 4K Smart TV,Electronics,Asus,ASU-ELE-532,SNAS229093,SNAS229093,SNAS229093,2023-12-25,1193.67,Amazon Electronics,2023-12-25,2026-12-24,AssureX Extended Guard,Extended,2024-05-26,2024-05-29,Display Defect,Vertical colored line artifacts appeared across OLED panel without impact.,Manufacturing,5,942,0,True,False,True,True,True,False,1,False,False,False,False,Likely Invalid
CLM-01562,PRD-25468,Convection Microwave Oven,Appliances,LG,LG-APP-521,SNLG468089,SNLG468089,SNLG468089,2025-03-10,361.8,Home Depot,2025-03-10,2029-03-10,AssureX Extended Guard,Extended,2029-06-24,2029-07-09,Compressor Failure,Compressor clicking repeatedly and unable to compress refrigerant.,Manufacturing,51,-106,0,True,True,True,True,True,False,0,False,False,False,False,Likely Invalid
CLM-00126,PRD-83512,Gaming Desktop Rig,Electronics,Asus,ASU-ELE-218,SNAS618951,SNAS618951,SNAS618951,2025-01-23,1602.69,B&H Photo,2025-01-23,2028-01-23,AssureX Extended Guard,Extended,2025-10-10,2025-10-24,Electrical Failure,No current flowing to main motor despite active input power.,Unauthorized Modification,8,835,2,False,True,True,True,True,False,1,False,False,True,False,Likely Invalid
CLM-00518,PRD-13103,Active Noise Cancelling Headphones,Electronics,Dell,DEL-ELE-777,SNDE851485,SNDE851485,SNDE851485,2024-05-14,266.66,B&H Photo,2024-05-14,2027-05-14,AssureX Extended Guard,Extended,2026-04-11,2026-04-20,Display Defect,Vertical colored line artifacts appeared across OLED panel without impact.,Unauthorized Modification,22,398,4,False,True,True,True,True,False,1,False,False,True,False,Likely Invalid
CLM-00070,PRD-76507,ProBook Laptop 15-inch,Electronics,Asus,ASU-ELE-569,SNAS435772,SNAS435772,SNAS435772,2024-05-29,775.56,Direct Manufacturer Store,2024-05-29,2026-05-29,Asus Care Protection,Standard,2025-04-20,2025-05-03,Display Defect,Vertical colored line artifacts appeared across OLED panel without impact.,Unauthorized Modification,10,404,4,False,True,True,True,True,False,1,False,False,True,False,Likely Invalid
CLM-01812,PRD-89425,ABS Wheel Speed Sensor,Automotive,Continental Auto,CON-AUT-982,SNCO695267,SNCO695267,SNCO695267,2024-10-28,108.9,NAPA Auto Parts,2024-10-28,2025-10-28,Continental Auto Care Protection,Standard,2025-04-29,2025-05-13,Material Failure,Unspecified system degradation observed during normal operating routine.,Manufacturing,6,182,0,True,True,True,True,True,False,0,False,False,False,False,Likely Valid
CLM-02463,PRD-15478,Tablet 11-inch Display,Electronics,Sony,SON-ELE-973,SNSO786171,SNSO786171,SNSO786171,2025-04-28,788.86,Direct Manufacturer Store,2025-04-28,2027-04-28,Sony Care Protection,Standard,2025-06-13,2025-06-17,Electrical Failure,No current flowing to main motor despite active input power.,Manufacturing,1,684,0,True,False,True,True,True,False,1,False,False,False,False,Likely Invalid
CLM-00029,PRD-14337,ABS Wheel Speed Sensor,Automotive,Brembo,BRE-AUT-341,SNBR608473,SNBR608473,SNBR608473,2024-06-16,87.62,RockAuto,2024-06-16,2025-06-16,Brembo Care Protection,Standard,2024-09-15,2024-09-25,Premature Wear,Bushing cracked prematurely during regular non-commercial transit.,Manufacturing,2,274,1,True,True,True,True,True,True,0,False,False,False,False,Likely Valid
CLM-00625,PRD-71571,Front-Load Washing Machine,Appliances,GE Appliances,GE -APP-932,SNGE959472,SNGE959472,SNGE959472,2023-01-31,807.19,Direct Factory Outlet,2023-01-31,2026-01-30,GE Appliances Care Protection,Standard,2024-12-18,2025-01-02,Manufacturing Defect,Factory assembly defect leading to unprovoked system failure.,Manufacturing,22,408,0,True,True,True,True,True,False,0,False,False,False,False,Likely Valid
CLM-00010,PRD-79766,Active Noise Cancelling Headphones,Electronics,LG,LG-ELE-428,SNLG310297,SNLG310297,SNLG310297,2024-05-10,259.57,B&H Photo,2024-05-10,2027-05-10,AssureX Extended Guard,Extended,2025-02-18,2025-02-23,Electrical Failure,Internal circuit shorted during regular use with standard power supply.,Electrical,9,811,0,True,True,True,True,True,False,0,False,False,False,False,Likely Valid
CLM-02245,PRD-89589,Active Noise Cancelling Headphones,Electronics,Dell,DEL-ELE-917,SNDE909395,SNDE909395,SNDE909395,2024-02-18,302.64,Amazon Electronics,2024-02-18,2026-02-17,Dell Care Protection,Standard,2024-05-10,2024-05-13,Manufacturing Defect,Internal solder joint loosened causing intermittent power disconnects.,Component Failure,2,648,1,False,True,True,True,True,False,1,False,False,False,False,Manual Review Required
CLM-00760,PRD-26571,ProBook Laptop 15-inch,Electronics,Lenovo,LEN-ELE-154,SNLE643114,SNLE643114,SNLE643114,2024-01-09,783.63,Amazon Electronics,2024-01-09,2026-01-08,Lenovo Care Protection,Standard,2025-01-12,2025-01-26,Display Defect,Vertical colored line artifacts appeared across OLED panel without impact.,Manufacturing,12,361,0,True,True,True,True,True,False,0,False,False,False,False,Likely Valid
CLM-02213,PRD-16576,Front-Load Washing Machine,Appliances,GE Appliances,GE -APP-542,SNGE831111,SNGE831111,SNGE831111,2023-12-09,1029.44,Lowe's,2023-12-09,2026-12-08,GE Appliances Care Protection,Standard,2025-03-09,2025-03-15,Thermostat Malfunction,Temperature reading fluctuating wildly causing erratic operation.,Unauthorized Modification,14,639,2,False,True,True,True,True,False,1,False,False,True,False,Likely Invalid
CLM-01316,PRD-28733,Tablet 11-inch Display,Electronics,HP,HP-ELE-114,SNHP395798,SNHP395798,SNHP395798,2024-10-09,707.78,Amazon Electronics,2024-10-09,2027-10-09,AssureX Extended Guard,Extended,2026-01-19,2026-01-23,Electrical Failure,Capacitor blown on the primary controller board without power surge.,Electrical,15,628,0,True,True,True,True,True,False,0,False,False,False,False,Likely Valid
CLM-01218,PRD-94688,Active Noise Cancelling Headphones,Electronics,Lenovo,LEN-ELE-703,SNLE897420,SNLE897420,SNLE897420,2023-01-20,266.22,Amazon Electronics,2023-01-20,2025-01-19,Lenovo Care Protection,Standard,2023-08-04,2023-08-08,Physical Impact,Unspecified system degradation observed during normal operating routine.,Physical Impact,6,534,0,True,True,True,True,True,False,0,False,False,True,False,Likely Invalid
CLM-01794,PRD-18424,Ceramic Brake Pad Set,Automotive,Denso,DEN-AUT-360,SNDE491974,SNDE491974,SNDE491974,2023-01-30,115.37,O'Reilly Auto,2023-01-30,2025-01-29,AssureX Extended Guard,Extended,2025-02-02,2025-02-06,Material Failure,Unspecified system degradation observed during normal operating routine.,Manufacturing,24,-4,0,True,True,True,True,True,False,0,False,False,False,True,Manual Review Required
CLM-02161,PRD-46772,Galaxy Ultra Smartphone,Electronics,Lenovo,LEN-ELE-760,SNLE872322,SNLE872322,SNLE872322,2023-06-26,1164.98,Amazon Electronics,2023-06-26,2025-06-25,Lenovo Care Protection,Standard,2024-06-24,2024-07-04,Component Failure,Sensor module stopped transmitting readings to the main board.,Manufacturing,11,366,0,True,True,True,True,True,False,0,False,False,False,False,Likely Valid
CLM-02278,PRD-91689,Front-Load Washing Machine,Appliances,GE Appliances,GE -APP-133,SNGE984752,SNGE984752,SNGE984752,2024-01-04,809.04,Home Depot,2024-01-04,2027-01-03,GE Appliances Care Protection,Standard,2025-09-04,2025-09-15,Commercial Use of Domestic Product,Machine installed in commercial 24-hour laundromat facility.,Commercial Use of Domestic Product,20,486,0,True,True,True,True,True,False,0,False,False,True,False,Likely Invalid
CLM-01498,PRD-15485,French Door Refrigerator,Appliances,Maytag,MAY-APP-749,SNMA688034,SNMA688034,SNMA688034,2023-01-22,1370.03,Lowe's,2023-01-22,2027-01-22,AssureX Extended Guard,Extended,2025-06-13,2025-06-17,Manufacturing Defect,Device shut down unexpectedly and fails to power back on under normal conditions.,Manufacturing,28,588,0,True,True,True,True,True,False,0,False,False,False,False,Likely Valid
CLM-02355,PRD-64680,ProBook Laptop 15-inch,Electronics,Apple,APP-ELE-297,SNAP112657,SNAP112657,SNAP112657,2024-12-31,863.0,B&H Photo,2024-12-31,2026-12-31,Apple Care Protection,Standard,2026-06-16,2026-06-24,Software Malfunction,Main OS freezes on start screen; hardware diagnostic passes.,Manufacturing,17,198,0,True,False,True,True,True,False,1,False,False,False,False,Likely Invalid
CLM-00963,PRD-65508,High Output Alternator,Automotive,K&N,K&N-AUT-189,SNK&279298,SNK&279298,SNK&279298,2024-04-29,369.7,RockAuto,2024-04-29,2025-04-29,K&N Care Protection,Standard,2024-06-21,2024-06-25,Premature Wear,"Brake pad friction compound deteriorated within 2,000 miles of highway driving.",Unauthorized Modification,1,312,3,False,True,True,True,True,False,1,False,False,True,False,Likely Invalid
CLM-01053,PRD-30139,Electric Range Oven,Appliances,LG,LG-APP-778,SNLG218124,SNLG218124,SNLG218124,2024-11-07,1247.94,Direct Factory Outlet,2024-11-07,2028-11-07,AssureX Extended Guard,Extended,2027-09-25,2027-10-02,Compressor Failure,Compressor clicking repeatedly and unable to compress refrigerant.,Manufacturing,34,409,3,True,True,True,True,True,True,0,False,False,False,False,Manual Review Required
CLM-00767,PRD-57378,Active Noise Cancelling Headphones,Electronics,LG,LG-ELE-486,SNLG462127,SNLG462127,SNLG462127,2025-03-12,309.31,BestBuy,2025-03-12,2027-03-12,LG Care Protection,Standard,2026-05-30,2026-06-06,Unauthorized Modification,Unspecified system degradation observed during normal operating routine.,Unauthorized Modification,14,286,0,True,True,True,True,True,False,0,False,False,True,False,Likely Invalid
CLM-02038,PRD-34209,Mirrorless Camera Body,Electronics,Sony,SON-ELE-998,SNSO375062,SNSO375062,SNSO375062,2025-03-09,1592.21,Target,2025-03-09,2027-03-09,Sony Care Protection,Standard,2026-05-06,2026-05-07,Electrical Failure,Capacitor blown on the primary controller board without power surge.,Electrical,13,307,1,True,True,True,True,True,True,0,False,False,False,False,Likely Valid
CLM-02399,PRD-21832,Performance Shock Absorbers,Automotive,K&N,K&N-AUT-258,SNK&287541,SNK&287541,SNK&287541,2023-09-30,433.03,O'Reilly Auto,2023-09-30,2024-09-29,K&N Care Protection,Standard,2023-12-28,2024-01-06,Manufacturing Defect,Device shut down unexpectedly and fails to power back on under normal conditions.,Manufacturing,2,276,1,True,True,True,True,True,True,0,False,False,False,False,Likely Valid
CLM-01533,PRD-43682,French Door Refrigerator,Appliances,Bosch,BOS-APP-143,SNBO124258,SNBO124258,SNBO124258,2023-06-04,1586.3,Home Depot,2023-06-04,2026-06-03,Bosch Care Protection,Standard,2025-03-14,2025-03-29,Manufacturing Defect,Device shut down unexpectedly and fails to power back on under normal conditions.,Manufacturing,21,446,1,True,True,True,True,True,True,0,False,False,False,False,Likely Valid
CLM-02180,PRD-58332,ProBook Laptop 15-inch,Electronics,HP,HP-ELE-511,SNHP655711,SNHP655711,SNHP655711,2023-04-04,765.77,Direct Manufacturer Store,2023-04-04,2025-04-03,HP Care Protection,Standard,2023-12-07,2023-12-21,Display Defect,Vertical colored line artifacts appeared across OLED panel without impact.,Manufacturing,8,483,0,True,True,True,True,True,False,0,False,False,False,False,Likely Valid
CLM-01425,PRD-53384,Galaxy Ultra Smartphone,Electronics,LG,LG-ELE-565,SNLG843899,SNLG843899,SNLG843899,2024-06-15,899.51,BestBuy,2024-06-15,2026-06-15,LG Care Protection,Standard,2026-03-21,2026-03-23,Software Malfunction,Main OS freezes on start screen; hardware diagnostic passes.,Unauthorized Modification,21,86,4,False,True,True,True,True,False,1,False,False,True,False,Likely Invalid
CLM-02068,PRD-53290,Electric Range Oven,Appliances,GE Appliances,GE -APP-820,SNGE451230,SNGE451230,SNGE451230,2024-11-10,1044.7,Sears Appliance Outlet,2024-11-10,2028-11-10,AssureX Extended Guard,Extended,2024-09-27,2024-11-19,Motor Failure,"Motor winding resistance out of spec, causing tripping.",Manufacturing,0,1505,0,True,True,True,True,True,False,0,False,True,False,True,Manual Review Required
CLM-00426,PRD-58436,Active Noise Cancelling Headphones,Electronics,Sony,SON-ELE-106,SNSO612088,SNSO612088,SNSO612088,2023-11-12,331.24,BestBuy,2023-11-12,2025-11-11,Sony Care Protection,Standard,2025-02-20,2025-02-28,Display Defect,Vertical colored line artifacts appeared across OLED panel without impact.,Manufacturing,15,264,3,True,True,True,True,True,True,0,False,False,False,False,Manual Review Required
CLM-01474,PRD-74597,High Output Alternator,Automotive,Continental Auto,CON-AUT-531,SNCO152500,SNCO152500,SNCO152500,2023-06-27,392.67,O'Reilly Auto,2023-06-27,2024-06-26,Continental Auto Care Protection,Standard,2023-06-22,2023-07-05,Manufacturing Defect,Device shut down unexpectedly and fails to power back on under normal conditions.,Manufacturing,0,370,0,True,True,True,True,True,False,0,False,True,False,False,Manual Review Required
CLM-00408,PRD-96406,Convection Microwave Oven,Appliances,GE Appliances,GE -APP-139,SNGE745448,SNGE745448,SNGE745448,2024-01-25,307.11,Sears Appliance Outlet,2024-01-25,2027-01-24,GE Appliances Care Protection,Standard,2027-05-02,2027-05-22,Control Board Failure,Unspecified system degradation observed during normal operating routine.,Manufacturing,39,-98,0,True,True,True,True,True,False,0,False,False,False,False,Likely Invalid
CLM-00368,PRD-38869,Heavy-Duty Clothes Dryer,Appliances,GE Appliances,GE -APP-755,SNGE121734,SNGE121734,SNGE121734,2023-08-09,727.33,Costco,2023-08-09,2026-08-08,GE Appliances Care Protection,Standard,2023-11-10,2023-11-14,Electrical Wiring Defect,Cooling fan bearing seized up leading to emergency thermal shutdown.,Component Failure,3,1002,1,False,True,True,True,True,False,1,False,False,False,False,Manual Review Required
CLM-02257,PRD-30112,Front-Load Washing Machine,Appliances,KitchenAid,KIT-APP-822,SNKI329562,SNKI329562,SNKI329562,2023-10-11,874.72,Sears Appliance Outlet,2023-10-11,2027-10-11,AssureX Extended Guard,Extended,2026-06-10,2026-06-15,Electrical Wiring Defect,Unspecified system degradation observed during normal operating routine.,Electrical,31,488,0,True,True,True,True,True,False,0,False,False,False,False,Likely Valid
CLM-01253,PRD-93309,French Door Refrigerator,Appliances,Bosch,BOS-APP-345,SNBO755255,SNBO755255,SNBO755255,2023-09-30,1436.83,Home Depot,2023-09-30,2027-09-30,AssureX Extended Guard,Extended,2027-08-07,2027-08-12,Pest Infestation Damage,Unspecified system degradation observed during normal operating routine.,Pest Infestation Damage,46,54,0,True,True,True,True,True,False,0,False,False,True,False,Likely Invalid
CLM-00428,PRD-69436,Galaxy Ultra Smartphone,Electronics,Dell,DEL-ELE-434,SNDE264340,SNDE264340,SNDE264340,2025-03-07,1051.77,B&H Photo,2025-03-07,2027-03-07,Dell Care Protection,Standard,2026-06-20,2026-07-02,Software Malfunction,Main OS freezes on start screen; hardware diagnostic passes.,Manufacturing,15,260,0,True,True,True,True,True,False,0,False,False,False,False,Likely Valid
CLM-02470,PRD-83864,Heavy-Duty Starter Motor,Automotive,ACDelco,ACD-AUT-460,SNAC141381,SNAC141381,SNAC141381,2024-05-16,275.95,Advance Auto Parts,2024-05-16,2025-05-16,ACDelco Care Protection,Standard,2024-08-19,2024-09-02,Racing or Off-Road Use,Parts subjected to high-temperature track day racing conditions.,Racing or Off-Road Use,3,270,0,True,True,True,True,True,False,0,False,False,True,False,Likely Invalid
CLM-00385,PRD-32871,Tablet 11-inch Display,Electronics,Dell,DEL-ELE-823,SNDE650560,SNDE650560,SNDE650560,2023-08-24,654.06,BestBuy,2023-08-24,2025-08-23,Dell Care Protection,Standard,2025-01-05,2025-01-17,Electrical Failure,No current flowing to main motor despite active input power.,Manufacturing,16,230,0,True,False,True,True,True,False,1,False,False,False,False,Likely Invalid
CLM-01330,PRD-73829,Electric Range Oven,Appliances,Maytag,MAY-APP-587,SNMA725346,SNMA725346,SNMA725346,2023-07-29,1148.31,Direct Factory Outlet,2023-07-29,2026-07-28,Maytag Care Protection,Standard,2024-12-18,2024-12-21,Electrical Wiring Defect,Unspecified system degradation observed during normal operating routine.,Electrical,16,587,0,True,True,True,True,True,False,0,False,False,False,False,Likely Valid
CLM-01965,PRD-54045,Heavy-Duty Clothes Dryer,Appliances,Samsung,SAM-APP-903,SNSA859193,SNSA859193,SNSA859193,2023-07-07,799.58,Sears Appliance Outlet,2023-07-07,2026-07-06,Samsung Care Protection,Standard,2025-08-16,2025-08-20,Electrical Wiring Defect,Unspecified system degradation observed during normal operating routine.,Electrical,25,324,1,True,True,True,True,True,True,0,False,False,False,False,Likely Valid
CLM-00517,PRD-10743,Smart Watch Series 7,Electronics,HP,HP-ELE-415,SNHP545957,SNHP545957,SNHP545957,2024-09-19,429.05,Target,2024-09-19,2026-09-19,HP Care Protection,Standard,2025-10-16,2025-10-27,Electrical Failure,No current flowing to main motor despite active input power.,Unauthorized Modification,12,338,3,False,True,True,True,True,False,1,False,False,True,True,Likely Invalid
CLM-01413,PRD-89429,Smart Watch Series 7,Electronics,LG,LG-ELE-434,SNLG263100,SNLG263100,SNLG263100,2024-04-06,423.1,B&H Photo,2024-04-06,2026-04-06,LG Care Protection,Standard,2024-07-24,2024-07-29,Manufacturing Defect,Internal solder joint loosened causing intermittent power disconnects.,Manufacturing,3,621,0,True,True,False,True,True,False,1,False,False,False,False,Likely Valid
CLM-01099,PRD-28043,Heavy-Duty Clothes Dryer,Appliances,GE Appliances,GE -APP-778,SNGE986810,SNGE986810,SNGE986810,2024-04-09,881.98,Home Depot,2024-04-09,2027-04-09,GE Appliances Care Protection,Standard,2024-10-23,2024-10-31,Manufacturing Defect,Factory assembly defect leading to unprovoked system failure.,Unauthorized Modification,6,898,3,False,True,True,True,True,False,1,False,False,True,False,Likely Invalid
CLM-02002,PRD-60462,Smart Dishwasher 24-inch,Appliances,Samsung,SAM-APP-106,SNSA581341,SNSA581341,SNSA581341,2024-09-30,642.9,Costco,2024-09-30,2027-09-30,Samsung Care Protection,Standard,2026-04-28,2026-04-29,Manufacturing Defect,Internal solder joint loosened causing intermittent power disconnects.,Manufacturing,18,520,1,True,True,True,True,True,True,0,False,False,False,False,Likely Valid
CLM-02334,PRD-36482,French Door Refrigerator,Appliances,GE Appliances,GE -APP-728,SNGE446893,SNGE446893,SNGE446893,2024-07-10,1875.79,Sears Appliance Outlet,2024-07-10,2027-07-10,GE Appliances Care Protection,Standard,2027-08-11,2027-08-17,Thermostat Malfunction,Temperature reading fluctuating wildly causing erratic operation.,Manufacturing,37,-32,0,True,True,True,True,True,False,0,False,False,False,False,Likely Invalid
CLM-02427,PRD-89652,Tablet 11-inch Display,Electronics,Dell,DEL-ELE-219,SNDE521688,SNDE521688,SNDE521688,2024-05-25,557.24,Target,2024-05-25,2027-05-25,AssureX Extended Guard,Extended,2026-07-28,2026-07-31,Component Failure,Cooling fan bearing seized up leading to emergency thermal shutdown.,Unauthorized Modification,26,301,3,False,True,True,True,True,False,1,False,False,True,False,Likely Invalid
CLM-00764,PRD-94875,Smart Watch Series 7,Electronics,Dell,DEL-ELE-924,SNDE203033,SNDE203033,SNDE203033,2024-07-31,409.21,Direct Manufacturer Store,2024-07-31,2026-07-31,Dell Care Protection,Standard,2026-09-27,2026-10-10,Software Malfunction,Main OS freezes on start screen; hardware diagnostic passes.,Manufacturing,25,-58,0,True,True,True,True,True,False,0,False,False,False,False,Likely Invalid
CLM-01799,PRD-98652,Mirrorless Camera Body,Electronics,Sony,SON-ELE-608,SNSO524245,SNSO524245,SNSO524245,2023-11-05,1333.63,B&H Photo,2023-11-05,2025-11-04,Sony Care Protection,Standard,2024-03-16,2024-03-29,Manufacturing Defect,Device shut down unexpectedly and fails to power back on under normal conditions.,Manufacturing,4,598,0,True,True,False,True,True,False,1,False,False,False,False,Likely Valid
CLM-01936,PRD-63502,Heavy-Duty Starter Motor,Automotive,K&N,K&N-AUT-960,SNK&979003,SNK&979003,SNK&979003,2023-11-21,312.49,NAPA Auto Parts,2023-11-21,2024-11-20,K&N Care Protection,Standard,2024-02-17,2024-02-25,Electrical Component Failure,Unspecified system degradation observed during normal operating routine.,Electrical,2,277,0,True,True,True,True,True,False,0,False,False,False,False,Likely Valid
CLM-00194,PRD-54352,ABS Wheel Speed Sensor,Automotive,Bosch Auto,BOS-AUT-240,SNBO497329,SNBO497329,SNBO497329,2023-11-23,105.64,AutoZone,2023-11-23,2024-11-22,Bosch Auto Care Protection,Standard,2024-05-11,2024-05-15,Material Failure,Unspecified system degradation observed during normal operating routine.,Manufacturing,5,195,0,True,True,True,True,True,False,0,False,False,False,False,Likely Valid
CLM-01296,PRD-23441,Convection Microwave Oven,Appliances,KitchenAid,KIT-APP-489,SNKI112658,SNKI112658,SNKI112658,2024-10-14,302.05,Costco,2024-10-14,2027-10-14,KitchenAid Care Protection,Standard,2027-03-29,2027-03-30,Thermostat Malfunction,Temperature reading fluctuating wildly causing erratic operation.,Manufacturing,29,199,0,True,False,True,True,True,False,1,False,False,False,False,Likely Invalid
CLM-01815,PRD-86237,Mirrorless Camera Body,Electronics,HP,HP-ELE-113,SNHP347774,SNHP347774,SNHP347774,2024-06-12,1756.93,Target,2024-06-12,2026-06-12,HP Care Protection,Standard,2025-07-09,2025-07-15,Manufacturing Defect,Device shut down unexpectedly and fails to power back on under normal conditions.,Manufacturing,12,338,0,True,True,True,True,True,False,0,False,False,False,False,Likely Valid
CLM-01522,PRD-73413,OLED 4K Smart TV,Electronics,Samsung,SAM-ELE-802,SNSA784902,SNSA784902,SNSA784902,2025-01-21,1430.76,Direct Manufacturer Store,2025-01-21,2027-01-21,Samsung Care Protection,Standard,2026-04-22,2026-05-03,Manufacturing Defect,Device shut down unexpectedly and fails to power back on under normal conditions.,Manufacturing,14,274,1,True,True,True,True,True,True,0,False,False,False,False,Likely Valid
CLM-02099,PRD-25896,Heavy-Duty Clothes Dryer,Appliances,Bosch,BOS-APP-773,SNBO501630,SNBO501630,SNBO501630,2025-05-21,932.04,Home Depot,2025-05-21,2029-05-21,AssureX Extended Guard,Extended,2027-06-03,2027-06-17,Manufacturing Defect,Factory assembly defect leading to unprovoked system failure.,Manufacturing,24,718,0,True,True,True,True,True,False,0,False,False,False,False,Likely Valid
CLM-01687,PRD-46690,High Output Alternator,Automotive,Denso,DEN-AUT-731,SNDE718016,SNDE718016,SNDE718016,2024-08-11,415.35,O'Reilly Auto,2024-08-11,2025-08-11,Denso Care Protection,Standard,2024-09-24,2024-10-08,Electrical Component Failure,Unspecified system degradation observed during normal operating routine.,Unauthorized Modification,1,321,4,False,True,True,True,True,False,1,False,False,True,False,Likely Invalid
CLM-00683,PRD-51184,Gaming Desktop Rig,Electronics,Samsung,SAM-ELE-272,SNSA926351,SNSA926351,SNSA926351,2024-07-02,1871.46,Amazon Electronics,2024-07-02,2027-07-02,AssureX Extended Guard,Extended,2025-09-19,2025-09-23,Software Malfunction,Main OS freezes on start screen; hardware diagnostic passes.,Manufacturing,14,651,1,True,True,True,True,True,True,0,False,False,False,False,Likely Valid
CLM-02127,PRD-49848,ProBook Laptop 15-inch,Electronics,Asus,ASU-ELE-679,SNAS162436,SNAS162436,SNAS162436,2023-10-04,961.82,Amazon Electronics,2023-10-04,2025-10-03,Asus Care Protection,Standard,2025-10-10,2025-10-15,Manufacturing Defect,Factory assembly defect leading to unprovoked system failure.,Manufacturing,24,-7,0,True,True,True,True,True,False,0,False,False,False,False,Manual Review Required
CLM-01985,PRD-40138,Tablet 11-inch Display,Electronics,LG,LG-ELE-523,SNLG117467,SNLG117467,SNLG117467,2024-03-23,638.14,Direct Manufacturer Store,2024-03-23,2026-03-23,LG Care Protection,Standard,2024-11-11,2024-11-14,Electrical Failure,Internal circuit shorted during regular use with standard power supply.,Electrical,7,497,0,True,True,True,True,True,False,0,False,False,False,False,Likely Valid
CLM-00431,PRD-59845,ProBook Laptop 15-inch,Electronics,Dell,DEL-ELE-139,SNDE538471,SNDE538471,SNDE538471,2023-12-31,956.41,Direct Manufacturer Store,2023-12-31,2025-12-30,Dell Care Protection,Standard,2025-07-26,2025-07-29,Software Malfunction,System firmware entered boot loop following manufacturer OTA update.,Component Failure,18,157,1,False,True,True,True,True,False,1,False,False,False,False,Manual Review Required
CLM-01691,PRD-82174,Heavy-Duty Starter Motor,Automotive,Brembo,BRE-AUT-919,SNBR131314,SNBR131314,SNBR131314,2025-04-03,270.89,NAPA Auto Parts,2025-04-03,2027-04-03,AssureX Extended Guard,Extended,2025-05-31,2025-06-11,Premature Wear,"Brake pad friction compound deteriorated within 2,000 miles of highway driving.",Unauthorized Modification,1,672,2,False,True,True,True,True,False,1,False,False,True,False,Likely Invalid
CLM-00347,PRD-33580,ABS Wheel Speed Sensor,Automotive,Monroe,MON-AUT-643,SNMO469364,SNMO469364,SNMO469364,2024-05-16,95.89,AutoZone,2024-05-16,2026-05-16,AssureX Extended Guard,Extended,2025-10-11,2025-10-14,Material Failure,Unspecified system degradation observed during normal operating routine.,Manufacturing,16,217,0,True,True,True,True,True,False,0,False,False,False,False,Likely Valid
CLM-01737,PRD-71567,Electronic Fuel Injector Kit,Automotive,Brembo,BRE-AUT-439,SNBR895262,SNBR895262,SNBR895262,2025-01-10,489.89,Advance Auto Parts,2025-01-10,2027-01-10,AssureX Extended Guard,Extended,2026-06-09,2026-06-13,Manufacturing Defect,Internal solder joint loosened causing intermittent power disconnects.,Manufacturing,16,215,0,True,True,True,True,True,False,0,False,False,False,False,Likely Valid
CLM-00332,PRD-90774,Galaxy Ultra Smartphone,Electronics,Samsung,SAM-ELE-925,SNSA977904,SNSA977904,SNSA977904,2024-09-30,890.63,BestBuy,2024-09-30,2026-09-30,Samsung Care Protection,Standard,2026-07-30,2026-08-08,Manufacturing Defect,Internal solder joint loosened causing intermittent power disconnects.,Unauthorized Modification,21,62,4,False,True,True,True,True,False,1,False,False,True,False,Likely Invalid
CLM-00067,PRD-58745,Mirrorless Camera Body,Electronics,Apple,APP-ELE-275,SNAP927607,SNAP927607,SNAP927607,2024-03-23,1383.3,Target,2024-03-23,2026-03-23,Apple Care Protection,Standard,2024-09-23,2024-09-29,Software Malfunction,System firmware entered boot loop following manufacturer OTA update.,Manufacturing,6,546,0,True,True,True,True,True,False,0,False,False,False,False,Likely Valid
CLM-00976,PRD-25534,ProBook Laptop 15-inch,Electronics,Lenovo,LEN-ELE-254,SNLE695055,SNLE695055,SNLE695055,2024-10-14,750.09,Amazon Electronics,2024-10-14,2027-10-14,AssureX Extended Guard,Extended,2028-03-10,2028-03-13,Software Malfunction,Main OS freezes on start screen; hardware diagnostic passes.,Manufacturing,40,-148,0,True,True,True,True,True,False,0,False,False,False,False,Likely Invalid
CLM-02147,PRD-54908,French Door Refrigerator,Appliances,KitchenAid,KIT-APP-126,SNKI725633,SNKI725633,SNKI725633,2023-06-16,1622.86,Sears Appliance Outlet,2023-06-16,2026-06-15,KitchenAid Care Protection,Standard,2025-02-08,2025-02-12,Thermostat Malfunction,"Thermostat stuck open, temperature never reaches target threshold.",Manufacturing,19,492,0,True,True,True,True,True,False,0,False,False,False,False,Likely Valid
CLM-02331,PRD-42741,Mirrorless Camera Body,Electronics,HP,HP-ELE-388,SNHP191055,SNHP191055,SNHP191055,2024-10-13,1539.4,B&H Photo,2024-10-13,2027-10-13,AssureX Extended Guard,Extended,2027-12-18,2027-12-20,Display Defect,Vertical colored line artifacts appeared across OLED panel without impact.,Manufacturing,38,-66,0,True,True,True,True,True,False,0,False,False,False,False,Likely Invalid
CLM-00866,PRD-66909,French Door Refrigerator,Appliances,Maytag,MAY-APP-240,SNMA977417,SNMA977417,SNMA977417,2023-01-05,1878.46,Costco,2023-01-05,2026-01-04,Maytag Care Protection,Standard,2023-08-02,2023-08-11,Manufacturing Defect,Device shut down unexpectedly and fails to power back on under normal conditions.,Manufacturing,6,886,0,True,True,True,True,True,False,0,False,False,False,False,Likely Valid
CLM-02272,PRD-92206,Performance Shock Absorbers,Automotive,Bosch Auto,BOS-AUT-882,SNBO484894,SNBO484894,SNBO484894,2023-08-27,350.42,AutoZone,2023-08-27,2024-08-26,Bosch Auto Care Protection,Standard,2023-11-15,2023-11-21,Premature Wear,"Brake pad friction compound deteriorated within 2,000 miles of highway driving.",Manufacturing,2,285,3,True,True,True,True,True,True,0,False,False,False,False,Manual Review Required
CLM-00869,PRD-57332,Active Noise Cancelling Headphones,Electronics,Asus,ASU-ELE-440,SNAS183579,SNAS183579,SNAS183579,2025-04-04,346.5,B&H Photo,2025-04-04,2027-04-04,Asus Care Protection,Standard,2026-03-07,2026-03-11,Component Failure,Sensor module stopped transmitting readings to the main board.,Unauthorized Modification,11,393,2,False,True,True,True,True,False,1,False,False,True,False,Likely Invalid
CLM-02261,PRD-14317,High Output Alternator,Automotive,Continental Auto,CON-AUT-720,SNCO260252,SNCO260252,SNCO260252,2023-05-16,311.6,O'Reilly Auto,2023-05-16,2024-05-15,Continental Auto Care Protection,Standard,2024-01-02,2024-01-05,Seal or Gasket Failure,Unspecified system degradation observed during normal operating routine.,Manufacturing,7,134,3,True,True,True,True,True,True,0,False,False,False,False,Manual Review Required
CLM-01321,PRD-62535,High Output Alternator,Automotive,Continental Auto,CON-AUT-814,SNCO858473,SNCO858473,SNCO858473,2024-04-20,323.74,O'Reilly Auto,2024-04-20,2026-04-20,AssureX Extended Guard,Extended,2025-12-29,2026-01-08,Seal or Gasket Failure,No current flowing to main motor despite active input power.,Electrical Failure,20,112,0,True,True,True,True,False,False,1,False,False,False,False,Manual Review Required
CLM-00611,PRD-11762,Front-Load Washing Machine,Appliances,GE Appliances,GE -APP-897,SNGE191631,SNGE191631,SNGE191631,2024-06-13,1016.15,Home Depot,2024-06-13,2027-06-13,GE Appliances Care Protection,Standard,2027-02-11,2027-02-22,Damage from Improper Installation,Unspecified system degradation observed during normal operating routine.,Damage from Improper Installation,31,122,0,True,True,True,True,True,False,0,False,False,True,False,Likely Invalid
CLM-01921,PRD-16327,Electronic Fuel Injector Kit,Automotive,Continental Auto,CON-AUT-687,SNCO681744,SNCO681744,SNCO681744,2023-08-04,377.95,Advance Auto Parts,2023-08-04,2025-08-03,AssureX Extended Guard,Extended,2024-09-24,2024-09-29,Electrical Component Failure,Unspecified system degradation observed during normal operating routine.,Manufacturing,13,313,0,True,False,True,True,True,False,1,False,False,False,False,Likely Invalid
CLM-00570,PRD-88843,Electronic Fuel Injector Kit,Automotive,Monroe,MON-AUT-847,SNMO269038,SNMO269038,SNMO269038,2023-10-06,480.07,Advance Auto Parts,2023-10-06,2024-10-05,Monroe Care Protection,Standard,2025-02-28,2025-03-05,Material Failure,Unspecified system degradation observed during normal operating routine.,Manufacturing,16,-146,0,True,True,True,True,True,False,0,False,False,False,False,Likely Invalid
CLM-00120,PRD-13771,Active Noise Cancelling Headphones,Electronics,LG,LG-ELE-528,SNLG289131,SNLG289157,SNLG289131,2024-03-26,283.75,Amazon Electronics,2024-03-26,2026-03-26,LG Care Protection,Standard,2026-01-17,2026-01-25,Electrical Failure,Capacitor blown on the primary controller board without power surge.,Manufacturing,21,68,0,True,True,True,True,True,False,0,True,False,False,False,Manual Review Required
CLM-01135,PRD-84958,ABS Wheel Speed Sensor,Automotive,ACDelco,ACD-AUT-670,SNAC192873,SNAC192873,SNAC192873,2023-02-20,117.87,AutoZone,2023-02-20,2025-02-19,AssureX Extended Guard,Extended,2023-11-05,2023-11-15,Seal or Gasket Failure,Unspecified system degradation observed during normal operating routine.,Manufacturing,8,472,1,True,True,True,True,True,True,0,False,False,False,False,Likely Valid
CLM-01693,PRD-42977,Smart Watch Series 7,Electronics,Asus,ASU-ELE-263,SNAS644624,SNAS644624,SNAS644624,2023-09-02,418.48,BestBuy,2023-09-02,2025-09-01,Asus Care Protection,Standard,2024-10-06,2024-10-13,Electrical Failure,Capacitor blown on the primary controller board without power surge.,Manufacturing,13,330,3,True,True,True,True,True,True,0,False,False,False,False,Manual Review Required
CLM-00520,PRD-47255,Heavy-Duty Clothes Dryer,Appliances,Whirlpool,WHI-APP-450,SNWH389455,SNWH389455,SNWH389455,2023-06-22,852.13,Costco,2023-06-22,2027-06-22,AssureX Extended Guard,Extended,2024-06-12,2024-06-27,Control Board Failure,Unspecified system degradation observed during normal operating routine.,Manufacturing,11,1105,1,True,True,False,True,True,True,1,False,False,False,False,Likely Valid
CLM-02333,PRD-50783,Convection Microwave Oven,Appliances,Maytag,MAY-APP-450,SNMA902417,SNMA902417,SNMA902417,2024-07-08,394.13,Costco,2024-07-08,2027-07-08,Maytag Care Protection,Standard,2024-06-14,2024-07-14,Motor Failure,"Motor winding resistance out of spec, causing tripping.",Manufacturing,0,1119,0,True,True,True,True,True,False,0,False,True,False,False,Manual Review Required
CLM-00650,PRD-24664,Active Noise Cancelling Headphones,Electronics,Apple,APP-ELE-944,SNAP826888,SNAP826888,SNAP826888,2025-02-17,282.39,Target,2025-02-17,2027-02-17,Apple Care Protection,Standard,2026-02-27,2026-03-01,Display Defect,Vertical colored line artifacts appeared across OLED panel without impact.,Manufacturing,12,355,0,True,True,False,True,True,False,1,False,False,False,False,Likely Valid
CLM-02454,PRD-59566,Tablet 11-inch Display,Electronics,Sony,SON-ELE-563,SNSO335249,SNSO335249,SNSO335249,2024-11-20,601.07,Amazon Electronics,2024-11-20,2027-11-20,AssureX Extended Guard,Extended,2026-03-02,2026-03-08,Software Malfunction,Main OS freezes on start screen; hardware diagnostic passes.,Manufacturing,15,628,0,True,True,True,True,True,False,0,False,False,False,False,Likely Valid
CLM-01694,PRD-65982,Heavy-Duty Clothes Dryer,Appliances,Samsung,SAM-APP-691,SNSA511358,SNSA511358,SNSA511358,2023-01-13,779.11,Home Depot,2023-01-13,2026-01-12,Samsung Care Protection,Standard,2024-01-11,2024-01-24,Motor Failure,"Motor winding resistance out of spec, causing tripping.",Manufacturing,11,732,0,True,True,True,True,True,False,0,False,False,False,False,Likely Valid
CLM-02000,PRD-37611,ProBook Laptop 15-inch,Electronics,Dell,DEL-ELE-602,SNDE402478,SNDE402478,SNDE402478,2023-11-30,920.85,BestBuy,2023-11-30,2025-11-29,Dell Care Protection,Standard,2024-06-08,2024-06-11,Electrical Failure,No current flowing to main motor despite active input power.,Electrical,6,539,0,True,True,True,True,True,False,0,False,False,False,False,Likely Valid
CLM-00663,PRD-72636,Electronic Fuel Injector Kit,Automotive,Denso,DEN-AUT-775,SNDE672437,SNDE672437,SNDE672437,2023-04-14,419.72,O'Reilly Auto,2023-04-14,2024-04-13,Denso Care Protection,Standard,2023-12-11,2023-12-13,Seal or Gasket Failure,Unspecified system degradation observed during normal operating routine.,Manufacturing,7,124,3,True,True,True,True,True,True,0,False,False,False,False,Manual Review Required
CLM-02318,PRD-58361,Convection Microwave Oven,Appliances,Whirlpool,WHI-APP-419,SNWH854860,SNWH854860,SNWH854860,2023-12-06,352.09,Home Depot,2023-12-06,2026-12-05,Whirlpool Care Protection,Standard,2025-11-17,2025-11-19,Compressor Failure,Compressor clicking repeatedly and unable to compress refrigerant.,Manufacturing,23,383,0,True,True,False,True,True,False,1,False,False,False,False,Likely Valid
CLM-00382,PRD-28571,Galaxy Ultra Smartphone,Electronics,Asus,ASU-ELE-542,SNAS253350,SNAS253350,SNAS253350,2024-01-09,1103.37,Amazon Electronics,2024-01-09,2026-01-08,Asus Care Protection,Standard,2025-01-13,2025-01-25,Display Defect,Backlight flickering continuously on left half of screen.,Manufacturing,12,360,1,True,True,True,True,True,True,0,False,False,False,False,Likely Valid
CLM-00177,PRD-90405,Mirrorless Camera Body,Electronics,Sony,SON-ELE-796,SNSO843647,SNSO843647,SNSO843647,2024-04-15,1440.04,BestBuy,2024-04-15,2026-04-15,Sony Care Protection,Standard,2024-11-29,2024-12-07,Software Malfunction,System firmware entered boot loop following manufacturer OTA update.,Manufacturing,7,502,1,True,True,False,True,True,True,1,False,False,False,False,Likely Valid
CLM-00305,PRD-27510,Active Noise Cancelling Headphones,Electronics,Sony,SON-ELE-971,SNSO117987,SNSO117987,SNSO117987,2023-06-21,278.59,Target,2023-06-21,2025-06-20,Sony Care Protection,Standard,2024-07-24,2024-08-07,Electrical Failure,No current flowing to main motor despite active input power.,Manufacturing,13,331,0,True,False,True,True,True,False,1,False,False,False,False,Likely Invalid
CLM-02024,PRD-67793,Electric Range Oven,Appliances,KitchenAid,KIT-APP-364,SNKI448930,SNKI448930,SNKI448930,2024-06-26,1321.11,Lowe's,2024-06-26,2027-06-26,KitchenAid Care Protection,Standard,2026-06-27,2026-07-11,Manufacturing Defect,Factory assembly defect leading to unprovoked system failure.,Manufacturing,24,364,1,True,True,True,True,True,True,0,False,False,False,False,Likely Valid
CLM-01966,PRD-11503,Heavy-Duty Clothes Dryer,Appliances,Maytag,MAY-APP-604,SNMA180533,SNMA180533,SNMA180533,2024-04-28,834.57,Direct Factory Outlet,2024-04-28,2027-04-28,Maytag Care Protection,Standard,2025-04-26,2025-05-09,Damage from Improper Installation,Unspecified system degradation observed during normal operating routine.,Damage from Improper Installation,11,732,0,True,True,True,True,True,False,0,False,False,True,True,Likely Invalid
CLM-00523,PRD-61944,French Door Refrigerator,Appliances,KitchenAid,KIT-APP-243,SNKI224980,SNKI224980,SNKI224980,2025-01-25,1771.03,Costco,2025-01-25,2028-01-25,KitchenAid Care Protection,Standard,2025-06-27,2025-07-06,Compressor Failure,Compressor clicking repeatedly and unable to compress refrigerant.,Manufacturing,5,942,3,True,True,True,True,True,True,0,False,False,False,False,Manual Review Required
CLM-00167,PRD-21930,OLED 4K Smart TV,Electronics,Lenovo,LEN-ELE-980,SNLE653545,SNLE653545,SNLE653545,2023-06-28,1172.34,B&H Photo,2023-06-28,2025-06-27,Lenovo Care Protection,Standard,2024-07-18,2024-07-21,Software Malfunction,System firmware entered boot loop following manufacturer OTA update.,Manufacturing,12,344,0,True,True,True,True,True,False,0,False,False,False,False,Likely Valid
CLM-02451,PRD-91766,High Output Alternator,Automotive,Continental Auto,CON-AUT-502,SNCO167808,SNCO167808,SNCO167808,2025-01-02,321.31,AutoZone,2025-01-02,2026-01-02,Continental Auto Care Protection,Standard,2025-03-20,2025-04-03,Premature Wear,Bushing cracked prematurely during regular non-commercial transit.,Manufacturing,2,288,0,True,True,True,True,True,False,0,False,False,False,False,Likely Valid
CLM-01842,PRD-29476,Ceramic Brake Pad Set,Automotive,Brembo,BRE-AUT-843,SNBR285189,SNBR285189,SNBR285189,2024-06-24,102.57,AutoZone,2024-06-24,2025-06-24,Brembo Care Protection,Standard,2024-10-15,2024-10-26,Premature Wear,"Brake pad friction compound deteriorated within 2,000 miles of highway driving.",Unauthorized Modification,3,252,4,False,True,True,True,True,False,1,False,False,True,False,Likely Invalid
CLM-01372,PRD-75804,Front-Load Washing Machine,Appliances,GE Appliances,GE -APP-153,SNGE832288,SNGE832288,SNGE832288,2023-03-22,902.13,Sears Appliance Outlet,2023-03-22,2026-03-21,GE Appliances Care Protection,Standard,2023-12-13,2023-12-25,Control Board Failure,Unspecified system degradation observed during normal operating routine.,Manufacturing,8,829,0,True,True,True,True,True,False,0,False,False,False,False,Likely Valid
CLM-00954,PRD-18442,Ceramic Brake Pad Set,Automotive,ACDelco,ACD-AUT-618,SNAC741282,SNAC741282,SNAC741282,2023-04-22,135.54,O'Reilly Auto,2023-04-22,2024-04-21,ACDelco Care Protection,Standard,2023-11-22,2023-12-02,Manufacturing Defect,Factory assembly defect leading to unprovoked system failure.,Manufacturing,7,151,0,True,True,True,True,True,False,0,False,False,False,False,Likely Valid
CLM-00157,PRD-77692,Gaming Desktop Rig,Electronics,Apple,APP-ELE-632,SNAP873337,SNAP873337,SNAP873337,2023-10-27,1755.75,B&H Photo,2023-10-27,2025-10-26,Apple Care Protection,Standard,2024-03-05,2024-03-08,Component Failure,Sensor module stopped transmitting readings to the main board.,Unauthorized Modification,4,600,3,False,True,True,True,True,False,1,False,False,True,False,Likely Invalid
CLM-01360,PRD-43442,Convection Microwave Oven,Appliances,KitchenAid,KIT-APP-495,SNKI833007,SNKI833007,SNKI833007,2025-05-23,385.84,Direct Factory Outlet,2025-05-23,2028-05-22,KitchenAid Care Protection,Standard,2028-03-15,2028-03-23,Compressor Failure,Compressor clicking repeatedly and unable to compress refrigerant.,Electrical Failure,33,68,0,True,True,True,True,False,False,1,False,False,False,False,Manual Review Required
CLM-00454,PRD-20195,ProBook Laptop 15-inch,Electronics,Apple,APP-ELE-268,SNAP598560,SNAP598560,SNAP598560,2023-03-23,1019.87,B&H Photo,2023-03-23,2025-03-22,Apple Care Protection,Standard,2024-07-15,2024-07-22,Component Failure,Cooling fan bearing seized up leading to emergency thermal shutdown.,Manufacturing,15,250,3,True,True,True,True,True,True,0,False,False,False,False,Manual Review Required
CLM-01067,PRD-85963,Heavy-Duty Clothes Dryer,Appliances,GE Appliances,GE -APP-213,SNGE469458,SNGE469458,SNGE469458,2025-04-08,990.38,Costco,2025-04-08,2028-04-07,GE Appliances Care Protection,Standard,2027-03-27,2027-04-08,Compressor Failure,Compressor clicking repeatedly and unable to compress refrigerant.,Manufacturing,23,377,1,True,True,True,True,True,True,0,False,False,False,False,Likely Valid
CLM-02240,PRD-79081,Electronic Fuel Injector Kit,Automotive,Continental Auto,CON-AUT-421,SNCO428591,SNCO428591,SNCO428591,2024-03-16,515.66,RockAuto,2024-03-16,2025-03-16,Continental Auto Care Protection,Standard,2024-10-28,2024-11-02,Premature Wear,Bushing cracked prematurely during regular non-commercial transit.,Manufacturing,7,139,0,True,True,False,True,True,False,1,False,False,False,False,Likely Valid
CLM-00328,PRD-44446,Heavy-Duty Starter Motor,Automotive,ACDelco,ACD-AUT-216,SNAC930489,SNAC930489,SNAC930489,2025-03-19,321.88,NAPA Auto Parts,2025-03-19,2026-03-19,ACDelco Care Protection,Standard,2025-06-21,2025-06-29,Seal or Gasket Failure,Sensor module stopped transmitting readings to the main board.,Component Failure,3,271,1,False,True,True,True,True,False,1,False,False,False,False,Manual Review Required
CLM-01257,PRD-79833,ABS Wheel Speed Sensor,Automotive,Denso,DEN-AUT-882,SNDE545554,SNDE545554,SNDE545554,2024-11-13,90.47,AutoZone,2024-11-13,2025-11-13,Denso Care Protection,Standard,2025-07-24,2025-07-29,Manufacturing Defect,Factory assembly defect leading to unprovoked system failure.,Manufacturing,8,112,1,True,True,True,True,True,True,0,False,False,False,False,Likely Valid
CLM-00149,PRD-26119,Galaxy Ultra Smartphone,Electronics,Asus,ASU-ELE-257,SNAS778526,SNAS778526,SNAS778526,2023-11-10,994.5,Amazon Electronics,2023-11-10,2026-11-09,AssureX Extended Guard,Extended,2025-06-21,2025-07-04,Manufacturing Defect,Internal solder joint loosened causing intermittent power disconnects.,Manufacturing,19,506,1,True,True,True,True,True,True,0,False,False,False,False,Likely Valid
CLM-00093,PRD-23055,Convection Microwave Oven,Appliances,Samsung,SAM-APP-336,SNSA758894,SNSA758894,SNSA758894,2023-03-24,392.63,Home Depot,2023-03-24,2026-03-23,Samsung Care Protection,Standard,2025-01-26,2025-02-06,Manufacturing Defect,Factory assembly defect leading to unprovoked system failure.,Manufacturing,22,421,1,True,True,True,True,True,True,0,False,False,False,False,Likely Valid
CLM-02252,PRD-38579,French Door Refrigerator,Appliances,Whirlpool,WHI-APP-716,SNWH328903,SNWH328903,SNWH328903,2023-03-03,1480.55,Sears Appliance Outlet,2023-03-03,2026-03-02,Whirlpool Care Protection,Standard,2023-09-27,2023-10-07,Manufacturing Defect,Device shut down unexpectedly and fails to power back on under normal conditions.,Manufacturing,6,887,1,True,True,True,True,True,True,0,False,False,False,False,Likely Valid
CLM-01525,PRD-57052,Gaming Desktop Rig,Electronics,Asus,ASU-ELE-896,SNAS607559,SNAS607559,SNAS607559,2023-08-01,1656.79,BestBuy,2023-08-01,2026-07-31,AssureX Extended Guard,Extended,2023-09-02,2023-09-10,Software Malfunction,Main OS freezes on start screen; hardware diagnostic passes.,Component Failure,1,1063,1,False,True,True,True,True,False,1,False,False,False,False,Manual Review Required
CLM-01590,PRD-42003,High Output Alternator,Automotive,Denso,DEN-AUT-862,SNDE404616,SNDE404616,SNDE404616,2025-03-27,387.24,O'Reilly Auto,2025-03-27,2026-03-27,Denso Care Protection,Standard,2025-11-03,2025-11-14,Electrical Component Failure,Unspecified system degradation observed during normal operating routine.,Electrical,7,144,0,True,True,True,True,True,False,0,False,False,False,False,Likely Valid
CLM-00626,PRD-18772,Convection Microwave Oven,Appliances,GE Appliances,GE -APP-573,SNGE731871,SNGE731871,SNGE731871,2024-11-29,387.26,Sears Appliance Outlet,2024-11-29,2028-11-29,AssureX Extended Guard,Extended,2027-09-10,2027-09-14,Compressor Failure,Compressor clicking repeatedly and unable to compress refrigerant.,Manufacturing,33,446,0,True,True,True,True,True,False,0,False,False,False,False,Likely Valid
CLM-00480,PRD-65703,Heavy-Duty Clothes Dryer,Appliances,KitchenAid,KIT-APP-511,SNKI542978,SNKI542978,SNKI542978,2024-02-06,926.84,Sears Appliance Outlet,2024-02-06,2027-02-05,KitchenAid Care Protection,Standard,2026-09-15,2026-09-24,Compressor Failure,"Cooling cycle fails to start, compressor is non-responsive.",Manufacturing,31,143,3,True,True,True,True,True,True,0,False,False,False,False,Manual Review Required
CLM-00413,PRD-19357,Electric Range Oven,Appliances,LG,LG-APP-480,SNLG969414,SNLG969414,SNLG969414,2024-10-24,1296.98,Costco,2024-10-24,2027-10-24,LG Care Protection,Standard,2025-01-12,2025-01-18,Unauthorized Modification,Unspecified system degradation observed during normal operating routine.,Unauthorized Modification,2,1015,0,True,True,True,True,True,False,0,False,False,True,False,Likely Invalid
CLM-01891,PRD-16650,OLED 4K Smart TV,Electronics,LG,LG-ELE-266,SNLG748092,SNLG748092,SNLG748092,2025-05-13,1272.31,Direct Manufacturer Store,2025-05-13,2027-05-13,LG Care Protection,Standard,2026-06-22,2026-06-29,Component Failure,Sensor module stopped transmitting readings to the main board.,Manufacturing,13,325,0,True,True,True,True,True,False,0,False,False,False,False,Likely Valid
CLM-00132,PRD-36197,Tablet 11-inch Display,Electronics,Apple,APP-ELE-781,SNAP200780,SNAP200780,SNAP200780,2025-01-30,768.83,Direct Manufacturer Store,2025-01-30,2028-01-30,AssureX Extended Guard,Extended,2027-11-01,2027-11-06,Display Defect,Backlight flickering continuously on left half of screen.,Unauthorized Modification,33,90,4,False,True,True,True,True,False,1,False,False,True,False,Likely Invalid
CLM-01874,PRD-75465,Electric Range Oven,Appliances,LG,LG-APP-787,SNLG377407,SNLG377407,SNLG377407,2023-12-21,1263.3,Costco,2023-12-21,2026-12-20,LG Care Protection,Standard,2024-12-10,2024-12-22,Motor Failure,Drive motor hums loudly but will not spin drum under normal load.,Manufacturing,11,740,0,True,True,True,True,True,False,0,False,False,False,False,Likely Valid
CLM-02224,PRD-61195,Galaxy Ultra Smartphone,Electronics,LG,LG-ELE-851,SNLG587230,SNLG587230,SNLG587230,2023-01-11,1108.85,Target,2023-01-11,2025-01-10,LG Care Protection,Standard,2023-10-08,2023-10-15,Display Defect,Vertical colored line artifacts appeared across OLED panel without impact.,Manufacturing,8,460,0,True,True,True,True,True,False,0,False,False,False,False,Likely Valid
CLM-00797,PRD-55178,OLED 4K Smart TV,Electronics,Apple,APP-ELE-956,SNAP958545,SNAP958545,SNAP958545,2024-09-24,1490.85,BestBuy,2024-09-24,2026-09-24,Apple Care Protection,Standard,2025-03-24,2025-04-08,Display Defect,Vertical colored line artifacts appeared across OLED panel without impact.,Manufacturing,5,549,0,True,True,True,True,True,False,0,False,False,False,False,Likely Valid
CLM-00254,PRD-17383,Front-Load Washing Machine,Appliances,Maytag,MAY-APP-485,SNMA547858,SNMA547858,SNMA547858,2023-05-30,953.51,Lowe's,2023-05-30,2026-05-29,Maytag Care Protection,Standard,2024-06-30,2024-07-01,Manufacturing Defect,Factory assembly defect leading to unprovoked system failure.,Component Failure,13,698,1,False,True,True,True,True,False,1,False,False,False,False,Manual Review Required
CLM-02413,PRD-70413,Active Noise Cancelling Headphones,Electronics,Dell,DEL-ELE-454,SNDE379001,SNDE379001,SNDE379001,2023-04-29,321.16,BestBuy,2023-04-29,2025-04-28,Dell Care Protection,Standard,2025-09-13,2025-09-20,Display Defect,Backlight flickering continuously on left half of screen.,Manufacturing,28,-138,0,True,True,True,True,True,False,0,False,False,False,True,Likely Invalid
CLM-00494,PRD-62948,Tablet 11-inch Display,Electronics,Samsung,SAM-ELE-614,SNSA661645,SNSA661645,SNSA661645,2025-02-07,690.95,Amazon Electronics,2025-02-07,2028-02-07,AssureX Extended Guard,Extended,2025-01-07,2025-02-17,Electrical Failure,No current flowing to main motor despite active input power.,Manufacturing,0,1126,0,True,True,True,True,True,False,0,False,True,False,False,Manual Review Required
CLM-01649,PRD-26077,Mirrorless Camera Body,Electronics,Asus,ASU-ELE-481,SNAS848562,SNAS848562,SNAS848562,2024-12-17,1677.12,BestBuy,2024-12-17,2026-12-17,Asus Care Protection,Standard,2025-07-11,2025-07-21,Component Failure,Cooling fan bearing seized up leading to emergency thermal shutdown.,Manufacturing,6,524,0,True,True,True,True,True,False,0,False,False,False,False,Likely Valid
CLM-00340,PRD-70178,OLED 4K Smart TV,Electronics,Apple,APP-ELE-753,SNAP707497,SNAP707497,SNAP707497,2023-07-10,1436.13,BestBuy,2023-07-10,2025-07-09,Apple Care Protection,Standard,2024-01-07,2024-01-12,Software Malfunction,System firmware entered boot loop following manufacturer OTA update.,Manufacturing,5,549,0,True,True,True,True,True,False,0,False,False,False,False,Likely Valid
CLM-01769,PRD-37345,Tablet 11-inch Display,Electronics,Dell,DEL-ELE-868,SNDE375747,SNDE375747,SNDE375747,2025-04-11,654.72,Target,2025-04-11,2028-04-10,AssureX Extended Guard,Extended,2028-05-26,2028-06-06,Software Malfunction,Main OS freezes on start screen; hardware diagnostic passes.,Manufacturing,37,-46,0,True,True,True,True,True,False,0,False,False,False,False,Likely Invalid
CLM-00416,PRD-45282,Smart Watch Series 7,Electronics,Sony,SON-ELE-775,SNSO649923,SNSO649939,SNSO649923,2023-10-30,422.2,B&H Photo,2023-10-30,2025-10-29,Sony Care Protection,Standard,2024-10-30,2024-11-03,Software Malfunction,Main OS freezes on start screen; hardware diagnostic passes.,Manufacturing,12,364,0,True,True,True,True,True,False,0,True,False,False,False,Manual Review Required
CLM-00594,PRD-60915,Front-Load Washing Machine,Appliances,LG,LG-APP-247,SNLG400798,SNLG400798,SNLG400798,2024-02-04,939.11,Lowe's,2024-02-04,2027-02-03,LG Care Protection,Standard,2025-07-28,2025-08-09,Manufacturing Defect,Device shut down unexpectedly and fails to power back on under normal conditions.,Manufacturing,17,555,0,True,True,True,True,True,False,0,False,False,False,False,Likely Valid
CLM-01203,PRD-47182,French Door Refrigerator,Appliances,Whirlpool,WHI-APP-733,SNWH864816,SNWH864816,SNWH864816,2024-05-25,1504.79,Sears Appliance Outlet,2024-05-25,2027-05-25,Whirlpool Care Protection,Standard,2025-06-24,2025-07-08,Thermostat Malfunction,Temperature reading fluctuating wildly causing erratic operation.,Manufacturing,12,700,0,True,True,True,True,True,False,0,False,False,False,False,Likely Valid
CLM-01854,PRD-99416,French Door Refrigerator,Appliances,Samsung,SAM-APP-593,SNSA856084,SNSA856084,SNSA856084,2025-01-07,1710.49,Sears Appliance Outlet,2025-01-07,2028-01-07,Samsung Care Protection,Standard,2025-09-10,2025-09-15,Thermostat Malfunction,"Thermostat stuck open, temperature never reaches target threshold.",Manufacturing,8,849,0,True,True,False,True,True,False,1,False,False,False,False,Likely Valid
CLM-01897,PRD-95501,Convection Microwave Oven,Appliances,KitchenAid,KIT-APP-757,SNKI628302,SNKI628302,SNKI628302,2023-03-27,365.2,Home Depot,2023-03-27,2026-03-26,KitchenAid Care Protection,Standard,2024-11-30,2024-12-14,Manufacturing Defect,Device shut down unexpectedly and fails to power back on under normal conditions.,Manufacturing,20,481,1,True,True,True,True,True,True,0,False,False,False,False,Likely Valid
CLM-01279,PRD-41266,Convection Microwave Oven,Appliances,GE Appliances,GE -APP-503,SNGE906297,SNGE906297,SNGE906297,2025-03-09,292.52,Home Depot,2025-03-09,2028-03-08,GE Appliances Care Protection,Standard,2027-02-28,2027-03-09,Thermostat Malfunction,Temperature reading fluctuating wildly causing erratic operation.,Manufacturing,23,374,0,True,True,True,True,True,False,0,False,False,False,False,Likely Valid
CLM-00860,PRD-26803,Front-Load Washing Machine,Appliances,Whirlpool,WHI-APP-832,SNWH799348,SNWH799348,SNWH799348,2025-02-10,915.92,Sears Appliance Outlet,2025-02-10,2028-02-10,Whirlpool Care Protection,Standard,2025-10-31,2025-11-04,Thermostat Malfunction,Temperature reading fluctuating wildly causing erratic operation.,Manufacturing,8,832,0,True,True,True,True,True,False,0,False,False,False,False,Likely Valid
CLM-00117,PRD-61576,Mirrorless Camera Body,Electronics,HP,HP-ELE-303,SNHP188498,SNHP188498,SNHP188498,2024-08-09,1472.91,Amazon Electronics,2024-08-09,2026-08-09,HP Care Protection,Standard,2026-09-03,2026-09-22,Display Defect,Vertical colored line artifacts appeared across OLED panel without impact.,Manufacturing,24,-25,0,True,True,True,True,True,False,0,False,False,False,False,Likely Invalid
CLM-00531,PRD-64411,Galaxy Ultra Smartphone,Electronics,Dell,DEL-ELE-600,SNDE876619,SNDE876619,SNDE876619,2023-10-24,1090.85,B&H Photo,2023-10-24,2025-10-23,Dell Care Protection,Standard,2024-03-27,2024-04-09,Display Defect,Vertical colored line artifacts appeared across OLED panel without impact.,Manufacturing,5,575,0,True,True,True,True,True,False,0,False,False,False,False,Likely Valid
CLM-01005,PRD-49962,OLED 4K Smart TV,Electronics,Dell,DEL-ELE-597,SNDE801499,SNDE801499,SNDE801499,2023-07-09,1171.32,Direct Manufacturer Store,2023-07-09,2025-07-08,Dell Care Protection,Standard,2024-01-10,2024-01-11,Manufacturing Defect,Device shut down unexpectedly and fails to power back on under normal conditions.,Manufacturing,6,545,1,True,True,True,True,True,True,0,False,False,False,False,Likely Valid
CLM-00356,PRD-20852,Smart Watch Series 7,Electronics,HP,HP-ELE-331,SNHP196258,SNHP196258,SNHP196258,2024-07-02,381.25,B&H Photo,2024-07-02,2026-07-02,HP Care Protection,Standard,2025-09-21,2025-10-02,Electrical Failure,No current flowing to main motor despite active input power.,Electrical,14,284,0,True,True,True,True,True,False,0,False,False,False,False,Likely Valid
CLM-02178,PRD-57911,Convection Microwave Oven,Appliances,Maytag,MAY-APP-902,SNMA559002,SNMA559002,SNMA559002,2023-11-07,355.71,Lowe's,2023-11-07,2026-11-06,Maytag Care Protection,Standard,2024-09-05,2024-09-11,Thermostat Malfunction,Temperature reading fluctuating wildly causing erratic operation.,Manufacturing,9,792,1,True,True,True,True,True,True,0,False,False,False,False,Likely Valid
CLM-01894,PRD-24681,Convection Microwave Oven,Appliances,Maytag,MAY-APP-397,SNMA137502,SNMA137502,SNMA137502,2024-01-07,313.1,Home Depot,2024-01-07,2027-01-06,Maytag Care Protection,Standard,2024-03-23,2024-04-05,Power Surge Damage,Unspecified system degradation observed during normal operating routine.,Power Surge Damage,2,1019,0,True,True,True,True,True,False,0,False,False,True,False,Likely Invalid
CLM-02302,PRD-44910,Active Noise Cancelling Headphones,Electronics,Dell,DEL-ELE-473,SNDE581684,SNDE581684,SNDE581684,2024-07-19,241.6,B&H Photo,2024-07-19,2026-07-19,Dell Care Protection,Standard,2024-12-16,2024-12-21,Electrical Failure,No current flowing to main motor despite active input power.,Electrical Failure,4,580,0,True,True,True,True,False,False,1,False,False,False,False,Manual Review Required
CLM-01373,PRD-73095,Tablet 11-inch Display,Electronics,Samsung,SAM-ELE-194,SNSA168076,SNSA168076,SNSA168076,2025-04-10,617.54,Target,2025-04-10,2028-04-09,AssureX Extended Guard,Extended,2025-12-08,2025-12-21,Accidental Damage,Heavy object fell directly on top of the chassis during home move.,Accidental Damage,7,853,0,True,True,True,True,True,False,0,False,False,True,False,Likely Invalid
CLM-02225,PRD-97472,Mirrorless Camera Body,Electronics,Lenovo,LEN-ELE-479,SNLE561552,SNLE561552,SNLE561552,2024-11-30,1611.19,Target,2024-11-30,2027-11-30,AssureX Extended Guard,Extended,2026-05-29,2026-06-12,Component Failure,Cooling fan bearing seized up leading to emergency thermal shutdown.,Manufacturing,17,550,1,True,True,True,True,True,True,0,False,False,False,False,Likely Valid
CLM-00325,PRD-65013,Mirrorless Camera Body,Electronics,Samsung,SAM-ELE-514,SNSA185678,SNSA185678,SNSA185678,2025-03-26,1405.54,Target,2025-03-26,2027-03-26,Samsung Care Protection,Standard,2026-06-20,2026-07-05,Software Malfunction,System firmware entered boot loop following manufacturer OTA update.,Manufacturing,14,279,0,True,True,True,True,True,False,0,False,False,False,False,Likely Valid
CLM-02489,PRD-91563,Electric Range Oven,Appliances,Maytag,MAY-APP-488,SNMA970980,SNMA970980,SNMA970980,2025-02-05,1090.35,Direct Factory Outlet,2025-02-05,2029-02-05,AssureX Extended Guard,Extended,2029-06-27,2029-07-16,Control Board Failure,Unspecified system degradation observed during normal operating routine.,Manufacturing,52,-142,0,True,True,True,True,True,False,0,False,False,False,False,Likely Invalid
CLM-02019,PRD-93997,Tablet 11-inch Display,Electronics,Lenovo,LEN-ELE-516,SNLE633081,SNLE633081,SNLE633081,2025-05-04,695.97,Direct Manufacturer Store,2025-05-04,2028-05-03,AssureX Extended Guard,Extended,2028-05-04,2028-05-09,Software Malfunction,Main OS freezes on start screen; hardware diagnostic passes.,Manufacturing,36,-1,0,True,True,True,True,True,False,0,False,False,False,False,Manual Review Required
CLM-02008,PRD-54308,ABS Wheel Speed Sensor,Automotive,Brembo,BRE-AUT-641,SNBR199454,SNBR199454,SNBR199454,2024-06-27,83.91,NAPA Auto Parts,2024-06-27,2025-06-27,Brembo Care Protection,Standard,2025-05-16,2025-05-21,Premature Wear,"Brake pad friction compound deteriorated within 2,000 miles of highway driving.",Manufacturing,10,42,0,True,False,True,True,True,False,1,False,False,False,False,Likely Invalid
CLM-00507,PRD-39933,OLED 4K Smart TV,Electronics,Asus,ASU-ELE-960,SNAS882506,SNAS882506,SNAS882506,2023-11-11,1425.96,Direct Manufacturer Store,2023-11-11,2025-11-10,Asus Care Protection,Standard,2025-02-02,2025-02-03,Component Failure,Sensor module stopped transmitting readings to the main board.,Manufacturing,14,281,0,True,True,True,True,True,False,0,False,False,False,False,Likely Valid
CLM-01293,PRD-43788,Heavy-Duty Starter Motor,Automotive,ACDelco,ACD-AUT-934,SNAC616944,SNAC616944,SNAC616944,2024-02-29,318.18,O'Reilly Auto,2024-02-29,2025-02-28,ACDelco Care Protection,Standard,2025-06-09,2025-06-20,Seal or Gasket Failure,Unspecified system degradation observed during normal operating routine.,Manufacturing,15,-101,0,True,True,True,True,True,False,0,False,False,False,False,Likely Invalid
CLM-01510,PRD-62573,Tablet 11-inch Display,Electronics,Dell,DEL-ELE-689,SNDE130610,SNDE130610,SNDE130610,2024-07-10,623.94,Amazon Electronics,2024-07-10,2026-07-10,Dell Care Protection,Standard,2025-06-19,2025-07-03,Software Malfunction,Main OS freezes on start screen; hardware diagnostic passes.,Manufacturing,11,386,1,True,True,True,True,True,True,0,False,False,False,False,Likely Valid
CLM-00934,PRD-76295,Smart Watch Series 7,Electronics,HP,HP-ELE-953,SNHP975569,SNHP975569,SNHP975569,2023-07-16,346.39,Target,2023-07-16,2025-07-15,HP Care Protection,Standard,2025-01-07,2025-01-17,Electrical Failure,No current flowing to main motor despite active input power.,Electrical,17,189,0,True,True,True,True,True,False,0,False,False,False,False,Likely Valid
CLM-00928,PRD-82800,French Door Refrigerator,Appliances,Samsung,SAM-APP-640,SNSA345450,SNSA345450,SNSA345450,2025-03-18,1705.56,Direct Factory Outlet,2025-03-18,2028-03-17,Samsung Care Protection,Standard,2028-01-05,2028-01-18,Electrical Wiring Defect,Unspecified system degradation observed during normal operating routine.,Unauthorized Modification,33,72,2,False,True,True,True,True,False,1,False,False,True,False,Likely Invalid
CLM-01019,PRD-91364,Galaxy Ultra Smartphone,Electronics,Dell,DEL-ELE-973,SNDE429267,SNDE429267,SNDE429267,2025-05-19,1094.54,Direct Manufacturer Store,2025-05-19,2027-05-19,Dell Care Protection,Standard,2026-07-15,2026-07-22,Software Malfunction,Main OS freezes on start screen; hardware diagnostic passes.,Manufacturing,13,308,1,True,True,True,True,True,True,0,False,False,False,False,Likely Valid
CLM-01496,PRD-87286,Ceramic Brake Pad Set,Automotive,ACDelco,ACD-AUT-741,SNAC344228,SNAC344228,SNAC344228,2023-11-01,132.84,Advance Auto Parts,2023-11-01,2024-10-31,ACDelco Care Protection,Standard,2024-01-25,2024-01-27,Premature Wear,"Brake pad friction compound deteriorated within 2,000 miles of highway driving.",Manufacturing,2,280,0,True,True,True,True,True,False,0,False,False,False,False,Likely Valid
CLM-00053,PRD-41079,Active Noise Cancelling Headphones,Electronics,HP,HP-ELE-897,SNHP215482,SNHP215482,SNHP215482,2024-10-02,274.53,BestBuy,2024-10-02,2026-10-02,HP Care Protection,Standard,2025-06-14,2025-06-16,Component Failure,Cooling fan bearing seized up leading to emergency thermal shutdown.,Unauthorized Modification,8,475,4,False,True,True,True,True,False,1,False,False,True,False,Likely Invalid
CLM-00756,PRD-66599,French Door Refrigerator,Appliances,Whirlpool,WHI-APP-843,SNWH859233,SNWH859233,SNWH859233,2023-08-28,1490.66,Sears Appliance Outlet,2023-08-28,2026-08-27,Whirlpool Care Protection,Standard,2024-07-19,2024-07-27,Thermostat Malfunction,Temperature reading fluctuating wildly causing erratic operation.,Manufacturing,10,769,0,True,True,False,True,True,False,1,False,False,False,False,Likely Valid
CLM-01317,PRD-86771,Galaxy Ultra Smartphone,Electronics,Lenovo,LEN-ELE-233,SNLE205742,SNLE205742,SNLE205742,2025-04-09,911.87,Direct Manufacturer Store,2025-04-09,2027-04-09,Lenovo Care Protection,Standard,2026-06-30,2026-07-14,Manufacturing Defect,Factory assembly defect leading to unprovoked system failure.,Manufacturing,14,283,0,True,True,True,True,True,False,0,False,False,False,False,Likely Valid
CLM-00714,PRD-34453,French Door Refrigerator,Appliances,Whirlpool,WHI-APP-961,SNWH994506,SNWH994506,SNWH994506,2025-02-12,1874.32,Costco,2025-02-12,2029-02-12,AssureX Extended Guard,Extended,2027-06-06,2027-06-12,Thermostat Malfunction,Temperature reading fluctuating wildly causing erratic operation.,Electrical Failure,27,617,0,True,True,True,True,False,False,1,False,False,False,False,Manual Review Required
CLM-02069,PRD-82813,Gaming Desktop Rig,Electronics,Apple,APP-ELE-911,SNAP932491,SNAP932491,SNAP932491,2025-05-28,2004.17,BestBuy,2025-05-28,2028-05-27,AssureX Extended Guard,Extended,2026-08-09,2026-08-22,Display Defect,Vertical colored line artifacts appeared across OLED panel without impact.,Manufacturing,14,657,1,True,True,True,True,True,True,0,False,False,False,False,Likely Valid
CLM-01486,PRD-19653,French Door Refrigerator,Appliances,Maytag,MAY-APP-992,SNMA464361,SNMA464361,SNMA464361,2023-05-18,1943.27,Lowe's,2023-05-18,2026-05-17,Maytag Care Protection,Standard,2024-08-24,2024-09-04,Control Board Failure,Unspecified system degradation observed during normal operating routine.,Manufacturing,15,631,0,True,False,True,True,True,False,1,False,False,False,True,Likely Invalid
CLM-01342,PRD-56234,Smart Watch Series 7,Electronics,Sony,SON-ELE-866,SNSO320338,SNSO320338,SNSO320338,2023-04-11,413.01,BestBuy,2023-04-11,2025-04-10,Sony Care Protection,Standard,2024-04-06,2024-04-16,Manufacturing Defect,Internal solder joint loosened causing intermittent power disconnects.,Manufacturing,11,369,0,True,True,True,True,True,False,0,False,False,False,False,Likely Valid
CLM-01272,PRD-88331,Heavy-Duty Clothes Dryer,Appliances,Bosch,BOS-APP-441,SNBO973805,SNBO973805,SNBO973805,2023-04-21,879.04,Direct Factory Outlet,2023-04-21,2026-04-20,Bosch Care Protection,Standard,2024-06-20,2024-06-24,Thermostat Malfunction,Temperature reading fluctuating wildly causing erratic operation.,Unauthorized Modification,13,669,2,False,True,True,True,True,False,1,False,False,True,False,Likely Invalid
CLM-01580,PRD-16785,High Output Alternator,Automotive,Monroe,MON-AUT-876,SNMO885021,SNMO885021,SNMO885021,2024-08-21,344.38,RockAuto,2024-08-21,2025-08-21,Monroe Care Protection,Standard,2025-01-04,2025-01-13,Material Failure,Unspecified system degradation observed during normal operating routine.,Manufacturing,4,229,0,True,True,True,True,True,False,0,False,False,False,False,Likely Valid
CLM-01276,PRD-20361,Tablet 11-inch Display,Electronics,Samsung,SAM-ELE-621,SNSA101526,SNSA101526,SNSA101526,2023-05-29,642.02,Direct Manufacturer Store,2023-05-29,2025-05-28,Samsung Care Protection,Standard,2024-03-20,2024-03-25,Display Defect,Backlight flickering continuously on left half of screen.,Component Failure,9,434,1,False,True,True,True,True,False,1,False,False,False,False,Manual Review Required
CLM-02138,PRD-74624,Galaxy Ultra Smartphone,Electronics,HP,HP-ELE-119,SNHP821339,SNHP821339,SNHP821339,2023-08-13,1118.17,Direct Manufacturer Store,2023-08-13,2025-08-12,HP Care Protection,Standard,2024-01-30,2024-02-05,Software Malfunction,System firmware entered boot loop following manufacturer OTA update.,Component Failure,5,560,1,False,True,True,True,True,False,1,False,False,False,False,Manual Review Required
CLM-02205,PRD-54313,Heavy-Duty Clothes Dryer,Appliances,GE Appliances,GE -APP-900,SNGE608133,SNGE608133,SNGE608133,2023-01-08,783.85,Direct Factory Outlet,2023-01-08,2026-01-07,GE Appliances Care Protection,Standard,2023-08-24,2023-08-29,Compressor Failure,Compressor clicking repeatedly and unable to compress refrigerant.,Manufacturing,7,867,3,True,True,True,True,True,True,0,False,False,False,False,Manual Review Required
CLM-01814,PRD-51458,Convection Microwave Oven,Appliances,Maytag,MAY-APP-576,SNMA506773,SNMA506773,SNMA506773,2023-02-09,284.02,Lowe's,2023-02-09,2026-02-08,Maytag Care Protection,Standard,2024-12-07,2024-12-16,Electrical Wiring Defect,Unspecified system degradation observed during normal operating routine.,Electrical,21,428,0,True,True,True,True,True,False,0,False,False,False,False,Likely Valid
CLM-01453,PRD-81190,Mirrorless Camera Body,Electronics,Sony,SON-ELE-615,SNSO381460,SNSO381458,SNSO381460,2023-11-13,1305.87,B&H Photo,2023-11-13,2025-11-12,Sony Care Protection,Standard,2025-02-18,2025-02-26,Display Defect,Vertical colored line artifacts appeared across OLED panel without impact.,Manufacturing,15,267,0,True,True,True,True,True,False,0,True,False,False,False,Manual Review Required
CLM-00493,PRD-82098,ProBook Laptop 15-inch,Electronics,LG,LG-ELE-985,SNLG266846,SNLG266846,SNLG266846,2024-09-26,983.24,Target,2024-09-26,2026-09-26,LG Care Protection,Standard,2025-12-28,2026-01-07,Physical Impact,Unspecified system degradation observed during normal operating routine.,Physical Impact,15,272,0,True,True,True,True,True,False,0,False,False,True,False,Likely Invalid
CLM-00783,PRD-93792,Smart Dishwasher 24-inch,Appliances,Whirlpool,WHI-APP-718,SNWH174357,SNWH174357,SNWH174357,2024-03-21,880.05,Direct Factory Outlet,2024-03-21,2027-03-21,Whirlpool Care Protection,Standard,2026-03-07,2026-03-12,Motor Failure,"Motor winding resistance out of spec, causing tripping.",Manufacturing,23,379,1,True,True,True,True,True,True,0,False,False,False,False,Likely Valid
CLM-01666,PRD-62508,ABS Wheel Speed Sensor,Automotive,K&N,K&N-AUT-265,SNK&505927,SNK&505927,SNK&505927,2024-02-03,112.86,O'Reilly Auto,2024-02-03,2026-02-02,AssureX Extended Guard,Extended,2025-01-03,2025-01-05,Seal or Gasket Failure,Unspecified system degradation observed during normal operating routine.,Unauthorized Modification,11,395,4,False,True,True,True,True,False,1,False,False,True,False,Likely Invalid
CLM-01369,PRD-39975,Gaming Desktop Rig,Electronics,LG,LG-ELE-592,SNLG247515,SNLG247515,SNLG247515,2023-01-02,1706.12,Direct Manufacturer Store,2023-01-02,2025-01-01,LG Care Protection,Standard,2023-10-05,2023-10-09,Manufacturing Defect,Internal solder joint loosened causing intermittent power disconnects.,Unauthorized Modification,9,454,3,False,True,True,True,True,False,1,False,False,True,False,Likely Invalid
CLM-01808,PRD-90579,Tablet 11-inch Display,Electronics,Asus,ASU-ELE-948,SNAS252603,SNAS252603,SNAS252603,2025-03-06,685.97,Direct Manufacturer Store,2025-03-06,2028-03-05,AssureX Extended Guard,Extended,2027-01-23,2027-02-03,Manufacturing Defect,Device shut down unexpectedly and fails to power back on under normal conditions.,Manufacturing,22,407,0,True,True,True,True,True,False,0,False,False,False,False,Likely Valid
CLM-02306,PRD-57203,Tablet 11-inch Display,Electronics,Asus,ASU-ELE-883,SNAS776485,SNAS776485,SNAS776485,2024-01-08,700.68,BestBuy,2024-01-08,2026-01-07,Asus Care Protection,Standard,2026-05-25,2026-06-06,Manufacturing Defect,Internal solder joint loosened causing intermittent power disconnects.,Manufacturing,28,-138,0,True,True,True,True,True,False,0,False,False,False,False,Likely Invalid
CLM-02455,PRD-97240,French Door Refrigerator,Appliances,Whirlpool,WHI-APP-551,SNWH111675,SNWH111675,SNWH111675,2024-07-21,1995.46,Sears Appliance Outlet,2024-07-21,2028-07-21,AssureX Extended Guard,Extended,2028-07-24,2028-07-26,Electrical Wiring Defect,Unspecified system degradation observed during normal operating routine.,Manufacturing,48,-3,0,True,True,True,True,True,False,0,False,False,False,False,Manual Review Required
CLM-02173,PRD-65837,Galaxy Ultra Smartphone,Electronics,Samsung,SAM-ELE-796,SNSA300958,SNSA300958,SNSA300958,2024-03-24,872.8,Direct Manufacturer Store,2024-03-24,2026-03-24,Samsung Care Protection,Standard,2025-01-01,2025-01-03,Physical Impact,Unspecified system degradation observed during normal operating routine.,Physical Impact,9,447,0,True,True,True,True,True,False,0,False,False,True,False,Likely Invalid
CLM-00649,PRD-15604,Convection Microwave Oven,Appliances,KitchenAid,KIT-APP-561,SNKI890315,SNKI890315,SNKI890315,2024-06-17,341.02,Lowe's,2024-06-17,2027-06-17,KitchenAid Care Protection,Standard,2026-06-16,2026-06-25,Control Board Failure,Unspecified system degradation observed during normal operating routine.,Manufacturing,23,366,3,True,True,True,True,True,True,0,False,False,False,False,Manual Review Required
CLM-02112,PRD-58958,Front-Load Washing Machine,Appliances,Whirlpool,WHI-APP-681,SNWH782646,SNWH782646,SNWH782646,2023-03-28,816.65,Costco,2023-03-28,2026-03-27,Whirlpool Care Protection,Standard,2024-08-06,2024-08-14,Control Board Failure,Unspecified system degradation observed during normal operating routine.,Manufacturing,16,598,1,True,True,True,True,True,True,0,False,False,False,False,Likely Valid
CLM-00852,PRD-85215,Mirrorless Camera Body,Electronics,LG,LG-ELE-341,SNLG506691,SNLG506691,SNLG506691,2024-05-13,1606.84,Direct Manufacturer Store,2024-05-13,2026-05-13,LG Care Protection,Standard,2024-08-19,2024-08-25,Electrical Failure,Internal circuit shorted during regular use with standard power supply.,Component Failure,3,632,1,False,True,True,True,True,False,1,False,False,False,False,Manual Review Required
CLM-01265,PRD-19269,Active Noise Cancelling Headphones,Electronics,LG,LG-ELE-973,SNLG135395,SNLG135395,SNLG135395,2023-12-05,335.52,Direct Manufacturer Store,2023-12-05,2025-12-04,LG Care Protection,Standard,2025-12-28,2026-01-05,Display Defect,Backlight flickering continuously on left half of screen.,Manufacturing,24,-24,0,True,True,True,True,True,False,0,False,False,False,False,Likely Invalid
CLM-02262,PRD-71320,Tablet 11-inch Display,Electronics,Lenovo,LEN-ELE-302,SNLE732770,SNLE732770,SNLE732770,2025-04-16,566.65,Direct Manufacturer Store,2025-04-16,2027-04-16,Lenovo Care Protection,Standard,2026-10-08,2026-10-15,Component Failure,Sensor module stopped transmitting readings to the main board.,Manufacturing,17,190,0,True,False,True,True,True,False,1,False,False,False,False,Likely Invalid
CLM-00512,PRD-77397,Smart Watch Series 7,Electronics,LG,LG-ELE-746,SNLG285107,SNLG285107,SNLG285107,2024-03-16,391.6,Target,2024-03-16,2026-03-16,LG Care Protection,Standard,2024-11-15,2024-11-29,Display Defect,Backlight flickering continuously on left half of screen.,Manufacturing,8,486,0,True,True,True,True,True,False,0,False,False,False,False,Likely Valid
CLM-01809,PRD-11121,Convection Microwave Oven,Appliances,Samsung,SAM-APP-813,SNSA354502,SNSA354588,SNSA354502,2023-01-07,278.55,Direct Factory Outlet,2023-01-07,2027-01-07,AssureX Extended Guard,Extended,2025-11-18,2025-11-28,Compressor Failure,"Cooling cycle fails to start, compressor is non-responsive.",Manufacturing,34,415,0,True,True,True,True,True,False,0,True,False,False,False,Manual Review Required
CLM-00792,PRD-88361,Convection Microwave Oven,Appliances,KitchenAid,KIT-APP-361,SNKI711214,SNKI711214,SNKI711214,2024-10-15,375.34,Costco,2024-10-15,2028-10-15,AssureX Extended Guard,Extended,2026-07-14,2026-07-23,Control Board Failure,Capacitor blown on the primary controller board without power surge.,Electrical Failure,20,824,0,True,True,True,True,False,False,1,False,False,False,False,Manual Review Required
CLM-00916,PRD-69833,Active Noise Cancelling Headphones,Electronics,HP,HP-ELE-759,SNHP724695,SNHP724695,SNHP724695,2025-02-19,251.81,Direct Manufacturer Store,2025-02-19,2027-02-19,HP Care Protection,Standard,2026-03-10,2026-03-22,Component Failure,Sensor module stopped transmitting readings to the main board.,Manufacturing,12,346,1,True,True,True,True,True,True,0,False,False,False,False,Likely Valid
CLM-00104,PRD-96613,Heavy-Duty Clothes Dryer,Appliances,KitchenAid,KIT-APP-628,SNKI295600,SNKI295600,SNKI295600,2024-12-26,864.59,Lowe's,2024-12-26,2027-12-26,KitchenAid Care Protection,Standard,2027-03-23,2027-04-01,Electrical Wiring Defect,Unspecified system degradation observed during normal operating routine.,Electrical,26,278,1,True,True,True,True,True,True,0,False,False,False,False,Likely Valid
CLM-02014,PRD-22746,French Door Refrigerator,Appliances,Whirlpool,WHI-APP-984,SNWH861394,SNWH861394,SNWH861394,2024-08-20,1695.73,Costco,2024-08-20,2027-08-20,Whirlpool Care Protection,Standard,2026-05-17,2026-05-29,Electrical Wiring Defect,Unspecified system degradation observed during normal operating routine.,Electrical,20,460,0,True,True,False,True,True,False,1,False,False,False,False,Likely Valid
CLM-00215,PRD-18943,Heavy-Duty Starter Motor,Automotive,Denso,DEN-AUT-786,SNDE885043,SNDE885043,SNDE885043,2023-05-09,269.28,NAPA Auto Parts,2023-05-09,2024-05-08,Denso Care Protection,Standard,2024-01-18,2024-01-21,Electrical Component Failure,No current flowing to main motor despite active input power.,Electrical Failure,8,111,0,True,True,True,True,False,False,1,False,False,False,False,Manual Review Required
CLM-00526,PRD-12815,Electric Range Oven,Appliances,KitchenAid,KIT-APP-447,SNKI576102,SNKI576102,SNKI576102,2024-09-15,1167.19,Costco,2024-09-15,2027-09-15,KitchenAid Care Protection,Standard,2025-03-04,2025-03-14,Thermostat Malfunction,"Thermostat stuck open, temperature never reaches target threshold.",Manufacturing,5,925,0,True,True,False,True,True,False,1,False,False,False,False,Likely Valid
CLM-02432,PRD-54091,Electric Range Oven,Appliances,Samsung,SAM-APP-169,SNSA732453,SNSA732453,SNSA732453,2025-01-14,1071.41,Costco,2025-01-14,2029-01-14,AssureX Extended Guard,Extended,2026-04-16,2026-04-26,Thermostat Malfunction,Temperature reading fluctuating wildly causing erratic operation.,Manufacturing,15,1004,0,True,True,False,True,True,False,1,False,False,False,False,Likely Valid
CLM-00782,PRD-91403,Electric Range Oven,Appliances,Maytag,MAY-APP-222,SNMA859984,SNMA859984,SNMA859984,2023-11-28,1334.49,Home Depot,2023-11-28,2027-11-28,AssureX Extended Guard,Extended,2027-05-29,2027-06-11,Compressor Failure,Compressor clicking repeatedly and unable to compress refrigerant.,Manufacturing,41,183,0,True,False,True,True,True,False,1,False,False,False,False,Likely Invalid
CLM-01585,PRD-68261,Gaming Desktop Rig,Electronics,Apple,APP-ELE-239,SNAP506977,SNAP506977,SNAP506977,2025-04-16,1753.8,Target,2025-04-16,2027-04-16,Apple Care Protection,Standard,2027-09-13,2027-10-02,Display Defect,Backlight flickering continuously on left half of screen.,Manufacturing,28,-150,0,True,True,True,True,True,False,0,False,False,False,False,Likely Invalid
CLM-01824,PRD-83955,Ceramic Brake Pad Set,Automotive,Monroe,MON-AUT-288,SNMO818958,SNMO818958,SNMO818958,2024-11-20,110.82,AutoZone,2024-11-20,2025-11-20,Monroe Care Protection,Standard,2024-11-16,2024-12-07,Manufacturing Defect,Internal solder joint loosened causing intermittent power disconnects.,Manufacturing,0,369,0,True,True,True,True,True,False,0,False,True,False,False,Manual Review Required
CLM-02237,PRD-57884,Smart Watch Series 7,Electronics,Dell,DEL-ELE-262,SNDE205758,SNDE205758,SNDE205758,2023-04-27,485.2,BestBuy,2023-04-27,2025-04-26,Dell Care Protection,Standard,2024-07-03,2024-07-08,Software Malfunction,System firmware entered boot loop following manufacturer OTA update.,Manufacturing,14,297,1,True,True,True,True,True,True,0,False,False,False,False,Likely Valid
CLM-01855,PRD-65551,Smart Dishwasher 24-inch,Appliances,Whirlpool,WHI-APP-452,SNWH939500,SNWH939500,SNWH939500,2024-11-23,680.72,Lowe's,2024-11-23,2028-11-23,AssureX Extended Guard,Extended,2027-03-26,2027-04-10,Electrical Wiring Defect,Unspecified system degradation observed during normal operating routine.,Electrical,28,608,1,True,True,True,True,True,True,0,False,False,False,False,Likely Valid
CLM-00804,PRD-67756,ABS Wheel Speed Sensor,Automotive,Denso,DEN-AUT-386,SNDE383242,SNDE383242,SNDE383242,2024-11-18,81.39,NAPA Auto Parts,2024-11-18,2025-11-18,Denso Care Protection,Standard,2025-03-11,2025-03-12,Electrical Component Failure,Unspecified system degradation observed during normal operating routine.,Unauthorized Modification,3,252,2,False,True,True,True,True,False,1,False,False,True,False,Likely Invalid
CLM-00277,PRD-65188,Galaxy Ultra Smartphone,Electronics,Dell,DEL-ELE-294,SNDE398739,SNDE398725,SNDE398739,2024-05-29,865.24,Target,2024-05-29,2026-05-29,Dell Care Protection,Standard,2025-01-17,2025-01-25,Software Malfunction,Main OS freezes on start screen; hardware diagnostic passes.,Manufacturing,7,497,0,True,True,True,True,True,False,0,True,False,False,False,Manual Review Required
CLM-01244,PRD-30674,Electric Range Oven,Appliances,LG,LG-APP-368,SNLG279952,SNLG279952,SNLG279952,2023-02-16,1113.3,Sears Appliance Outlet,2023-02-16,2026-02-15,LG Care Protection,Standard,2024-07-10,2024-07-12,Control Board Failure,Internal circuit shorted during regular use with standard power supply.,Electrical Failure,16,585,0,True,True,True,True,False,False,1,False,False,False,False,Manual Review Required
CLM-00265,PRD-93909,Ceramic Brake Pad Set,Automotive,Monroe,MON-AUT-800,SNMO675006,SNMO675006,SNMO675006,2023-05-19,121.53,O'Reilly Auto,2023-05-19,2024-05-18,Monroe Care Protection,Standard,2023-04-29,2023-05-28,Premature Wear,Bushing cracked prematurely during regular non-commercial transit.,Manufacturing,0,385,0,True,True,True,True,True,False,0,False,True,False,True,Manual Review Required
CLM-01091,PRD-36350,High Output Alternator,Automotive,Monroe,MON-AUT-531,SNMO187184,SNMO187184,SNMO187184,2024-01-08,407.84,AutoZone,2024-01-08,2025-01-07,Monroe Care Protection,Standard,2024-06-19,2024-07-04,Manufacturing Defect,Factory assembly defect leading to unprovoked system failure.,Manufacturing,5,202,0,True,True,True,True,True,False,0,False,False,False,False,Likely Valid
CLM-02104,PRD-96887,Active Noise Cancelling Headphones,Electronics,Samsung,SAM-ELE-477,SNSA520760,SNSA520760,SNSA520760,2024-12-14,264.9,Direct Manufacturer Store,2024-12-14,2026-12-14,Samsung Care Protection,Standard,2026-01-08,2026-01-09,Accidental Damage,Heavy object fell directly on top of the chassis during home move.,Accidental Damage,12,340,0,True,True,True,True,True,False,0,False,False,True,False,Likely Invalid
CLM-01423,PRD-90735,Ceramic Brake Pad Set,Automotive,Continental Auto,CON-AUT-624,SNCO393971,SNCO393971,SNCO393971,2023-09-07,111.33,NAPA Auto Parts,2023-09-07,2025-09-06,AssureX Extended Guard,Extended,2024-07-08,2024-07-13,Electrical Component Failure,Unspecified system degradation observed during normal operating routine.,Manufacturing,10,425,0,True,False,True,True,True,False,1,False,False,False,False,Likely Invalid
CLM-00394,PRD-54308,Electric Range Oven,Appliances,Whirlpool,WHI-APP-582,SNWH375831,SNWH375831,SNWH375831,2024-10-16,1222.42,Home Depot,2024-10-16,2027-10-16,Whirlpool Care Protection,Standard,2025-10-20,2025-10-26,Manufacturing Defect,Factory assembly defect leading to unprovoked system failure.,Manufacturing,12,726,0,True,True,True,True,True,False,0,False,False,False,False,Likely Valid
CLM-01844,PRD-43345,Smart Dishwasher 24-inch,Appliances,Samsung,SAM-APP-709,SNSA884828,SNSA884828,SNSA884828,2023-09-17,933.83,Sears Appliance Outlet,2023-09-17,2026-09-16,Samsung Care Protection,Standard,2024-07-31,2024-08-07,Control Board Failure,Unspecified system degradation observed during normal operating routine.,Manufacturing,10,777,0,True,True,True,True,True,False,0,False,False,False,False,Likely Valid
CLM-01124,PRD-16587,Electric Range Oven,Appliances,Samsung,SAM-APP-541,SNSA204036,SNSA204036,SNSA204036,2025-01-07,1237.52,Lowe's,2025-01-07,2028-01-07,Samsung Care Protection,Standard,2027-05-04,2027-05-12,Commercial Use of Domestic Product,Machine installed in commercial 24-hour laundromat facility.,Commercial Use of Domestic Product,27,248,0,True,True,True,True,True,False,0,False,False,True,False,Likely Invalid
CLM-02159,PRD-75549,Heavy-Duty Clothes Dryer,Appliances,Samsung,SAM-APP-548,SNSA489090,SNSA489090,SNSA489090,2025-01-16,956.73,Lowe's,2025-01-16,2029-01-16,AssureX Extended Guard,Extended,2027-06-26,2027-06-28,Motor Failure,Drive motor hums loudly but will not spin drum under normal load.,Manufacturing,29,570,0,True,True,True,True,True,False,0,False,False,False,False,Likely Valid
CLM-02039,PRD-66101,Gaming Desktop Rig,Electronics,Dell,DEL-ELE-922,SNDE368780,SNDE368780,SNDE368780,2025-02-03,1754.32,BestBuy,2025-02-03,2027-02-03,Dell Care Protection,Standard,2026-12-04,2026-12-13,Software Malfunction,Main OS freezes on start screen; hardware diagnostic passes.,Electrical Failure,21,61,0,True,True,True,True,False,False,1,False,False,False,False,Manual Review Required
CLM-01465,PRD-30655,OLED 4K Smart TV,Electronics,Dell,DEL-ELE-255,SNDE927004,SNDE927004,SNDE927004,2024-12-18,1267.41,Amazon Electronics,2024-12-18,2026-12-18,Dell Care Protection,Standard,2026-02-14,2026-02-21,Display Defect,Vertical colored line artifacts appeared across OLED panel without impact.,Unauthorized Modification,13,307,4,False,True,True,True,True,False,1,False,False,True,False,Likely Invalid
CLM-00677,PRD-81891,French Door Refrigerator,Appliances,Maytag,MAY-APP-142,SNMA988327,SNMA988315,SNMA988327,2025-04-11,1404.98,Home Depot,2025-04-11,2028-04-10,Maytag Care Protection,Standard,2025-11-23,2025-11-30,Motor Failure,Drive motor hums loudly but will not spin drum under normal load.,Manufacturing,7,869,0,True,True,True,True,True,False,0,True,False,False,True,Manual Review Required
CLM-02107,PRD-28952,Electric Range Oven,Appliances,GE Appliances,GE -APP-580,SNGE888241,SNGE888241,SNGE888241,2023-02-26,989.65,Sears Appliance Outlet,2023-02-26,2026-02-25,GE Appliances Care Protection,Standard,2023-08-01,2023-08-13,Cosmetic Wear,Unspecified system degradation observed during normal operating routine.,Cosmetic Wear,5,939,0,True,True,True,True,True,False,0,False,False,True,False,Likely Invalid
CLM-01037,PRD-43940,OLED 4K Smart TV,Electronics,HP,HP-ELE-549,SNHP953880,SNHP953880,SNHP953880,2025-04-28,1441.76,Target,2025-04-28,2028-04-27,AssureX Extended Guard,Extended,2028-09-15,2028-10-02,Software Malfunction,Main OS freezes on start screen; hardware diagnostic passes.,Manufacturing,40,-141,0,True,True,True,True,True,False,0,False,False,False,False,Likely Invalid
CLM-01356,PRD-83296,OLED 4K Smart TV,Electronics,Dell,DEL-ELE-239,SNDE692377,SNDE692377,SNDE692377,2024-07-26,1418.34,B&H Photo,2024-07-26,2026-07-26,Dell Care Protection,Standard,2025-10-06,2025-10-09,Electrical Failure,Internal circuit shorted during regular use with standard power supply.,Electrical,14,293,0,True,True,True,True,True,False,0,False,False,False,False,Likely Valid
CLM-01409,PRD-61080,Smart Watch Series 7,Electronics,Apple,APP-ELE-753,SNAP859599,SNAP859599,SNAP859599,2024-09-19,352.94,Amazon Electronics,2024-09-19,2026-09-19,Apple Care Protection,Standard,2025-10-24,2025-10-31,Software Malfunction,System firmware entered boot loop following manufacturer OTA update.,Electrical Failure,13,330,0,True,True,True,True,False,False,1,False,False,False,False,Manual Review Required
CLM-01654,PRD-51110,Electric Range Oven,Appliances,LG,LG-APP-332,SNLG553208,SNLG553208,SNLG553208,2025-01-15,1113.28,Lowe's,2025-01-15,2029-01-15,AssureX Extended Guard,Extended,2025-06-22,2025-06-27,Electrical Wiring Defect,Sensor module stopped transmitting readings to the main board.,Component Failure,5,1303,1,False,True,True,True,True,False,1,False,False,False,False,Manual Review Required
CLM-01118,PRD-24774,Front-Load Washing Machine,Appliances,Whirlpool,WHI-APP-834,SNWH108838,SNWH108838,SNWH108838,2024-06-26,928.21,Direct Factory Outlet,2024-06-26,2027-06-26,Whirlpool Care Protection,Standard,2026-05-15,2026-05-29,Control Board Failure,Unspecified system degradation observed during normal operating routine.,Manufacturing,22,407,0,True,True,True,True,True,False,0,False,False,False,False,Likely Valid
CLM-00579,PRD-74387,Gaming Desktop Rig,Electronics,Lenovo,LEN-ELE-545,SNLE495383,SNLE495383,SNLE495383,2023-06-12,1633.47,BestBuy,2023-06-12,2025-06-11,Lenovo Care Protection,Standard,2024-07-12,2024-07-20,Display Defect,Backlight flickering continuously on left half of screen.,Manufacturing,13,334,1,True,True,True,True,True,True,0,False,False,False,False,Likely Valid
CLM-01898,PRD-46822,Convection Microwave Oven,Appliances,Samsung,SAM-APP-123,SNSA114328,SNSA114328,SNSA114328,2024-09-17,316.21,Direct Factory Outlet,2024-09-17,2028-09-17,AssureX Extended Guard,Extended,2028-03-08,2028-03-12,Control Board Failure,Unspecified system degradation observed during normal operating routine.,Unauthorized Modification,41,193,2,False,True,True,True,True,False,1,False,False,True,False,Likely Invalid
CLM-02212,PRD-15148,Electric Range Oven,Appliances,Samsung,SAM-APP-114,SNSA383542,SNSA383542,SNSA383542,2025-01-19,1128.77,Sears Appliance Outlet,2025-01-19,2028-01-19,Samsung Care Protection,Standard,2026-08-04,2026-08-10,Manufacturing Defect,Internal solder joint loosened causing intermittent power disconnects.,Manufacturing,18,533,1,True,True,True,True,True,True,0,False,False,False,False,Likely Valid
CLM-02338,PRD-69455,Mirrorless Camera Body,Electronics,Dell,DEL-ELE-776,SNDE242406,SNDE242406,SNDE242406,2024-01-23,1495.34,Direct Manufacturer Store,2024-01-23,2026-01-22,Dell Care Protection,Standard,2025-10-11,2025-10-16,Accidental Damage,Heavy object fell directly on top of the chassis during home move.,Accidental Damage,20,103,0,True,True,True,True,True,False,0,False,False,True,False,Likely Invalid
CLM-00461,PRD-32179,OLED 4K Smart TV,Electronics,Dell,DEL-ELE-440,SNDE977944,SNDE977944,SNDE977944,2024-07-22,1342.56,B&H Photo,2024-07-22,2026-07-22,Dell Care Protection,Standard,2025-10-14,2025-10-21,Component Failure,Sensor module stopped transmitting readings to the main board.,Manufacturing,14,281,0,True,True,True,True,True,False,0,False,False,False,False,Likely Valid
CLM-01242,PRD-31346,Front-Load Washing Machine,Appliances,Bosch,BOS-APP-959,SNBO164164,SNBO164164,SNBO164164,2023-01-24,981.76,Costco,2023-01-24,2027-01-24,AssureX Extended Guard,Extended,2026-05-26,2026-06-05,Power Surge Damage,Unspecified system degradation observed during normal operating routine.,Power Surge Damage,40,243,0,True,True,True,True,True,False,0,False,False,True,False,Likely Invalid
CLM-00161,PRD-48532,Galaxy Ultra Smartphone,Electronics,Apple,APP-ELE-480,SNAP419736,SNAP419736,SNAP419736,2025-01-24,1245.16,B&H Photo,2025-01-24,2027-01-24,Apple Care Protection,Standard,2025-07-18,2025-07-31,Unauthorized Modification,Unspecified system degradation observed during normal operating routine.,Unauthorized Modification,5,555,0,True,True,True,True,True,False,0,False,False,True,False,Likely Invalid
CLM-01014,PRD-83798,Tablet 11-inch Display,Electronics,Sony,SON-ELE-597,SNSO946781,SNSO946781,SNSO946781,2024-12-09,650.82,B&H Photo,2024-12-09,2026-12-09,Sony Care Protection,Standard,2025-01-15,2025-01-27,Manufacturing Defect,Device shut down unexpectedly and fails to power back on under normal conditions.,Unauthorized Modification,1,693,2,False,True,True,True,True,False,1,False,False,True,False,Likely Invalid
CLM-00740,PRD-99662,Active Noise Cancelling Headphones,Electronics,Sony,SON-ELE-355,SNSO881063,SNSO881063,SNSO881063,2024-09-05,243.22,BestBuy,2024-09-05,2026-09-05,Sony Care Protection,Standard,2025-07-15,2025-07-17,Unauthorized Modification,Unspecified system degradation observed during normal operating routine.,Unauthorized Modification,10,417,0,True,True,True,True,True,False,0,False,False,True,False,Likely Invalid
CLM-02347,PRD-19206,OLED 4K Smart TV,Electronics,HP,HP-ELE-533,SNHP510267,SNHP510267,SNHP510267,2024-06-23,1270.11,Direct Manufacturer Store,2024-06-23,2026-06-23,HP Care Protection,Standard,2025-11-14,2025-11-16,Software Malfunction,Main OS freezes on start screen; hardware diagnostic passes.,Electrical Failure,16,221,0,True,True,True,True,False,False,1,False,False,False,False,Manual Review Required
CLM-00206,PRD-84473,OLED 4K Smart TV,Electronics,Sony,SON-ELE-242,SNSO261156,SNSO261156,SNSO261156,2024-08-30,1489.08,B&H Photo,2024-08-30,2027-08-30,AssureX Extended Guard,Extended,2025-09-07,2025-09-14,Manufacturing Defect,Internal solder joint loosened causing intermittent power disconnects.,Manufacturing,12,722,0,True,True,True,True,True,False,0,False,False,False,False,Likely Valid
CLM-01056,PRD-24652,Gaming Desktop Rig,Electronics,Samsung,SAM-ELE-841,SNSA235582,SNSA235582,SNSA235582,2023-08-07,1733.61,Amazon Electronics,2023-08-07,2026-08-06,AssureX Extended Guard,Extended,2024-09-06,2024-09-08,Water Damage,Submerged in water during heavy basement storm leak.,Water Damage,13,699,0,True,True,True,True,True,False,0,False,False,True,True,Likely Invalid
CLM-02214,PRD-13521,Front-Load Washing Machine,Appliances,Samsung,SAM-APP-174,SNSA261794,SNSA261794,SNSA261794,2025-05-08,1012.4,Home Depot,2025-05-08,2028-05-07,Samsung Care Protection,Standard,2027-01-30,2027-02-10,Electrical Wiring Defect,Unspecified system degradation observed during normal operating routine.,Electrical,20,463,0,True,True,True,True,True,False,0,False,False,False,False,Likely Valid
CLM-01312,PRD-92598,ProBook Laptop 15-inch,Electronics,HP,HP-ELE-738,SNHP627877,SNHP627877,SNHP627877,2024-03-22,993.19,Amazon Electronics,2024-03-22,2026-03-22,HP Care Protection,Standard,2026-08-10,2026-08-21,Manufacturing Defect,Device shut down unexpectedly and fails to power back on under normal conditions.,Manufacturing,28,-141,0,True,True,True,True,True,False,0,False,False,False,False,Likely Invalid
CLM-01620,PRD-76707,Ceramic Brake Pad Set,Automotive,ACDelco,ACD-AUT-871,SNAC705466,SNAC705466,SNAC705466,2023-01-26,131.54,Advance Auto Parts,2023-01-26,2024-01-26,ACDelco Care Protection,Standard,2023-06-13,2023-06-15,Material Failure,Unspecified system degradation observed during normal operating routine.,Manufacturing,4,227,0,True,True,True,True,True,False,0,False,False,False,False,Likely Valid
CLM-01075,PRD-18022,French Door Refrigerator,Appliances,Samsung,SAM-APP-506,SNSA519655,SNSA519655,SNSA519655,2023-01-29,1545.52,Direct Factory Outlet,2023-01-29,2026-01-28,Samsung Care Protection,Standard,2022-12-23,2023-02-11,Compressor Failure,Compressor clicking repeatedly and unable to compress refrigerant.,Manufacturing,0,1132,0,True,True,True,True,True,False,0,False,True,False,False,Manual Review Required
CLM-00966,PRD-85084,Galaxy Ultra Smartphone,Electronics,Apple,APP-ELE-461,SNAP649907,SNAP649907,SNAP649907,2025-01-29,1163.11,Direct Manufacturer Store,2025-01-29,2027-01-29,Apple Care Protection,Standard,2026-05-04,2026-05-10,Display Defect,Vertical colored line artifacts appeared across OLED panel without impact.,Manufacturing,15,270,0,True,True,False,True,True,False,1,False,False,False,False,Likely Valid
CLM-01008,PRD-81712,Gaming Desktop Rig,Electronics,Samsung,SAM-ELE-706,SNSA321794,SNSA321727,SNSA321794,2025-02-10,2009.79,Target,2025-02-10,2027-02-10,Samsung Care Protection,Standard,2025-05-12,2025-05-20,Manufacturing Defect,Device shut down unexpectedly and fails to power back on under normal conditions.,Manufacturing,2,639,0,True,True,True,True,True,False,0,True,False,False,False,Manual Review Required
CLM-00776,PRD-89966,Mirrorless Camera Body,Electronics,Apple,APP-ELE-439,SNAP860736,SNAP860736,SNAP860736,2023-04-06,1796.54,Target,2023-04-06,2025-04-05,Apple Care Protection,Standard,2025-07-08,2025-07-11,Software Malfunction,System firmware entered boot loop following manufacturer OTA update.,Manufacturing,27,-94,0,True,True,True,True,True,False,0,False,False,False,False,Likely Invalid
CLM-00492,PRD-40765,OLED 4K Smart TV,Electronics,Lenovo,LEN-ELE-869,SNLE397677,SNLE397677,SNLE397677,2024-08-05,1287.09,Target,2024-08-05,2026-08-05,Lenovo Care Protection,Standard,2025-06-03,2025-06-13,Manufacturing Defect,Device shut down unexpectedly and fails to power back on under normal conditions.,Manufacturing,9,428,0,True,True,False,True,True,False,1,False,False,False,False,Likely Valid
CLM-01591,PRD-92745,ABS Wheel Speed Sensor,Automotive,K&N,K&N-AUT-233,SNK&531612,SNK&531612,SNK&531612,2023-01-21,97.08,AutoZone,2023-01-21,2024-01-21,K&N Care Protection,Standard,2023-05-21,2023-05-29,Manufacturing Defect,Device shut down unexpectedly and fails to power back on under normal conditions.,Manufacturing,3,245,0,True,True,True,True,True,False,0,False,False,False,False,Likely Valid
CLM-00360,PRD-75823,Galaxy Ultra Smartphone,Electronics,Samsung,SAM-ELE-462,SNSA552432,SNSA552432,SNSA552432,2024-10-31,933.89,Target,2024-10-31,2026-10-31,Samsung Care Protection,Standard,2025-03-16,2025-03-24,Software Malfunction,Main OS freezes on start screen; hardware diagnostic passes.,Manufacturing,4,594,0,True,True,True,True,True,False,0,False,False,False,False,Likely Valid
CLM-00285,PRD-58705,Smart Dishwasher 24-inch,Appliances,Maytag,MAY-APP-860,SNMA916639,SNMA916626,SNMA916639,2024-01-06,814.17,Direct Factory Outlet,2024-01-06,2027-01-05,Maytag Care Protection,Standard,2026-04-01,2026-04-03,Manufacturing Defect,Factory assembly defect leading to unprovoked system failure.,Manufacturing,26,279,0,True,True,True,True,True,False,0,True,False,False,False,Manual Review Required
CLM-01901,PRD-78760,OLED 4K Smart TV,Electronics,HP,HP-ELE-960,SNHP705835,SNHP705835,SNHP705835,2024-05-19,1256.59,Amazon Electronics,2024-05-19,2026-05-19,HP Care Protection,Standard,2025-08-22,2025-08-28,Display Defect,Backlight flickering continuously on left half of screen.,Manufacturing,15,270,0,True,True,True,True,True,False,0,False,False,False,False,Likely Valid
CLM-02244,PRD-83061,Tablet 11-inch Display,Electronics,Asus,ASU-ELE-587,SNAS336183,SNAS336183,SNAS336183,2023-06-15,640.26,B&H Photo,2023-06-15,2025-06-14,Asus Care Protection,Standard,2024-05-28,2024-05-30,Electrical Failure,No current flowing to main motor despite active input power.,Electrical,11,382,1,True,True,True,True,True,True,0,False,False,False,False,Likely Valid
CLM-02017,PRD-97106,Mirrorless Camera Body,Electronics,Apple,APP-ELE-471,SNAP750588,SNAP750588,SNAP750588,2024-07-19,1803.32,BestBuy,2024-07-19,2026-07-19,Apple Care Protection,Standard,2026-05-12,2026-05-16,Electrical Failure,No current flowing to main motor despite active input power.,Unauthorized Modification,21,68,3,False,True,True,True,True,False,1,False,False,True,True,Likely Invalid
CLM-01660,PRD-17594,Front-Load Washing Machine,Appliances,Samsung,SAM-APP-623,SNSA119178,SNSA119178,SNSA119178,2023-11-17,956.13,Lowe's,2023-11-17,2026-11-16,Samsung Care Protection,Standard,2025-03-04,2025-03-12,Control Board Failure,No current flowing to main motor despite active input power.,Electrical Failure,15,622,0,True,True,True,True,False,False,1,False,False,False,False,Manual Review Required
CLM-00138,PRD-73795,Convection Microwave Oven,Appliances,KitchenAid,KIT-APP-571,SNKI825411,SNKI825411,SNKI825411,2024-04-15,323.85,Direct Factory Outlet,2024-04-15,2027-04-15,KitchenAid Care Protection,Standard,2025-11-04,2025-11-17,Compressor Failure,Compressor clicking repeatedly and unable to compress refrigerant.,Manufacturing,18,527,0,True,True,False,True,True,False,1,False,False,False,False,Likely Valid
CLM-02085,PRD-99808,Galaxy Ultra Smartphone,Electronics,HP,HP-ELE-107,SNHP108077,SNHP108077,SNHP108077,2024-11-09,1204.5,B&H Photo,2024-11-09,2027-11-09,AssureX Extended Guard,Extended,2028-03-17,2028-04-06,Manufacturing Defect,Internal solder joint loosened causing intermittent power disconnects.,Manufacturing,40,-129,0,True,True,True,True,True,False,0,False,False,False,False,Likely Invalid
CLM-02060,PRD-86424,High Output Alternator,Automotive,K&N,K&N-AUT-195,SNK&756143,SNK&756143,SNK&756143,2023-12-26,386.67,NAPA Auto Parts,2023-12-26,2024-12-25,K&N Care Protection,Standard,2024-05-28,2024-06-06,Electrical Component Failure,Unspecified system degradation observed during normal operating routine.,Electrical,5,211,0,True,True,True,True,True,False,0,False,False,False,False,Likely Valid
CLM-00707,PRD-20788,Electric Range Oven,Appliances,LG,LG-APP-485,SNLG994643,SNLG994643,SNLG994643,2023-01-14,971.47,Home Depot,2023-01-14,2026-01-13,LG Care Protection,Standard,2025-11-17,2025-11-19,Control Board Failure,Unspecified system degradation observed during normal operating routine.,Unauthorized Modification,34,57,4,False,True,True,True,True,False,1,False,False,True,False,Likely Invalid
CLM-00208,PRD-58319,Mirrorless Camera Body,Electronics,Dell,DEL-ELE-775,SNDE649868,SNDE649868,SNDE649868,2025-03-16,1273.09,BestBuy,2025-03-16,2027-03-16,Dell Care Protection,Standard,2025-09-28,2025-10-04,Component Failure,Sensor module stopped transmitting readings to the main board.,Manufacturing,6,534,0,True,True,True,True,True,False,0,False,False,False,False,Likely Valid
CLM-01116,PRD-45519,Performance Shock Absorbers,Automotive,ACDelco,ACD-AUT-673,SNAC225638,SNAC225638,SNAC225638,2023-02-24,442.9,NAPA Auto Parts,2023-02-24,2024-02-24,ACDelco Care Protection,Standard,2023-07-10,2023-07-20,Seal or Gasket Failure,Unspecified system degradation observed during normal operating routine.,Manufacturing,4,229,0,True,False,True,True,True,False,1,False,False,False,False,Likely Invalid
CLM-00750,PRD-79794,OLED 4K Smart TV,Electronics,HP,HP-ELE-978,SNHP452476,SNHP452476,SNHP452476,2024-06-01,1191.3,Amazon Electronics,2024-06-01,2027-06-01,AssureX Extended Guard,Extended,2026-11-30,2026-12-09,Accidental Damage,Dropped on concrete driveway resulting in shattered enclosure and severed cable.,Accidental Damage,29,183,0,True,True,True,True,True,False,0,False,False,True,False,Likely Invalid
CLM-00432,PRD-81226,Smart Watch Series 7,Electronics,Asus,ASU-ELE-915,SNAS760631,SNAS760631,SNAS760631,2025-01-17,401.75,B&H Photo,2025-01-17,2027-01-17,Asus Care Protection,Standard,2025-06-24,2025-06-28,Manufacturing Defect,Internal solder joint loosened causing intermittent power disconnects.,Manufacturing,5,572,0,True,True,True,True,True,False,0,False,False,False,False,Likely Valid
CLM-02393,PRD-11211,Heavy-Duty Clothes Dryer,Appliances,Whirlpool,WHI-APP-523,SNWH887382,SNWH887382,SNWH887382,2025-04-26,957.01,Direct Factory Outlet,2025-04-26,2028-04-25,Whirlpool Care Protection,Standard,2027-03-07,2027-03-19,Motor Failure,"Motor winding resistance out of spec, causing tripping.",Manufacturing,22,415,0,True,True,True,True,True,False,0,False,False,False,False,Likely Valid
CLM-01290,PRD-44862,Electric Range Oven,Appliances,KitchenAid,KIT-APP-756,SNKI191991,SNKI191991,SNKI191991,2023-01-13,1219.67,Costco,2023-01-13,2026-01-12,KitchenAid Care Protection,Standard,2026-03-28,2026-04-17,Manufacturing Defect,Factory assembly defect leading to unprovoked system failure.,Manufacturing,38,-75,0,True,True,True,True,True,False,0,False,False,False,False,Likely Invalid
CLM-01922,PRD-78771,Smart Dishwasher 24-inch,Appliances,Whirlpool,WHI-APP-630,SNWH687588,SNWH687588,SNWH687588,2024-12-29,676.47,Home Depot,2024-12-29,2027-12-29,Whirlpool Care Protection,Standard,2026-11-27,2026-12-10,Electrical Wiring Defect,Unspecified system degradation observed during normal operating routine.,Electrical,22,397,0,True,True,True,True,True,False,0,False,False,False,False,Likely Valid
CLM-00906,PRD-68207,Front-Load Washing Machine,Appliances,Whirlpool,WHI-APP-691,SNWH724452,SNWH724452,SNWH724452,2023-01-22,1022.54,Sears Appliance Outlet,2023-01-22,2026-01-21,Whirlpool Care Protection,Standard,2024-10-03,2024-10-06,Control Board Failure,Unspecified system degradation observed during normal operating routine.,Manufacturing,20,475,0,True,True,True,True,True,False,0,False,False,False,False,Likely Valid
CLM-00220,PRD-95720,Galaxy Ultra Smartphone,Electronics,Dell,DEL-ELE-465,SNDE439075,SNDE439075,SNDE439075,2024-05-06,918.53,Target,2024-05-06,2026-05-06,Dell Care Protection,Standard,2025-01-08,2025-01-16,Electrical Failure,Capacitor blown on the primary controller board without power surge.,Unauthorized Modification,8,483,2,False,True,True,True,True,False,1,False,False,True,False,Likely Invalid
CLM-00050,PRD-38740,Tablet 11-inch Display,Electronics,Samsung,SAM-ELE-983,SNSA898100,SNSA898100,SNSA898100,2024-12-22,809.06,Direct Manufacturer Store,2024-12-22,2026-12-22,Samsung Care Protection,Standard,2025-08-29,2025-08-30,Electrical Failure,Capacitor blown on the primary controller board without power surge.,Electrical,8,480,0,True,True,True,True,True,False,0,False,False,False,False,Likely Valid
CLM-01440,PRD-58186,ABS Wheel Speed Sensor,Automotive,ACDelco,ACD-AUT-629,SNAC855458,SNAC855458,SNAC855458,2024-10-05,91.56,RockAuto,2024-10-05,2025-10-05,ACDelco Care Protection,Standard,2024-12-16,2024-12-18,Material Failure,Unspecified system degradation observed during normal operating routine.,Unauthorized Modification,2,293,2,False,True,True,True,True,False,1,False,False,True,False,Likely Invalid
CLM-01183,PRD-44021,Gaming Desktop Rig,Electronics,Apple,APP-ELE-151,SNAP269866,SNAP269866,SNAP269866,2024-09-04,1988.84,B&H Photo,2024-09-04,2027-09-04,AssureX Extended Guard,Extended,2027-04-15,2027-04-18,Unauthorized Modification,Unspecified system degradation observed during normal operating routine.,Unauthorized Modification,31,142,0,True,True,True,True,True,False,0,False,False,True,False,Likely Invalid
CLM-02202,PRD-40746,Tablet 11-inch Display,Electronics,Dell,DEL-ELE-683,SNDE533614,SNDE533614,SNDE533614,2023-11-22,753.33,Amazon Electronics,2023-11-22,2025-11-21,Dell Care Protection,Standard,2025-04-30,2025-05-06,Display Defect,Backlight flickering continuously on left half of screen.,Manufacturing,17,205,1,True,True,True,True,True,True,0,False,False,False,False,Likely Valid
CLM-00907,PRD-17008,French Door Refrigerator,Appliances,Samsung,SAM-APP-250,SNSA865929,SNSA865929,SNSA865929,2023-11-13,1430.98,Lowe's,2023-11-13,2026-11-12,Samsung Care Protection,Standard,2024-12-15,2024-12-27,Thermostat Malfunction,"Thermostat stuck open, temperature never reaches target threshold.",Manufacturing,13,697,1,True,True,True,True,True,True,0,False,False,False,False,Likely Valid
CLM-00631,PRD-82106,Performance Shock Absorbers,Automotive,Brembo,BRE-AUT-588,SNBR486737,SNBR486737,SNBR486737,2023-02-09,344.55,NAPA Auto Parts,2023-02-09,2025-02-08,AssureX Extended Guard,Extended,2024-04-23,2024-04-29,Electrical Component Failure,Unspecified system degradation observed during normal operating routine.,Electrical,14,291,0,True,True,True,True,True,False,0,False,False,False,False,Likely Valid
CLM-01299,PRD-42151,ProBook Laptop 15-inch,Electronics,HP,HP-ELE-283,SNHP368079,SNHP368079,SNHP368079,2024-05-22,825.26,Amazon Electronics,2024-05-22,2026-05-22,HP Care Protection,Standard,2026-01-22,2026-01-27,Manufacturing Defect,Internal solder joint loosened causing intermittent power disconnects.,Unauthorized Modification,20,120,4,False,True,True,True,True,False,1,False,False,True,False,Likely Invalid
CLM-02132,PRD-64570,Smart Watch Series 7,Electronics,Lenovo,LEN-ELE-784,SNLE442830,SNLE442830,SNLE442830,2024-04-29,490.68,BestBuy,2024-04-29,2026-04-29,Lenovo Care Protection,Standard,2025-08-06,2025-08-17,Display Defect,Vertical colored line artifacts appeared across OLED panel without impact.,Manufacturing,15,266,0,True,True,True,True,True,False,0,False,False,False,False,Likely Valid
CLM-01755,PRD-68947,Smart Watch Series 7,Electronics,Sony,SON-ELE-843,SNSO380734,SNSO380734,SNSO380734,2024-02-17,343.51,Amazon Electronics,2024-02-17,2026-02-16,Sony Care Protection,Standard,2025-04-17,2025-04-28,Display Defect,Vertical colored line artifacts appeared across OLED panel without impact.,Manufacturing,13,305,1,True,True,True,True,True,True,0,False,False,False,False,Likely Valid
CLM-00815,PRD-98964,Smart Dishwasher 24-inch,Appliances,LG,LG-APP-790,SNLG266951,SNLG266951,SNLG266951,2024-07-22,663.36,Costco,2024-07-22,2027-07-22,LG Care Protection,Standard,2025-12-11,2025-12-20,Thermostat Malfunction,"Thermostat stuck open, temperature never reaches target threshold.",Manufacturing,16,588,0,True,True,True,True,True,False,0,False,False,False,False,Likely Valid
CLM-01725,PRD-56916,Convection Microwave Oven,Appliances,Maytag,MAY-APP-212,SNMA449366,SNMA449366,SNMA449366,2025-02-09,360.58,Sears Appliance Outlet,2025-02-09,2028-02-09,Maytag Care Protection,Standard,2026-08-28,2026-09-04,Motor Failure,"Motor winding resistance out of spec, causing tripping.",Manufacturing,18,530,0,True,True,True,True,True,False,0,False,False,False,False,Likely Valid
CLM-02119,PRD-23204,Front-Load Washing Machine,Appliances,LG,LG-APP-641,SNLG421583,SNLG421583,SNLG421583,2023-05-19,993.34,Home Depot,2023-05-19,2026-05-18,LG Care Protection,Standard,2026-04-05,2026-04-06,Motor Failure,"Motor winding resistance out of spec, causing tripping.",Electrical Failure,34,43,0,True,True,True,True,False,False,1,False,False,False,False,Manual Review Required
CLM-00415,PRD-59950,Active Noise Cancelling Headphones,Electronics,HP,HP-ELE-487,SNHP971080,SNHP971080,SNHP971080,2023-05-02,303.26,Amazon Electronics,2023-05-02,2025-05-01,HP Care Protection,Standard,2023-12-11,2023-12-21,Display Defect,Vertical colored line artifacts appeared across OLED panel without impact.,Manufacturing,7,507,1,True,True,True,True,True,True,0,False,False,False,False,Likely Valid
CLM-01786,PRD-48228,Gaming Desktop Rig,Electronics,Asus,ASU-ELE-206,SNAS208433,SNAS208433,SNAS208433,2023-09-07,1691.13,Direct Manufacturer Store,2023-09-07,2025-09-06,Asus Care Protection,Standard,2024-04-09,2024-04-10,Manufacturing Defect,Internal solder joint loosened causing intermittent power disconnects.,Manufacturing,7,515,0,True,True,True,True,True,False,0,False,False,False,False,Likely Valid
CLM-00667,PRD-61724,French Door Refrigerator,Appliances,Samsung,SAM-APP-870,SNSA552849,SNSA552849,SNSA552849,2023-02-12,1387.46,Sears Appliance Outlet,2023-02-12,2026-02-11,Samsung Care Protection,Standard,2025-05-22,2025-05-30,Electrical Wiring Defect,Unspecified system degradation observed during normal operating routine.,Manufacturing,27,265,0,True,False,True,True,True,False,1,False,False,False,False,Likely Invalid
CLM-01733,PRD-79922,Performance Shock Absorbers,Automotive,ACDelco,ACD-AUT-328,SNAC862473,SNAC862473,SNAC862473,2023-12-11,433.11,AutoZone,2023-12-11,2024-12-10,ACDelco Care Protection,Standard,2024-08-17,2024-08-24,Seal or Gasket Failure,Unspecified system degradation observed during normal operating routine.,Manufacturing,8,115,0,True,True,True,True,True,False,0,False,False,False,False,Likely Valid
CLM-01023,PRD-72774,ABS Wheel Speed Sensor,Automotive,Bosch Auto,BOS-AUT-277,SNBO220736,SNBO220736,SNBO220736,2024-05-22,113.45,AutoZone,2024-05-22,2025-05-22,Bosch Auto Care Protection,Standard,2024-09-27,2024-10-02,Electrical Component Failure,Unspecified system degradation observed during normal operating routine.,Manufacturing,4,237,0,True,False,True,True,True,False,1,False,False,False,False,Likely Invalid
CLM-01213,PRD-73321,High Output Alternator,Automotive,Monroe,MON-AUT-853,SNMO107784,SNMO107784,SNMO107784,2025-02-04,330.14,RockAuto,2025-02-04,2026-02-04,Monroe Care Protection,Standard,2025-07-18,2025-07-26,Electrical Component Failure,Unspecified system degradation observed during normal operating routine.,Electrical,5,201,0,True,True,True,True,True,False,0,False,False,False,False,Likely Valid
CLM-00301,PRD-91888,High Output Alternator,Automotive,Monroe,MON-AUT-795,SNMO545901,SNMO545901,SNMO545901,2024-03-21,309.43,O'Reilly Auto,2024-03-21,2025-03-21,Monroe Care Protection,Standard,2024-06-09,2024-06-14,Electrical Component Failure,Unspecified system degradation observed during normal operating routine.,Electrical,2,285,0,True,True,True,True,True,False,0,False,False,False,False,Likely Valid
CLM-01838,PRD-12360,Heavy-Duty Clothes Dryer,Appliances,LG,LG-APP-802,SNLG383175,SNLG383175,SNLG383175,2023-05-12,706.63,Costco,2023-05-12,2026-05-11,LG Care Protection,Standard,2023-07-21,2023-07-30,Thermostat Malfunction,Temperature reading fluctuating wildly causing erratic operation.,Manufacturing,2,1025,0,True,False,True,True,True,False,1,False,False,False,False,Likely Invalid
CLM-02052,PRD-74639,Heavy-Duty Starter Motor,Automotive,Brembo,BRE-AUT-557,SNBR904927,SNBR904927,SNBR904927,2024-02-26,307.98,NAPA Auto Parts,2024-02-26,2025-02-25,Brembo Care Protection,Standard,2024-06-27,2024-07-03,Material Failure,Unspecified system degradation observed during normal operating routine.,Manufacturing,4,243,3,True,True,True,True,True,True,0,False,False,False,False,Manual Review Required
CLM-01695,PRD-50923,French Door Refrigerator,Appliances,LG,LG-APP-818,SNLG143334,SNLG143334,SNLG143334,2024-06-09,1474.43,Costco,2024-06-09,2027-06-09,LG Care Protection,Standard,2025-04-22,2025-04-23,Motor Failure,Drive motor hums loudly but will not spin drum under normal load.,Manufacturing,10,778,0,True,True,True,True,True,False,0,False,False,False,False,Likely Valid
CLM-00951,PRD-54536,Heavy-Duty Clothes Dryer,Appliances,KitchenAid,KIT-APP-802,SNKI716772,SNKI716772,SNKI716772,2023-02-19,763.08,Direct Factory Outlet,2023-02-19,2027-02-19,AssureX Extended Guard,Extended,2023-06-18,2023-07-02,Thermostat Malfunction,Temperature reading fluctuating wildly causing erratic operation.,Manufacturing,3,1342,0,True,False,True,True,True,False,1,False,False,False,False,Likely Invalid
CLM-01380,PRD-57660,Active Noise Cancelling Headphones,Electronics,Dell,DEL-ELE-689,SNDE205936,SNDE205936,SNDE205936,2023-10-10,259.55,Amazon Electronics,2023-10-10,2026-10-09,AssureX Extended Guard,Extended,2024-07-19,2024-08-01,Electrical Failure,No current flowing to main motor despite active input power.,Electrical,9,812,0,True,True,True,True,True,False,0,False,False,False,False,Likely Valid
CLM-01350,PRD-90985,Tablet 11-inch Display,Electronics,Sony,SON-ELE-230,SNSO774976,SNSO774976,SNSO774976,2023-12-12,576.84,Target,2023-12-12,2025-12-11,Sony Care Protection,Standard,2024-10-23,2024-10-28,Manufacturing Defect,Internal solder joint loosened causing intermittent power disconnects.,Electrical Failure,10,414,0,True,True,True,True,False,False,1,False,False,False,False,Manual Review Required
CLM-00401,PRD-68135,Smart Watch Series 7,Electronics,Dell,DEL-ELE-822,SNDE870932,SNDE870932,SNDE870932,2024-04-15,468.97,Amazon Electronics,2024-04-15,2026-04-15,Dell Care Protection,Standard,2026-03-15,2026-03-19,Display Defect,Backlight flickering continuously on left half of screen.,Manufacturing,22,31,0,True,False,True,True,True,False,1,False,False,False,False,Likely Invalid
CLM-02361,PRD-35230,Heavy-Duty Starter Motor,Automotive,K&N,K&N-AUT-695,SNK&640458,SNK&640458,SNK&640458,2023-11-09,250.11,AutoZone,2023-11-09,2025-11-08,AssureX Extended Guard,Extended,2026-01-11,2026-01-21,Manufacturing Defect,Device shut down unexpectedly and fails to power back on under normal conditions.,Manufacturing,26,-64,0,True,True,True,True,True,False,0,False,False,False,False,Likely Invalid
CLM-01909,PRD-13578,Active Noise Cancelling Headphones,Electronics,LG,LG-ELE-611,SNLG574037,SNLG574037,SNLG574037,2023-11-05,248.02,B&H Photo,2023-11-05,2025-11-04,LG Care Protection,Standard,2025-04-06,2025-04-17,Software Malfunction,Main OS freezes on start screen; hardware diagnostic passes.,Manufacturing,17,212,0,True,True,True,True,True,False,0,False,False,False,False,Likely Valid
CLM-00754,PRD-69291,Smart Dishwasher 24-inch,Appliances,GE Appliances,GE -APP-100,SNGE547852,SNGE547852,SNGE547852,2025-05-14,846.41,Sears Appliance Outlet,2025-05-14,2028-05-13,GE Appliances Care Protection,Standard,2025-11-21,2025-12-03,Manufacturing Defect,Factory assembly defect leading to unprovoked system failure.,Manufacturing,6,904,0,True,True,True,True,True,False,0,False,False,False,False,Likely Valid
CLM-00615,PRD-38607,Electric Range Oven,Appliances,Maytag,MAY-APP-403,SNMA730775,SNMA730775,SNMA730775,2024-10-24,1116.4,Sears Appliance Outlet,2024-10-24,2027-10-24,Maytag Care Protection,Standard,2026-03-25,2026-04-06,Motor Failure,"Motor winding resistance out of spec, causing tripping.",Manufacturing,16,578,0,True,True,True,True,True,False,0,False,False,False,False,Likely Valid
CLM-02083,PRD-33007,Gaming Desktop Rig,Electronics,Apple,APP-ELE-535,SNAP531209,SNAP531209,SNAP531209,2023-12-11,1832.53,BestBuy,2023-12-11,2025-12-10,Apple Care Protection,Standard,2024-04-07,2024-04-14,Software Malfunction,System firmware entered boot loop following manufacturer OTA update.,Unauthorized Modification,3,612,3,False,True,True,True,True,False,1,False,False,True,False,Likely Invalid
CLM-01626,PRD-20637,Tablet 11-inch Display,Electronics,Asus,ASU-ELE-250,SNAS183203,SNAS183203,SNAS183203,2025-01-11,612.57,Amazon Electronics,2025-01-11,2027-01-11,Asus Care Protection,Standard,2025-10-23,2025-11-03,Software Malfunction,Main OS freezes on start screen; hardware diagnostic passes.,Manufacturing,9,445,0,True,True,True,True,True,False,0,False,False,False,False,Likely Valid
CLM-00772,PRD-32396,Galaxy Ultra Smartphone,Electronics,Apple,APP-ELE-244,SNAP830484,SNAP830484,SNAP830484,2025-03-21,1009.02,B&H Photo,2025-03-21,2027-03-21,Apple Care Protection,Standard,2026-02-01,2026-02-06,Electrical Failure,Capacitor blown on the primary controller board without power surge.,Electrical,10,413,1,True,True,False,True,True,True,1,False,False,False,False,Likely Valid
CLM-01032,PRD-91737,ProBook Laptop 15-inch,Electronics,HP,HP-ELE-303,SNHP310807,SNHP310807,SNHP310807,2023-12-30,767.88,Amazon Electronics,2023-12-30,2025-12-29,HP Care Protection,Standard,2024-02-14,2024-02-17,Physical Impact,Unspecified system degradation observed during normal operating routine.,Physical Impact,1,684,0,True,True,True,True,True,False,0,False,False,True,False,Likely Invalid
CLM-02054,PRD-44753,Mirrorless Camera Body,Electronics,LG,LG-ELE-682,SNLG821408,SNLG821408,SNLG821408,2023-06-13,1660.08,Target,2023-06-13,2026-06-12,AssureX Extended Guard,Extended,2024-04-09,2024-04-13,Display Defect,Backlight flickering continuously on left half of screen.,Unauthorized Modification,9,794,3,False,True,True,True,True,False,1,False,False,True,False,Likely Invalid
CLM-02074,PRD-43470,ProBook Laptop 15-inch,Electronics,Dell,DEL-ELE-578,SNDE138190,SNDE138115,SNDE138190,2024-11-05,847.5,BestBuy,2024-11-05,2026-11-05,Dell Care Protection,Standard,2025-08-19,2025-08-24,Electrical Failure,Internal circuit shorted during regular use with standard power supply.,Manufacturing,9,443,0,True,True,True,True,True,False,0,True,False,False,False,Manual Review Required
CLM-01773,PRD-85099,Active Noise Cancelling Headphones,Electronics,Apple,APP-ELE-643,SNAP995163,SNAP995163,SNAP995163,2023-03-21,271.93,Target,2023-03-21,2026-03-20,AssureX Extended Guard,Extended,2024-01-06,2024-01-10,Electrical Failure,Internal circuit shorted during regular use with standard power supply.,Unauthorized Modification,9,804,2,False,True,True,True,True,False,1,False,False,True,False,Likely Invalid
CLM-01845,PRD-67777,Electronic Fuel Injector Kit,Automotive,Bosch Auto,BOS-AUT-391,SNBO218495,SNBO218495,SNBO218495,2024-03-29,415.67,Advance Auto Parts,2024-03-29,2025-03-29,Bosch Auto Care Protection,Standard,2024-06-14,2024-06-18,Premature Wear,Bushing cracked prematurely during regular non-commercial transit.,Manufacturing,2,288,0,True,False,True,True,True,False,1,False,False,False,False,Likely Invalid
CLM-01415,PRD-74143,OLED 4K Smart TV,Electronics,Apple,APP-ELE-910,SNAP557892,SNAP557892,SNAP557892,2025-05-14,1158.85,B&H Photo,2025-05-14,2027-05-14,Apple Care Protection,Standard,2026-07-03,2026-07-16,Component Failure,Sensor module stopped transmitting readings to the main board.,Manufacturing,13,315,0,True,True,True,True,True,False,0,False,False,False,False,Likely Valid
CLM-00720,PRD-15314,Mirrorless Camera Body,Electronics,Dell,DEL-ELE-504,SNDE378256,SNDE378256,SNDE378256,2023-12-11,1234.99,Amazon Electronics,2023-12-11,2026-12-10,AssureX Extended Guard,Extended,2025-01-22,2025-01-29,Manufacturing Defect,Internal solder joint loosened causing intermittent power disconnects.,Manufacturing,13,687,0,True,True,True,True,True,False,0,False,False,False,False,Likely Valid
CLM-01201,PRD-41220,Ceramic Brake Pad Set,Automotive,Denso,DEN-AUT-480,SNDE914355,SNDE914355,SNDE914355,2023-02-20,141.61,O'Reilly Auto,2023-02-20,2024-02-20,Denso Care Protection,Standard,2023-12-24,2024-01-03,Manufacturing Defect,Factory assembly defect leading to unprovoked system failure.,Manufacturing,10,58,0,True,False,True,True,True,False,1,False,False,False,False,Likely Invalid
CLM-02299,PRD-82492,Tablet 11-inch Display,Electronics,Lenovo,LEN-ELE-234,SNLE844607,SNLE844607,SNLE844607,2025-05-08,614.83,BestBuy,2025-05-08,2028-05-07,AssureX Extended Guard,Extended,2027-12-23,2027-12-30,Electrical Failure,Internal circuit shorted during regular use with standard power supply.,Electrical Failure,31,136,0,True,True,True,True,False,False,1,False,False,False,False,Manual Review Required
CLM-01853,PRD-46705,Smart Watch Series 7,Electronics,LG,LG-ELE-799,SNLG367790,SNLG367790,SNLG367790,2024-11-25,436.32,Direct Manufacturer Store,2024-11-25,2026-11-25,LG Care Protection,Standard,2024-12-30,2025-01-04,Electrical Failure,Capacitor blown on the primary controller board without power surge.,Component Failure,1,695,1,False,True,True,True,True,False,1,False,False,False,False,Manual Review Required
CLM-01531,PRD-35819,Tablet 11-inch Display,Electronics,Apple,APP-ELE-915,SNAP347512,SNAP347512,SNAP347512,2023-04-30,597.69,Direct Manufacturer Store,2023-04-30,2026-04-29,AssureX Extended Guard,Extended,2026-09-01,2026-09-10,Component Failure,Sensor module stopped transmitting readings to the main board.,Manufacturing,40,-125,0,True,True,True,True,True,False,0,False,False,False,False,Likely Invalid
CLM-02273,PRD-98983,Active Noise Cancelling Headphones,Electronics,Dell,DEL-ELE-933,SNDE966092,SNDE966092,SNDE966092,2023-04-14,282.24,Amazon Electronics,2023-04-14,2025-04-13,Dell Care Protection,Standard,2025-10-01,2025-10-20,Electrical Failure,Internal circuit shorted during regular use with standard power supply.,Manufacturing,29,-171,0,True,True,True,True,True,False,0,False,False,False,False,Likely Invalid
CLM-00566,PRD-39355,Performance Shock Absorbers,Automotive,K&N,K&N-AUT-333,SNK&855086,SNK&855086,SNK&855086,2024-12-23,375.95,RockAuto,2024-12-23,2025-12-23,K&N Care Protection,Standard,2025-07-12,2025-07-26,Manufacturing Defect,Internal solder joint loosened causing intermittent power disconnects.,Manufacturing,6,164,1,True,True,True,True,True,True,0,False,False,False,False,Likely Valid
CLM-00858,PRD-23167,Galaxy Ultra Smartphone,Electronics,LG,LG-ELE-253,SNLG901489,SNLG901489,SNLG901489,2023-05-20,1162.84,Amazon Electronics,2023-05-20,2025-05-19,LG Care Protection,Standard,2023-09-17,2023-09-30,Display Defect,Backlight flickering continuously on left half of screen.,Manufacturing,3,610,0,True,True,True,True,True,False,0,False,False,False,False,Likely Valid
CLM-00977,PRD-60222,Gaming Desktop Rig,Electronics,HP,HP-ELE-961,SNHP512359,SNHP512359,SNHP512359,2023-12-30,1913.27,BestBuy,2023-12-30,2026-12-29,AssureX Extended Guard,Extended,2024-07-19,2024-07-29,Unauthorized Modification,Unspecified system degradation observed during normal operating routine.,Unauthorized Modification,6,893,0,True,True,True,True,True,False,0,False,False,True,False,Likely Invalid
CLM-01567,PRD-65658,Heavy-Duty Clothes Dryer,Appliances,KitchenAid,KIT-APP-979,SNKI256024,SNKI256024,SNKI256024,2023-10-04,774.1,Costco,2023-10-04,2026-10-03,KitchenAid Care Protection,Standard,2026-02-19,2026-02-23,Motor Failure,"Motor winding resistance out of spec, causing tripping.",Manufacturing,28,226,0,True,False,True,True,True,False,1,False,False,False,False,Likely Invalid
CLM-00395,PRD-89954,Active Noise Cancelling Headphones,Electronics,Sony,SON-ELE-605,SNSO176453,SNSO176453,SNSO176453,2023-02-24,328.23,Direct Manufacturer Store,2023-02-24,2025-02-23,Sony Care Protection,Standard,2025-02-27,2025-03-04,Display Defect,Vertical colored line artifacts appeared across OLED panel without impact.,Manufacturing,24,-4,0,True,True,True,True,True,False,0,False,False,False,False,Manual Review Required
CLM-01918,PRD-16949,Electric Range Oven,Appliances,KitchenAid,KIT-APP-720,SNKI610041,SNKI610041,SNKI610041,2023-05-21,1251.11,Home Depot,2023-05-21,2027-05-21,AssureX Extended Guard,Extended,2027-05-25,2027-05-30,Manufacturing Defect,Device shut down unexpectedly and fails to power back on under normal conditions.,Manufacturing,48,-4,0,True,True,True,True,True,False,0,False,False,False,False,Manual Review Required
CLM-00418,PRD-80466,Convection Microwave Oven,Appliances,Samsung,SAM-APP-335,SNSA696998,SNSA696998,SNSA696998,2024-01-16,377.96,Lowe's,2024-01-16,2028-01-16,AssureX Extended Guard,Extended,2027-07-09,2027-07-14,Damage from Improper Installation,Unspecified system degradation observed during normal operating routine.,Damage from Improper Installation,41,191,0,True,True,True,True,True,False,0,False,False,True,False,Likely Invalid
CLM-02201,PRD-32652,French Door Refrigerator,Appliances,KitchenAid,KIT-APP-100,SNKI737005,SNKI737005,SNKI737005,2023-02-12,1397.63,Lowe's,2023-02-12,2027-02-12,AssureX Extended Guard,Extended,2023-12-15,2023-12-29,Motor Failure,"Motor winding resistance out of spec, causing tripping.",Manufacturing,10,1155,0,True,True,True,True,True,False,0,False,False,False,False,Likely Valid
CLM-01727,PRD-89575,Smart Dishwasher 24-inch,Appliances,Whirlpool,WHI-APP-142,SNWH403208,SNWH403208,SNWH403208,2025-05-23,683.65,Sears Appliance Outlet,2025-05-23,2029-05-23,AssureX Extended Guard,Extended,2027-05-24,2027-06-06,Compressor Failure,"Cooling cycle fails to start, compressor is non-responsive.",Manufacturing,24,730,1,True,True,True,True,True,True,0,False,False,False,False,Likely Valid
CLM-00351,PRD-14850,Performance Shock Absorbers,Automotive,K&N,K&N-AUT-104,SNK&584202,SNK&584202,SNK&584202,2025-04-08,366.22,NAPA Auto Parts,2025-04-08,2026-04-08,K&N Care Protection,Standard,2025-08-26,2025-09-06,Manufacturing Defect,Internal solder joint loosened causing intermittent power disconnects.,Manufacturing,4,225,0,True,True,False,True,True,False,1,False,False,False,False,Likely Valid
CLM-00315,PRD-86855,Front-Load Washing Machine,Appliances,Maytag,MAY-APP-124,SNMA715698,SNMA715698,SNMA715698,2023-02-28,993.16,Costco,2023-02-28,2026-02-27,Maytag Care Protection,Standard,2024-02-03,2024-02-14,Cosmetic Wear,Unspecified system degradation observed during normal operating routine.,Cosmetic Wear,11,755,0,True,True,True,True,True,False,0,False,False,True,False,Likely Invalid
CLM-00871,PRD-89555,French Door Refrigerator,Appliances,GE Appliances,GE -APP-441,SNGE308629,SNGE308629,SNGE308629,2024-09-17,1999.85,Lowe's,2024-09-17,2027-09-17,GE Appliances Care Protection,Standard,2026-03-21,2026-03-28,Thermostat Malfunction,"Thermostat stuck open, temperature never reaches target threshold.",Component Failure,18,545,1,False,True,True,True,True,False,1,False,False,False,False,Manual Review Required
CLM-01106,PRD-62489,High Output Alternator,Automotive,Bosch Auto,BOS-AUT-406,SNBO322484,SNBO322484,SNBO322484,2023-04-19,386.19,Advance Auto Parts,2023-04-19,2024-04-18,Bosch Auto Care Protection,Standard,2023-09-01,2023-09-08,Electrical Component Failure,Unspecified system degradation observed during normal operating routine.,Unauthorized Modification,4,230,2,False,True,True,True,True,False,1,False,False,True,False,Likely Invalid
CLM-01619,PRD-82877,OLED 4K Smart TV,Electronics,Apple,APP-ELE-190,SNAP202432,SNAP202432,SNAP202432,2024-08-16,1403.69,Amazon Electronics,2024-08-16,2026-08-16,Apple Care Protection,Standard,2026-01-21,2026-02-04,Display Defect,Backlight flickering continuously on left half of screen.,Manufacturing,17,207,0,True,False,True,True,True,False,1,False,False,False,False,Likely Invalid
CLM-00435,PRD-93396,French Door Refrigerator,Appliances,LG,LG-APP-374,SNLG609089,SNLG609089,SNLG609089,2023-03-12,1826.04,Sears Appliance Outlet,2023-03-12,2026-03-11,LG Care Protection,Standard,2025-07-28,2025-08-01,Electrical Wiring Defect,Sensor module stopped transmitting readings to the main board.,Component Failure,28,226,1,False,True,True,True,True,False,1,False,False,False,False,Manual Review Required
CLM-00913,PRD-44965,Tablet 11-inch Display,Electronics,Dell,DEL-ELE-836,SNDE671808,SNDE671808,SNDE671808,2023-12-23,683.29,Amazon Electronics,2023-12-23,2025-12-22,Dell Care Protection,Standard,2025-06-18,2025-06-22,Software Malfunction,System firmware entered boot loop following manufacturer OTA update.,Manufacturing,17,187,0,True,True,False,True,True,False,1,False,False,False,False,Likely Valid
CLM-00164,PRD-46356,Heavy-Duty Starter Motor,Automotive,ACDelco,ACD-AUT-653,SNAC148045,SNAC148045,SNAC148045,2023-05-18,320.64,NAPA Auto Parts,2023-05-18,2024-05-17,ACDelco Care Protection,Standard,2024-10-30,2024-11-10,Seal or Gasket Failure,Unspecified system degradation observed during normal operating routine.,Manufacturing,17,-166,0,True,True,True,True,True,False,0,False,False,False,False,Likely Invalid
CLM-00957,PRD-38548,Active Noise Cancelling Headphones,Electronics,Sony,SON-ELE-590,SNSO625288,SNSO625288,SNSO625288,2023-10-29,267.91,Amazon Electronics,2023-10-29,2025-10-28,Sony Care Protection,Standard,2023-09-19,2023-11-14,Electrical Failure,Internal circuit shorted during regular use with standard power supply.,Manufacturing,0,770,0,True,True,True,True,True,False,0,False,True,False,True,Manual Review Required
CLM-02246,PRD-84631,Active Noise Cancelling Headphones,Electronics,Samsung,SAM-ELE-360,SNSA970849,SNSA970849,SNSA970849,2023-03-20,333.65,Amazon Electronics,2023-03-20,2026-03-19,AssureX Extended Guard,Extended,2025-12-11,2025-12-21,Jailbreaking or Rooting,Unspecified system degradation observed during normal operating routine.,Jailbreaking or Rooting,32,98,0,True,True,True,True,True,False,0,False,False,True,False,Likely Invalid
CLM-02115,PRD-85578,Gaming Desktop Rig,Electronics,HP,HP-ELE-290,SNHP741530,SNHP741530,SNHP741530,2023-06-05,1762.37,Amazon Electronics,2023-06-05,2026-06-04,AssureX Extended Guard,Extended,2025-05-17,2025-05-24,Component Failure,Cooling fan bearing seized up leading to emergency thermal shutdown.,Manufacturing,23,383,0,True,True,True,True,True,False,0,False,False,False,False,Likely Valid
CLM-02176,PRD-43794,ABS Wheel Speed Sensor,Automotive,Continental Auto,CON-AUT-258,SNCO315487,SNCO315487,SNCO315487,2023-06-19,85.44,O'Reilly Auto,2023-06-19,2024-06-18,Continental Auto Care Protection,Standard,2024-12-06,2024-12-08,Premature Wear,"Brake pad friction compound deteriorated within 2,000 miles of highway driving.",Manufacturing,17,-171,0,True,True,True,True,True,False,0,False,False,False,False,Likely Invalid
CLM-00274,PRD-90969,ABS Wheel Speed Sensor,Automotive,Brembo,BRE-AUT-627,SNBR965837,SNBR965837,SNBR965837,2025-01-28,114.7,NAPA Auto Parts,2025-01-28,2026-01-28,Brembo Care Protection,Standard,2025-06-22,2025-06-23,Seal or Gasket Failure,Unspecified system degradation observed during normal operating routine.,Manufacturing,4,220,0,True,True,True,True,True,False,0,False,False,False,False,Likely Valid
CLM-02328,PRD-17805,Heavy-Duty Clothes Dryer,Appliances,Bosch,BOS-APP-544,SNBO884164,SNBO884164,SNBO884164,2025-03-05,733.63,Sears Appliance Outlet,2025-03-05,2028-03-04,Bosch Care Protection,Standard,2026-01-07,2026-01-08,Thermostat Malfunction,"Thermostat stuck open, temperature never reaches target threshold.",Manufacturing,10,787,0,True,True,True,True,True,False,0,False,False,False,False,Likely Valid
CLM-01403,PRD-37934,Smart Watch Series 7,Electronics,Apple,APP-ELE-813,SNAP178730,SNAP178730,SNAP178730,2024-11-08,462.46,Direct Manufacturer Store,2024-11-08,2027-11-08,AssureX Extended Guard,Extended,2026-09-25,2026-10-01,Component Failure,Sensor module stopped transmitting readings to the main board.,Manufacturing,22,409,1,True,True,True,True,True,True,0,False,False,False,False,Likely Valid
CLM-01650,PRD-60229,OLED 4K Smart TV,Electronics,Sony,SON-ELE-876,SNSO209953,SNSO209953,SNSO209953,2024-12-15,1230.4,BestBuy,2024-12-15,2026-12-15,Sony Care Protection,Standard,2026-01-22,2026-01-23,Component Failure,Cooling fan bearing seized up leading to emergency thermal shutdown.,Manufacturing,13,327,0,True,True,True,True,True,False,0,False,False,False,False,Likely Valid
CLM-01805,PRD-36400,Smart Dishwasher 24-inch,Appliances,Whirlpool,WHI-APP-775,SNWH276042,SNWH276042,SNWH276042,2024-08-11,691.96,Lowe's,2024-08-11,2028-08-11,AssureX Extended Guard,Extended,2025-05-19,2025-05-20,Electrical Wiring Defect,Unspecified system degradation observed during normal operating routine.,Electrical,9,1180,1,True,True,True,True,True,True,0,False,False,False,False,Likely Valid
CLM-02395,PRD-49407,Front-Load Washing Machine,Appliances,Bosch,BOS-APP-896,SNBO666734,SNBO666734,SNBO666734,2024-07-12,919.05,Lowe's,2024-07-12,2027-07-12,Bosch Care Protection,Standard,2025-10-04,2025-10-17,Compressor Failure,Compressor clicking repeatedly and unable to compress refrigerant.,Manufacturing,14,646,0,True,True,True,True,True,False,0,False,False,False,False,Likely Valid
CLM-01473,PRD-85950,Electric Range Oven,Appliances,Samsung,SAM-APP-305,SNSA828296,SNSA828256,SNSA828296,2023-04-28,1015.21,Home Depot,2023-04-28,2026-04-27,Samsung Care Protection,Standard,2023-06-24,2023-07-02,Manufacturing Defect,Factory assembly defect leading to unprovoked system failure.,Manufacturing,1,1038,0,True,True,True,True,True,False,0,True,False,False,False,Manual Review Required
CLM-01060,PRD-33522,French Door Refrigerator,Appliances,Bosch,BOS-APP-103,SNBO437395,SNBO437395,SNBO437395,2024-02-24,1764.36,Sears Appliance Outlet,2024-02-24,2027-02-23,Bosch Care Protection,Standard,2025-07-19,2025-07-28,Control Board Failure,Unspecified system degradation observed during normal operating routine.,Manufacturing,16,584,3,True,True,True,True,True,True,0,False,False,False,False,Manual Review Required
CLM-01784,PRD-57055,ABS Wheel Speed Sensor,Automotive,Denso,DEN-AUT-566,SNDE935353,SNDE935353,SNDE935353,2025-01-29,102.46,RockAuto,2025-01-29,2026-01-29,Denso Care Protection,Standard,2025-01-22,2025-02-07,Material Failure,Unspecified system degradation observed during normal operating routine.,Manufacturing,0,372,0,True,True,True,True,True,False,0,False,True,False,False,Manual Review Required
CLM-01502,PRD-35991,High Output Alternator,Automotive,Monroe,MON-AUT-782,SNMO883850,SNMO883850,SNMO883850,2024-04-05,407.67,RockAuto,2024-04-05,2025-04-05,Monroe Care Protection,Standard,2025-02-09,2025-02-16,Premature Wear,Bushing cracked prematurely during regular non-commercial transit.,Manufacturing,10,55,0,True,False,True,True,True,False,1,False,False,False,False,Likely Invalid
CLM-01343,PRD-37537,ABS Wheel Speed Sensor,Automotive,Monroe,MON-AUT-742,SNMO509580,SNMO509580,SNMO509580,2025-02-24,87.12,RockAuto,2025-02-24,2026-02-24,Monroe Care Protection,Standard,2025-09-06,2025-09-15,Electrical Component Failure,Unspecified system degradation observed during normal operating routine.,Electrical,6,171,0,True,True,True,True,True,False,0,False,False,False,False,Likely Valid
CLM-01907,PRD-50228,Galaxy Ultra Smartphone,Electronics,Samsung,SAM-ELE-524,SNSA665198,SNSA665198,SNSA665198,2024-08-23,1001.48,BestBuy,2024-08-23,2026-08-23,Samsung Care Protection,Standard,2025-03-21,2025-04-05,Component Failure,Cooling fan bearing seized up leading to emergency thermal shutdown.,Manufacturing,6,520,0,True,True,False,True,True,False,1,False,False,False,False,Likely Valid
CLM-01172,PRD-99422,Gaming Desktop Rig,Electronics,LG,LG-ELE-782,SNLG595095,SNLG595095,SNLG595095,2024-07-07,1587.24,Target,2024-07-07,2026-07-07,LG Care Protection,Standard,2026-05-02,2026-05-14,Manufacturing Defect,Factory assembly defect leading to unprovoked system failure.,Unauthorized Modification,21,66,2,False,True,True,True,True,False,1,False,False,True,False,Likely Invalid
CLM-01207,PRD-86802,Smart Watch Series 7,Electronics,Dell,DEL-ELE-450,SNDE752354,SNDE752354,SNDE752354,2023-07-25,496.51,BestBuy,2023-07-25,2025-07-24,Dell Care Protection,Standard,2024-05-31,2024-06-08,Manufacturing Defect,Internal solder joint loosened causing intermittent power disconnects.,Manufacturing,10,419,0,True,True,True,True,True,False,0,False,False,False,False,Likely Valid
CLM-01528,PRD-11115,OLED 4K Smart TV,Electronics,Lenovo,LEN-ELE-343,SNLE780079,SNLE780079,SNLE780079,2023-11-16,1393.97,B&H Photo,2023-11-16,2025-11-15,Lenovo Care Protection,Standard,2024-09-28,2024-10-09,Component Failure,Sensor module stopped transmitting readings to the main board.,Manufacturing,10,413,0,True,True,True,True,True,False,0,False,False,False,False,Likely Valid
CLM-00469,PRD-53871,Smart Dishwasher 24-inch,Appliances,KitchenAid,KIT-APP-990,SNKI108281,SNKI108281,SNKI108281,2024-06-07,685.13,Costco,2024-06-07,2027-06-07,KitchenAid Care Protection,Standard,2026-07-10,2026-07-15,Power Surge Damage,Unspecified system degradation observed during normal operating routine.,Power Surge Damage,25,332,0,True,True,True,True,True,False,0,False,False,True,False,Likely Invalid
CLM-01017,PRD-67852,Mirrorless Camera Body,Electronics,Lenovo,LEN-ELE-678,SNLE547348,SNLE547348,SNLE547348,2023-05-03,1590.05,Target,2023-05-03,2025-05-02,Lenovo Care Protection,Standard,2023-10-20,2023-10-30,Component Failure,Sensor module stopped transmitting readings to the main board.,Manufacturing,5,560,0,True,False,True,True,True,False,1,False,False,False,False,Likely Invalid
CLM-00380,PRD-10845,ABS Wheel Speed Sensor,Automotive,Continental Auto,CON-AUT-972,SNCO262293,SNCO262293,SNCO262293,2025-01-23,92.18,O'Reilly Auto,2025-01-23,2026-01-23,Continental Auto Care Protection,Standard,2025-04-16,2025-04-18,Manufacturing Defect,Factory assembly defect leading to unprovoked system failure.,Manufacturing,2,282,0,True,True,True,True,True,False,0,False,False,False,False,Likely Valid
CLM-00688,PRD-88988,ProBook Laptop 15-inch,Electronics,Lenovo,LEN-ELE-341,SNLE118016,SNLE118016,SNLE118016,2023-04-30,997.13,Amazon Electronics,2023-04-30,2025-04-29,Lenovo Care Protection,Standard,2025-05-02,2025-05-04,Display Defect,Vertical colored line artifacts appeared across OLED panel without impact.,Manufacturing,24,-3,0,True,True,True,True,True,False,0,False,False,False,False,Manual Review Required
CLM-00661,PRD-12691,Electric Range Oven,Appliances,GE Appliances,GE -APP-124,SNGE559378,SNGE559378,SNGE559378,2025-03-26,1153.3,Costco,2025-03-26,2028-03-25,GE Appliances Care Protection,Standard,2028-07-30,2028-08-16,Manufacturing Defect,Internal solder joint loosened causing intermittent power disconnects.,Manufacturing,40,-127,0,True,True,True,True,True,False,0,False,False,False,False,Likely Invalid
CLM-00061,PRD-91151,Heavy-Duty Starter Motor,Automotive,Continental Auto,CON-AUT-152,SNCO216356,SNCO216356,SNCO216356,2023-03-05,260.83,NAPA Auto Parts,2023-03-05,2024-03-04,Continental Auto Care Protection,Standard,2023-07-30,2023-08-02,Seal or Gasket Failure,Unspecified system degradation observed during normal operating routine.,Manufacturing,4,218,0,True,True,True,True,True,False,0,False,False,False,False,Likely Valid
CLM-01487,PRD-48039,Smart Watch Series 7,Electronics,Lenovo,LEN-ELE-307,SNLE734032,SNLE734032,SNLE734032,2023-08-05,410.63,Direct Manufacturer Store,2023-08-05,2025-08-04,Lenovo Care Protection,Standard,2024-09-02,2024-09-12,Manufacturing Defect,Factory assembly defect leading to unprovoked system failure.,Manufacturing,12,336,0,True,True,True,True,True,False,0,False,False,False,False,Likely Valid
CLM-02195,PRD-33928,Smart Watch Series 7,Electronics,Apple,APP-ELE-898,SNAP540400,SNAP540400,SNAP540400,2023-11-17,417.41,B&H Photo,2023-11-17,2025-11-16,Apple Care Protection,Standard,2024-08-14,2024-08-26,Software Malfunction,Main OS freezes on start screen; hardware diagnostic passes.,Manufacturing,8,459,0,True,True,True,True,True,False,0,False,False,False,False,Likely Valid
CLM-01662,PRD-22772,Active Noise Cancelling Headphones,Electronics,Dell,DEL-ELE-348,SNDE439364,SNDE439364,SNDE439364,2023-06-22,267.9,BestBuy,2023-06-22,2025-06-21,Dell Care Protection,Standard,2024-05-22,2024-05-25,Display Defect,Vertical colored line artifacts appeared across OLED panel without impact.,Manufacturing,11,395,1,True,True,True,True,True,True,0,False,False,False,False,Likely Valid
CLM-02184,PRD-16397,High Output Alternator,Automotive,Monroe,MON-AUT-134,SNMO420989,SNMO420989,SNMO420989,2024-11-06,347.09,AutoZone,2024-11-06,2025-11-06,Monroe Care Protection,Standard,2025-04-07,2025-04-17,Seal or Gasket Failure,Unspecified system degradation observed during normal operating routine.,Manufacturing,4,213,0,True,True,True,True,True,False,0,False,False,False,False,Likely Valid
CLM-01645,PRD-41167,Smart Watch Series 7,Electronics,HP,HP-ELE-319,SNHP749670,SNHP749670,SNHP749670,2023-08-13,445.31,Amazon Electronics,2023-08-13,2025-08-12,HP Care Protection,Standard,2024-06-07,2024-06-13,Display Defect,Backlight flickering continuously on left half of screen.,Manufacturing,9,431,0,True,True,False,True,True,False,1,False,False,False,False,Likely Valid
CLM-01596,PRD-47456,ProBook Laptop 15-inch,Electronics,Sony,SON-ELE-688,SNSO838587,SNSO838587,SNSO838587,2023-01-27,785.72,Target,2023-01-27,2025-01-26,Sony Care Protection,Standard,2024-07-02,2024-07-13,Electrical Failure,Capacitor blown on the primary controller board without power surge.,Manufacturing,17,208,0,True,False,True,True,True,False,1,False,False,False,False,Likely Invalid
CLM-00709,PRD-24095,Active Noise Cancelling Headphones,Electronics,Sony,SON-ELE-908,SNSO278189,SNSO278189,SNSO278189,2024-02-20,338.47,Target,2024-02-20,2026-02-19,Sony Care Protection,Standard,2025-09-10,2025-09-12,Display Defect,Backlight flickering continuously on left half of screen.,Manufacturing,18,162,3,True,True,True,True,True,True,0,False,False,False,False,Manual Review Required
CLM-00556,PRD-97696,French Door Refrigerator,Appliances,GE Appliances,GE -APP-508,SNGE952660,SNGE952660,SNGE952660,2023-02-09,1875.34,Costco,2023-02-09,2026-02-08,GE Appliances Care Protection,Standard,2024-03-15,2024-03-16,Control Board Failure,Unspecified system degradation observed during normal operating routine.,Manufacturing,13,695,3,True,True,True,True,True,True,0,False,False,False,False,Manual Review Required
CLM-00604,PRD-67794,Front-Load Washing Machine,Appliances,Samsung,SAM-APP-885,SNSA120923,SNSA120923,SNSA120923,2023-10-10,921.8,Sears Appliance Outlet,2023-10-10,2027-10-10,AssureX Extended Guard,Extended,2024-06-05,2024-06-13,Control Board Failure,Unspecified system degradation observed during normal operating routine.,Manufacturing,7,1222,0,True,True,True,True,True,False,0,False,False,False,False,Likely Valid
CLM-00583,PRD-61107,ABS Wheel Speed Sensor,Automotive,Denso,DEN-AUT-933,SNDE971685,SNDE971685,SNDE971685,2023-12-21,93.32,Advance Auto Parts,2023-12-21,2024-12-20,Denso Care Protection,Standard,2024-02-11,2024-02-14,Premature Wear,"Brake pad friction compound deteriorated within 2,000 miles of highway driving.",Unauthorized Modification,1,313,4,False,True,True,True,True,False,1,False,False,True,False,Likely Invalid
CLM-01045,PRD-49941,Smart Dishwasher 24-inch,Appliances,LG,LG-APP-409,SNLG564328,SNLG564328,SNLG564328,2025-02-19,900.66,Home Depot,2025-02-19,2029-02-19,AssureX Extended Guard,Extended,2027-02-28,2027-03-10,Electrical Wiring Defect,Unspecified system degradation observed during normal operating routine.,Electrical,24,722,0,True,True,True,True,True,False,0,False,False,False,False,Likely Valid
CLM-01263,PRD-89692,Mirrorless Camera Body,Electronics,Dell,DEL-ELE-637,SNDE281054,SNDE281054,SNDE281054,2024-01-19,1260.84,B&H Photo,2024-01-19,2026-01-18,Dell Care Protection,Standard,2024-10-21,2024-10-25,Display Defect,Vertical colored line artifacts appeared across OLED panel without impact.,Manufacturing,9,454,0,True,True,True,True,True,False,0,False,False,False,False,Likely Valid
CLM-01821,PRD-43642,Convection Microwave Oven,Appliances,LG,LG-APP-670,SNLG828733,SNLG828733,SNLG828733,2024-07-30,317.15,Home Depot,2024-07-30,2027-07-30,LG Care Protection,Standard,2025-12-07,2025-12-20,Compressor Failure,Compressor clicking repeatedly and unable to compress refrigerant.,Manufacturing,16,600,0,True,True,True,True,True,False,0,False,False,False,False,Likely Valid
CLM-01639,PRD-46122,ProBook Laptop 15-inch,Electronics,LG,LG-ELE-447,SNLG316015,SNLG316015,SNLG316015,2025-04-21,951.04,Target,2025-04-21,2027-04-21,LG Care Protection,Standard,2026-01-26,2026-02-04,Software Malfunction,Main OS freezes on start screen; hardware diagnostic passes.,Manufacturing,9,450,3,True,True,True,True,True,True,0,False,False,False,False,Manual Review Required
CLM-00851,PRD-97470,Performance Shock Absorbers,Automotive,Monroe,MON-AUT-548,SNMO466281,SNMO466281,SNMO466281,2025-03-09,426.91,O'Reilly Auto,2025-03-09,2026-03-09,Monroe Care Protection,Standard,2025-06-18,2025-06-22,Seal or Gasket Failure,Unspecified system degradation observed during normal operating routine.,Manufacturing,3,264,0,True,True,True,True,True,False,0,False,False,False,False,Likely Valid
CLM-00635,PRD-60793,ProBook Laptop 15-inch,Electronics,Dell,DEL-ELE-991,SNDE244360,SNDE244360,SNDE244360,2024-09-06,892.7,B&H Photo,2024-09-06,2026-09-06,Dell Care Protection,Standard,2025-09-11,2025-09-24,Software Malfunction,System firmware entered boot loop following manufacturer OTA update.,Manufacturing,12,360,1,True,True,True,True,True,True,0,False,False,False,False,Likely Valid
CLM-01841,PRD-22004,Gaming Desktop Rig,Electronics,LG,LG-ELE-185,SNLG802221,SNLG802221,SNLG802221,2023-02-24,1612.24,BestBuy,2023-02-24,2025-02-23,LG Care Protection,Standard,2025-07-13,2025-07-16,Manufacturing Defect,Internal solder joint loosened causing intermittent power disconnects.,Manufacturing,28,-140,0,True,True,True,True,True,False,0,False,False,False,False,Likely Invalid
CLM-01550,PRD-34710,Convection Microwave Oven,Appliances,Whirlpool,WHI-APP-178,SNWH546712,SNWH546712,SNWH546712,2023-09-24,398.86,Sears Appliance Outlet,2023-09-24,2026-09-23,Whirlpool Care Protection,Standard,2025-01-20,2025-02-02,Control Board Failure,Unspecified system degradation observed during normal operating routine.,Unauthorized Modification,15,611,2,False,True,True,True,True,False,1,False,False,True,False,Likely Invalid
CLM-00144,PRD-71908,ABS Wheel Speed Sensor,Automotive,Continental Auto,CON-AUT-499,SNCO537110,SNCO537110,SNCO537110,2023-09-09,112.41,O'Reilly Auto,2023-09-09,2024-09-08,Continental Auto Care Protection,Standard,2023-11-22,2023-12-03,Electrical Component Failure,Unspecified system degradation observed during normal operating routine.,Manufacturing,2,291,0,True,False,True,True,True,False,1,False,False,False,False,Likely Invalid
CLM-01241,PRD-17691,ProBook Laptop 15-inch,Electronics,LG,LG-ELE-242,SNLG968677,SNLG968677,SNLG968677,2024-02-12,762.6,Target,2024-02-12,2027-02-11,AssureX Extended Guard,Extended,2024-10-12,2024-10-21,Component Failure,Sensor module stopped transmitting readings to the main board.,Manufacturing,7,852,1,True,True,True,True,True,True,0,False,False,False,False,Likely Valid
CLM-02311,PRD-55874,Ceramic Brake Pad Set,Automotive,ACDelco,ACD-AUT-969,SNAC910280,SNAC910280,SNAC910280,2023-01-14,114.78,AutoZone,2023-01-14,2024-01-14,ACDelco Care Protection,Standard,2023-04-05,2023-04-20,Premature Wear,"Brake pad friction compound deteriorated within 2,000 miles of highway driving.",Manufacturing,2,284,0,True,True,True,True,True,False,0,False,False,False,False,Likely Valid
CLM-01624,PRD-24520,ProBook Laptop 15-inch,Electronics,Apple,APP-ELE-638,SNAP272752,SNAP272752,SNAP272752,2025-03-29,966.25,BestBuy,2025-03-29,2027-03-29,Apple Care Protection,Standard,2025-10-02,2025-10-06,Software Malfunction,Main OS freezes on start screen; hardware diagnostic passes.,Manufacturing,6,543,1,True,True,True,True,True,True,0,False,False,False,False,Likely Valid
CLM-02126,PRD-18826,Ceramic Brake Pad Set,Automotive,Continental Auto,CON-AUT-243,SNCO643045,SNCO643045,SNCO643045,2024-05-25,118.35,RockAuto,2024-05-25,2026-05-25,AssureX Extended Guard,Extended,2026-01-10,2026-01-12,Electrical Component Failure,Unspecified system degradation observed during normal operating routine.,Manufacturing,19,135,0,True,False,True,True,True,False,1,False,False,False,False,Likely Invalid
CLM-00608,PRD-12518,Front-Load Washing Machine,Appliances,Whirlpool,WHI-APP-992,SNWH754489,SNWH754489,SNWH754489,2024-04-15,726.13,Direct Factory Outlet,2024-04-15,2028-04-15,AssureX Extended Guard,Extended,2025-06-12,2025-06-27,Thermostat Malfunction,"Thermostat stuck open, temperature never reaches target threshold.",Manufacturing,13,1038,0,True,True,True,True,True,False,0,False,False,False,False,Likely Valid
CLM-00922,PRD-22181,Ceramic Brake Pad Set,Automotive,Monroe,MON-AUT-937,SNMO409824,SNMO409824,SNMO409824,2024-03-24,111.09,NAPA Auto Parts,2024-03-24,2025-03-24,Monroe Care Protection,Standard,2024-11-18,2024-11-22,Seal or Gasket Failure,Unspecified system degradation observed during normal operating routine.,Manufacturing,7,126,0,True,True,True,True,True,False,0,False,False,False,False,Likely Valid
CLM-00136,PRD-61505,French Door Refrigerator,Appliances,Whirlpool,WHI-APP-858,SNWH793715,SNWH793715,SNWH793715,2023-03-12,1656.24,Lowe's,2023-03-12,2026-03-11,Whirlpool Care Protection,Standard,2024-12-10,2024-12-16,Electrical Wiring Defect,Cooling fan bearing seized up leading to emergency thermal shutdown.,Component Failure,20,456,1,False,True,True,True,True,False,1,False,False,False,False,Manual Review Required
CLM-00058,PRD-38574,Electric Range Oven,Appliances,Whirlpool,WHI-APP-871,SNWH113026,SNWH113026,SNWH113026,2023-07-26,1239.99,Costco,2023-07-26,2026-07-25,Whirlpool Care Protection,Standard,2024-11-03,2024-11-07,Control Board Failure,Unspecified system degradation observed during normal operating routine.,Manufacturing,15,629,0,True,True,True,True,True,False,0,False,False,False,False,Likely Valid
CLM-00868,PRD-54920,Smart Watch Series 7,Electronics,HP,HP-ELE-209,SNHP255327,SNHP255327,SNHP255327,2023-04-05,433.75,BestBuy,2023-04-05,2026-04-04,AssureX Extended Guard,Extended,2023-12-11,2023-12-15,Display Defect,Vertical colored line artifacts appeared across OLED panel without impact.,Manufacturing,8,845,1,True,True,False,True,True,True,1,False,False,False,False,Likely Valid
CLM-01287,PRD-73690,Heavy-Duty Starter Motor,Automotive,Monroe,MON-AUT-846,SNMO355727,SNMO355727,SNMO355727,2024-08-24,280.96,NAPA Auto Parts,2024-08-24,2026-08-24,AssureX Extended Guard,Extended,2025-02-16,2025-03-02,Electrical Component Failure,Unspecified system degradation observed during normal operating routine.,Electrical,5,554,0,True,True,True,True,True,False,0,False,False,False,False,Likely Valid
CLM-01548,PRD-23547,Smart Dishwasher 24-inch,Appliances,LG,LG-APP-559,SNLG957710,SNLG957710,SNLG957710,2024-10-12,690.9,Costco,2024-10-12,2027-10-12,LG Care Protection,Standard,2026-12-08,2026-12-15,Motor Failure,Drive motor hums loudly but will not spin drum under normal load.,Manufacturing,25,308,0,True,True,True,True,True,False,0,False,False,False,False,Likely Valid
CLM-01258,PRD-69214,Electric Range Oven,Appliances,GE Appliances,GE -APP-250,SNGE224630,SNGE224630,SNGE224630,2025-02-13,1090.0,Direct Factory Outlet,2025-02-13,2028-02-13,GE Appliances Care Protection,Standard,2027-01-08,2027-01-14,Compressor Failure,"Cooling cycle fails to start, compressor is non-responsive.",Manufacturing,22,401,1,True,True,True,True,True,True,0,False,False,False,False,Likely Valid
CLM-01166,PRD-78666,Mirrorless Camera Body,Electronics,Sony,SON-ELE-200,SNSO710097,SNSO710097,SNSO710097,2024-05-25,1608.35,Target,2024-05-25,2026-05-25,Sony Care Protection,Standard,2026-11-21,2026-11-26,Manufacturing Defect,Device shut down unexpectedly and fails to power back on under normal conditions.,Manufacturing,29,-180,0,True,True,True,True,True,False,0,False,False,False,False,Likely Invalid
CLM-00189,PRD-17512,Mirrorless Camera Body,Electronics,HP,HP-ELE-477,SNHP108474,SNHP108474,SNHP108474,2024-01-04,1532.75,Amazon Electronics,2024-01-04,2026-01-03,HP Care Protection,Standard,2025-01-20,2025-01-24,Electrical Failure,Capacitor blown on the primary controller board without power surge.,Component Failure,12,348,1,False,True,True,True,True,False,1,False,False,False,False,Manual Review Required
CLM-01570,PRD-91456,Tablet 11-inch Display,Electronics,Sony,SON-ELE-267,SNSO895993,SNSO895993,SNSO895993,2024-08-02,774.17,Direct Manufacturer Store,2024-08-02,2026-08-02,Sony Care Protection,Standard,2025-07-22,2025-08-05,Manufacturing Defect,Factory assembly defect leading to unprovoked system failure.,Manufacturing,11,376,1,True,True,True,True,True,True,0,False,False,False,False,Likely Valid
CLM-00230,PRD-73025,Heavy-Duty Starter Motor,Automotive,ACDelco,ACD-AUT-564,SNAC396983,SNAC396983,SNAC396983,2023-04-22,260.02,RockAuto,2023-04-22,2024-04-21,ACDelco Care Protection,Standard,2023-07-19,2023-07-31,Electrical Component Failure,Unspecified system degradation observed during normal operating routine.,Electrical,2,277,0,True,True,True,True,True,False,0,False,False,False,False,Likely Valid
CLM-02488,PRD-70375,Heavy-Duty Starter Motor,Automotive,Continental Auto,CON-AUT-745,SNCO154168,SNCO154168,SNCO154168,2023-11-29,230.09,O'Reilly Auto,2023-11-29,2025-11-28,AssureX Extended Guard,Extended,2025-08-04,2025-08-11,Premature Wear,"Brake pad friction compound deteriorated within 2,000 miles of highway driving.",Unauthorized Modification,20,116,3,False,True,True,True,True,False,1,False,False,True,False,Likely Invalid
CLM-00598,PRD-33634,ProBook Laptop 15-inch,Electronics,HP,HP-ELE-775,SNHP502957,SNHP502957,SNHP502957,2024-11-19,1041.12,Target,2024-11-19,2026-11-19,HP Care Protection,Standard,2025-07-18,2025-07-25,Display Defect,Vertical colored line artifacts appeared across OLED panel without impact.,Electrical Failure,7,489,0,True,True,True,True,False,False,1,False,False,False,False,Manual Review Required
CLM-00296,PRD-89074,Heavy-Duty Clothes Dryer,Appliances,Whirlpool,WHI-APP-639,SNWH243960,SNWH243960,SNWH243960,2023-06-04,912.56,Home Depot,2023-06-04,2027-06-04,AssureX Extended Guard,Extended,2025-02-05,2025-02-06,Manufacturing Defect,Device shut down unexpectedly and fails to power back on under normal conditions.,Manufacturing,20,849,0,True,True,True,True,True,False,0,False,False,False,False,Likely Valid
CLM-00037,PRD-89993,Heavy-Duty Starter Motor,Automotive,Brembo,BRE-AUT-282,SNBR561976,SNBR561976,SNBR561976,2024-09-01,228.22,Advance Auto Parts,2024-09-01,2025-09-01,Brembo Care Protection,Standard,2025-04-08,2025-04-16,Manufacturing Defect,Device shut down unexpectedly and fails to power back on under normal conditions.,Manufacturing,7,146,1,True,True,True,True,True,True,0,False,False,False,False,Likely Valid
CLM-00962,PRD-46908,Front-Load Washing Machine,Appliances,Samsung,SAM-APP-913,SNSA242691,SNSA242691,SNSA242691,2024-06-03,932.03,Home Depot,2024-06-03,2028-06-03,AssureX Extended Guard,Extended,2025-12-16,2025-12-29,Electrical Wiring Defect,Unspecified system degradation observed during normal operating routine.,Electrical,18,900,1,True,True,True,True,True,True,0,False,False,False,False,Likely Valid
CLM-01565,PRD-72951,High Output Alternator,Automotive,Monroe,MON-AUT-136,SNMO764978,SNMO764978,SNMO764978,2024-08-16,419.13,Advance Auto Parts,2024-08-16,2026-08-16,AssureX Extended Guard,Extended,2025-07-12,2025-07-22,Electrical Component Failure,Unspecified system degradation observed during normal operating routine.,Electrical,10,400,0,True,True,True,True,True,False,0,False,False,False,False,Likely Valid
CLM-02254,PRD-65201,Smart Watch Series 7,Electronics,LG,LG-ELE-769,SNLG129160,SNLG129160,SNLG129160,2023-12-03,377.67,B&H Photo,2023-12-03,2025-12-02,LG Care Protection,Standard,2024-06-23,2024-07-05,Software Malfunction,Main OS freezes on start screen; hardware diagnostic passes.,Manufacturing,6,527,0,True,True,True,True,True,False,0,False,False,False,False,Likely Valid
CLM-00721,PRD-88675,OLED 4K Smart TV,Electronics,Lenovo,LEN-ELE-613,SNLE868344,SNLE868344,SNLE868344,2023-03-21,1401.42,B&H Photo,2023-03-21,2026-03-20,AssureX Extended Guard,Extended,2025-04-17,2025-04-21,Display Defect,Vertical colored line artifacts appeared across OLED panel without impact.,Manufacturing,24,337,0,True,True,True,True,True,False,0,False,False,False,False,Likely Valid
CLM-00999,PRD-71543,Electronic Fuel Injector Kit,Automotive,Denso,DEN-AUT-537,SNDE191338,SNDE191338,SNDE191338,2024-09-08,442.22,AutoZone,2024-09-08,2025-09-08,Denso Care Protection,Standard,2026-02-16,2026-03-04,Manufacturing Defect,Factory assembly defect leading to unprovoked system failure.,Manufacturing,17,-161,0,True,True,True,True,True,False,0,False,False,False,False,Likely Invalid
CLM-00201,PRD-75767,ABS Wheel Speed Sensor,Automotive,Brembo,BRE-AUT-177,SNBR476536,SNBR476536,SNBR476536,2025-03-07,115.01,O'Reilly Auto,2025-03-07,2026-03-07,Brembo Care Protection,Standard,2025-11-17,2025-11-22,Premature Wear,Bushing cracked prematurely during regular non-commercial transit.,Manufacturing,8,110,0,True,True,False,True,True,False,1,False,False,False,False,Likely Valid
CLM-02168,PRD-50714,OLED 4K Smart TV,Electronics,Asus,ASU-ELE-386,SNAS199382,SNAS199382,SNAS199382,2025-05-07,1472.45,BestBuy,2025-05-07,2028-05-06,AssureX Extended Guard,Extended,2028-02-21,2028-02-23,Display Defect,Backlight flickering continuously on left half of screen.,Unauthorized Modification,33,75,3,False,True,True,True,True,False,1,False,False,True,False,Likely Invalid
CLM-00711,PRD-64784,Convection Microwave Oven,Appliances,Maytag,MAY-APP-467,SNMA633595,SNMA633595,SNMA633595,2024-01-01,311.22,Costco,2024-01-01,2026-12-31,Maytag Care Protection,Standard,2025-04-06,2025-04-10,Thermostat Malfunction,Temperature reading fluctuating wildly causing erratic operation.,Manufacturing,15,634,0,True,False,True,True,True,False,1,False,False,False,False,Likely Invalid
CLM-00641,PRD-10001,Ceramic Brake Pad Set,Automotive,K&N,K&N-AUT-734,SNK&152458,SNK&152458,SNK&152458,2024-04-16,143.14,O'Reilly Auto,2024-04-16,2026-04-16,AssureX Extended Guard,Extended,2025-12-18,2025-12-21,Manufacturing Defect,Device shut down unexpectedly and fails to power back on under normal conditions.,Component Failure,20,119,1,False,True,True,True,True,False,1,False,False,False,False,Manual Review Required
CLM-00134,PRD-72601,Performance Shock Absorbers,Automotive,Continental Auto,CON-AUT-185,SNCO404824,SNCO404824,SNCO404824,2024-04-11,394.17,AutoZone,2024-04-11,2025-04-11,Continental Auto Care Protection,Standard,2024-10-11,2024-10-25,Racing or Off-Road Use,Vehicle modified for off-road rock crawling causing extreme impact stress.,Racing or Off-Road Use,6,182,0,True,True,True,True,True,False,0,False,False,True,False,Likely Invalid
CLM-01501,PRD-43342,Heavy-Duty Clothes Dryer,Appliances,LG,LG-APP-411,SNLG365449,SNLG365449,SNLG365449,2024-05-28,980.72,Lowe's,2024-05-28,2027-05-28,LG Care Protection,Standard,2025-08-22,2025-08-29,Control Board Failure,Unspecified system degradation observed during normal operating routine.,Manufacturing,14,644,1,True,True,True,True,True,True,0,False,False,False,False,Likely Valid
CLM-01888,PRD-82573,ProBook Laptop 15-inch,Electronics,Dell,DEL-ELE-432,SNDE417180,SNDE417180,SNDE417180,2023-05-16,860.76,BestBuy,2023-05-16,2025-05-15,Dell Care Protection,Standard,2024-04-19,2024-05-01,Jailbreaking or Rooting,Unspecified system degradation observed during normal operating routine.,Jailbreaking or Rooting,11,391,0,True,True,True,True,True,False,0,False,False,True,False,Likely Invalid
CLM-00038,PRD-19229,Convection Microwave Oven,Appliances,Whirlpool,WHI-APP-832,SNWH371577,SNWH371577,SNWH371577,2024-01-25,285.22,Home Depot,2024-01-25,2028-01-25,AssureX Extended Guard,Extended,2024-09-19,2024-10-04,Thermostat Malfunction,Temperature reading fluctuating wildly causing erratic operation.,Manufacturing,7,1223,0,True,True,True,True,True,False,0,False,False,False,False,Likely Valid
CLM-02047,PRD-77530,Electric Range Oven,Appliances,Whirlpool,WHI-APP-260,SNWH609628,SNWH609628,SNWH609628,2023-08-03,998.95,Lowe's,2023-08-03,2027-08-03,AssureX Extended Guard,Extended,2024-12-15,2024-12-29,Motor Failure,"Motor winding resistance out of spec, causing tripping.",Manufacturing,16,961,0,True,True,True,True,True,False,0,False,False,False,False,Likely Valid
CLM-00887,PRD-66270,Gaming Desktop Rig,Electronics,Lenovo,LEN-ELE-659,SNLE360733,SNLE360733,SNLE360733,2023-02-09,2105.56,Direct Manufacturer Store,2023-02-09,2025-02-08,Lenovo Care Protection,Standard,2024-08-15,2024-08-20,Electrical Failure,No current flowing to main motor despite active input power.,Unauthorized Modification,18,177,2,False,True,True,True,True,False,1,False,False,True,True,Likely Invalid
CLM-02059,PRD-48496,Galaxy Ultra Smartphone,Electronics,LG,LG-ELE-130,SNLG627163,SNLG627163,SNLG627163,2023-11-09,1015.93,BestBuy,2023-11-09,2025-11-08,LG Care Protection,Standard,2024-03-08,2024-03-14,Software Malfunction,Main OS freezes on start screen; hardware diagnostic passes.,Unauthorized Modification,3,610,4,False,True,True,True,True,False,1,False,False,True,False,Likely Invalid
CLM-01798,PRD-75957,Heavy-Duty Clothes Dryer,Appliances,Bosch,BOS-APP-912,SNBO679521,SNBO679521,SNBO679521,2025-05-01,979.34,Sears Appliance Outlet,2025-05-01,2028-04-30,Bosch Care Protection,Standard,2027-01-21,2027-02-01,Thermostat Malfunction,"Thermostat stuck open, temperature never reaches target threshold.",Manufacturing,20,465,0,True,True,True,True,True,False,0,False,False,False,False,Likely Valid
CLM-01086,PRD-74835,Active Noise Cancelling Headphones,Electronics,Asus,ASU-ELE-897,SNAS771185,SNAS771185,SNAS771185,2023-09-01,254.04,Target,2023-09-01,2026-08-31,AssureX Extended Guard,Extended,2023-07-26,2023-09-13,Display Defect,Backlight flickering continuously on left half of screen.,Manufacturing,0,1132,0,True,True,True,True,True,False,0,False,True,False,False,Manual Review Required
CLM-01868,PRD-68829,ProBook Laptop 15-inch,Electronics,Dell,DEL-ELE-106,SNDE630389,SNDE630389,SNDE630389,2025-05-21,1060.44,Target,2025-05-21,2027-05-21,Dell Care Protection,Standard,2026-11-06,2026-11-11,Component Failure,Cooling fan bearing seized up leading to emergency thermal shutdown.,Manufacturing,17,196,0,True,True,True,True,True,False,0,False,False,False,False,Likely Valid
CLM-00207,PRD-33283,Mirrorless Camera Body,Electronics,Asus,ASU-ELE-195,SNAS279750,SNAS279750,SNAS279750,2023-02-19,1293.0,Direct Manufacturer Store,2023-02-19,2026-02-18,AssureX Extended Guard,Extended,2026-02-20,2026-02-22,Manufacturing Defect,Internal solder joint loosened causing intermittent power disconnects.,Manufacturing,36,-2,0,True,True,True,True,True,False,0,False,False,False,False,Manual Review Required
CLM-00825,PRD-34458,Heavy-Duty Starter Motor,Automotive,Denso,DEN-AUT-181,SNDE817718,SNDE817718,SNDE817718,2025-04-08,291.78,O'Reilly Auto,2025-04-08,2026-04-08,Denso Care Protection,Standard,2026-01-10,2026-01-13,Material Failure,No current flowing to main motor despite active input power.,Electrical Failure,9,88,0,True,True,True,True,False,False,1,False,False,False,False,Manual Review Required
CLM-01519,PRD-62525,OLED 4K Smart TV,Electronics,Apple,APP-ELE-248,SNAP487236,SNAP487236,SNAP487236,2024-04-07,1311.75,Amazon Electronics,2024-04-07,2026-04-07,Apple Care Protection,Standard,2026-06-03,2026-06-22,Electrical Failure,Capacitor blown on the primary controller board without power surge.,Manufacturing,25,-57,0,True,True,True,True,True,False,0,False,False,False,False,Likely Invalid
CLM-00516,PRD-39979,Electronic Fuel Injector Kit,Automotive,Monroe,MON-AUT-769,SNMO724143,SNMO724143,SNMO724143,2024-02-13,489.51,O'Reilly Auto,2024-02-13,2026-02-12,AssureX Extended Guard,Extended,2025-08-13,2025-08-27,Material Failure,Unspecified system degradation observed during normal operating routine.,Manufacturing,17,183,0,True,True,True,True,True,False,0,False,False,False,False,Likely Valid
CLM-00238,PRD-40773,Galaxy Ultra Smartphone,Electronics,Lenovo,LEN-ELE-383,SNLE167384,SNLE167384,SNLE167384,2025-01-12,985.87,Direct Manufacturer Store,2025-01-12,2028-01-12,AssureX Extended Guard,Extended,2028-02-03,2028-02-06,Software Malfunction,System firmware entered boot loop following manufacturer OTA update.,Manufacturing,36,-22,0,True,True,True,True,True,False,0,False,False,False,False,Likely Invalid
CLM-01080,PRD-14093,Smart Watch Series 7,Electronics,Samsung,SAM-ELE-265,SNSA534577,SNSA534577,SNSA534577,2023-06-25,479.31,BestBuy,2023-06-25,2025-06-24,Samsung Care Protection,Standard,2024-05-17,2024-05-23,Manufacturing Defect,Internal solder joint loosened causing intermittent power disconnects.,Manufacturing,10,403,0,True,True,False,True,True,False,1,False,False,False,False,Likely Valid
CLM-02486,PRD-97098,Gaming Desktop Rig,Electronics,LG,LG-ELE-864,SNLG566726,SNLG566726,SNLG566726,2023-04-17,2049.69,Direct Manufacturer Store,2023-04-17,2026-04-16,AssureX Extended Guard,Extended,2025-09-11,2025-09-23,Accidental Damage,Dropped on concrete driveway resulting in shattered enclosure and severed cable.,Accidental Damage,28,217,0,True,True,True,True,True,False,0,False,False,True,False,Likely Invalid
CLM-01605,PRD-23317,Front-Load Washing Machine,Appliances,KitchenAid,KIT-APP-881,SNKI988135,SNKI988135,SNKI988135,2023-09-27,740.19,Direct Factory Outlet,2023-09-27,2026-09-26,KitchenAid Care Protection,Standard,2024-09-07,2024-09-15,Motor Failure,"Motor winding resistance out of spec, causing tripping.",Manufacturing,11,749,0,True,False,True,True,True,False,1,False,False,False,False,Likely Invalid
CLM-01228,PRD-33953,Electric Range Oven,Appliances,Samsung,SAM-APP-730,SNSA692059,SNSA692059,SNSA692059,2023-03-05,1018.07,Sears Appliance Outlet,2023-03-05,2026-03-04,Samsung Care Protection,Standard,2023-01-26,2023-03-17,Thermostat Malfunction,"Thermostat stuck open, temperature never reaches target threshold.",Manufacturing,0,1133,0,True,True,True,True,True,False,0,False,True,False,False,Manual Review Required
CLM-01589,PRD-94325,OLED 4K Smart TV,Electronics,Dell,DEL-ELE-736,SNDE716940,SNDE716940,SNDE716940,2023-03-14,1047.93,BestBuy,2023-03-14,2025-03-13,Dell Care Protection,Standard,2025-07-15,2025-07-28,Component Failure,Cooling fan bearing seized up leading to emergency thermal shutdown.,Manufacturing,28,-124,0,True,True,True,True,True,False,0,False,False,False,False,Likely Invalid
CLM-01791,PRD-64832,Front-Load Washing Machine,Appliances,Samsung,SAM-APP-312,SNSA823603,SNSA823603,SNSA823603,2023-01-17,738.7,Lowe's,2023-01-17,2027-01-17,AssureX Extended Guard,Extended,2023-11-07,2023-11-11,Pest Infestation Damage,Unspecified system degradation observed during normal operating routine.,Pest Infestation Damage,9,1167,0,True,True,True,True,True,False,0,False,False,True,False,Likely Invalid
CLM-00110,PRD-65426,ABS Wheel Speed Sensor,Automotive,Monroe,MON-AUT-499,SNMO944986,SNMO944986,SNMO944986,2023-12-05,109.19,Advance Auto Parts,2023-12-05,2024-12-04,Monroe Care Protection,Standard,2025-02-06,2025-02-14,Material Failure,Unspecified system degradation observed during normal operating routine.,Manufacturing,14,-64,0,True,True,True,True,True,False,0,False,False,False,False,Likely Invalid
CLM-01311,PRD-68058,Gaming Desktop Rig,Electronics,Sony,SON-ELE-511,SNSO413249,SNSO413249,SNSO413249,2023-01-06,2112.78,BestBuy,2023-01-06,2025-01-05,Sony Care Protection,Standard,2023-03-30,2023-04-03,Component Failure,Sensor module stopped transmitting readings to the main board.,Manufacturing,2,647,0,True,False,True,True,True,False,1,False,False,False,False,Likely Invalid
CLM-00789,PRD-44574,Heavy-Duty Clothes Dryer,Appliances,GE Appliances,GE -APP-246,SNGE751353,SNGE751353,SNGE751353,2024-03-27,747.47,Direct Factory Outlet,2024-03-27,2027-03-27,GE Appliances Care Protection,Standard,2025-01-03,2025-01-07,Compressor Failure,"Cooling cycle fails to start, compressor is non-responsive.",Manufacturing,9,813,0,True,True,True,True,True,False,0,False,False,False,False,Likely Valid
CLM-00135,PRD-64135,Galaxy Ultra Smartphone,Electronics,Sony,SON-ELE-146,SNSO638354,SNSO638354,SNSO638354,2023-05-27,892.16,Target,2023-05-27,2026-05-26,AssureX Extended Guard,Extended,2025-06-22,2025-06-27,Display Defect,Vertical colored line artifacts appeared across OLED panel without impact.,Manufacturing,24,338,0,True,False,True,True,True,False,1,False,False,False,False,Likely Invalid
CLM-02056,PRD-62075,Front-Load Washing Machine,Appliances,Whirlpool,WHI-APP-894,SNWH260477,SNWH260477,SNWH260477,2024-07-13,889.38,Costco,2024-07-13,2027-07-13,Whirlpool Care Protection,Standard,2025-02-26,2025-03-03,Compressor Failure,"Cooling cycle fails to start, compressor is non-responsive.",Manufacturing,7,867,0,True,True,True,True,True,False,0,False,False,False,False,Likely Valid
CLM-01323,PRD-28442,Galaxy Ultra Smartphone,Electronics,Lenovo,LEN-ELE-151,SNLE980185,SNLE980185,SNLE980185,2024-10-10,1066.13,Direct Manufacturer Store,2024-10-10,2026-10-10,Lenovo Care Protection,Standard,2025-08-11,2025-08-18,Electrical Failure,No current flowing to main motor despite active input power.,Electrical,10,425,1,True,True,False,True,True,True,1,False,False,False,False,Likely Valid
CLM-01698,PRD-48319,OLED 4K Smart TV,Electronics,Lenovo,LEN-ELE-592,SNLE660520,SNLE660520,SNLE660520,2025-04-23,1456.1,B&H Photo,2025-04-23,2027-04-23,Lenovo Care Protection,Standard,2025-06-05,2025-06-15,Physical Impact,Unspecified system degradation observed during normal operating routine.,Physical Impact,1,687,0,True,True,True,True,True,False,0,False,False,True,False,Likely Invalid
CLM-01408,PRD-69168,Electric Range Oven,Appliances,Whirlpool,WHI-APP-743,SNWH834796,SNWH834796,SNWH834796,2024-06-24,1256.41,Costco,2024-06-24,2028-06-24,AssureX Extended Guard,Extended,2025-08-30,2025-09-05,Compressor Failure,Compressor clicking repeatedly and unable to compress refrigerant.,Manufacturing,14,1029,0,True,True,True,True,True,False,0,False,False,False,False,Likely Valid
CLM-02145,PRD-46631,French Door Refrigerator,Appliances,LG,LG-APP-725,SNLG919087,SNLG919087,SNLG919087,2024-07-11,1886.85,Direct Factory Outlet,2024-07-11,2027-07-11,LG Care Protection,Standard,2025-06-15,2025-06-18,Compressor Failure,Compressor clicking repeatedly and unable to compress refrigerant.,Manufacturing,11,756,0,True,True,True,True,True,False,0,False,False,False,False,Likely Valid
CLM-01612,PRD-10508,Heavy-Duty Clothes Dryer,Appliances,Bosch,BOS-APP-377,SNBO620690,SNBO620690,SNBO620690,2023-01-18,863.34,Home Depot,2023-01-18,2026-01-17,Bosch Care Protection,Standard,2025-02-02,2025-02-06,Motor Failure,"Motor winding resistance out of spec, causing tripping.",Manufacturing,24,349,0,True,True,True,True,True,False,0,False,False,False,False,Likely Valid
CLM-02368,PRD-61784,Tablet 11-inch Display,Electronics,LG,LG-ELE-569,SNLG603586,SNLG603586,SNLG603586,2023-04-30,769.25,Target,2023-04-30,2025-04-29,LG Care Protection,Standard,2024-11-28,2024-12-05,Software Malfunction,Main OS freezes on start screen; hardware diagnostic passes.,Manufacturing,18,152,3,True,True,True,True,True,True,0,False,False,False,True,Manual Review Required
CLM-00210,PRD-42353,High Output Alternator,Automotive,Bosch Auto,BOS-AUT-556,SNBO167077,SNBO167077,SNBO167077,2025-03-27,401.14,RockAuto,2025-03-27,2026-03-27,Bosch Auto Care Protection,Standard,2025-10-12,2025-10-27,Electrical Component Failure,Unspecified system degradation observed during normal operating routine.,Electrical,6,166,0,True,True,True,True,True,False,0,False,False,False,False,Likely Valid
CLM-02403,PRD-17822,Active Noise Cancelling Headphones,Electronics,Samsung,SAM-ELE-251,SNSA917323,SNSA917359,SNSA917323,2025-03-25,320.78,B&H Photo,2025-03-25,2028-03-24,AssureX Extended Guard,Extended,2027-08-07,2027-08-16,Software Malfunction,Main OS freezes on start screen; hardware diagnostic passes.,Manufacturing,28,230,0,True,True,True,True,True,False,0,True,False,False,False,Manual Review Required
CLM-01514,PRD-21386,Heavy-Duty Starter Motor,Automotive,ACDelco,ACD-AUT-494,SNAC200105,SNAC200105,SNAC200105,2024-05-08,324.76,Advance Auto Parts,2024-05-08,2026-05-08,AssureX Extended Guard,Extended,2024-04-08,2024-05-18,Electrical Component Failure,Unspecified system degradation observed during normal operating routine.,Manufacturing,0,760,0,True,True,True,True,True,False,0,False,True,False,False,Manual Review Required
CLM-01886,PRD-85481,Active Noise Cancelling Headphones,Electronics,Lenovo,LEN-ELE-396,SNLE775267,SNLE775267,SNLE775267,2024-01-25,331.58,BestBuy,2024-01-25,2026-01-24,Lenovo Care Protection,Standard,2024-08-11,2024-08-24,Manufacturing Defect,Internal solder joint loosened causing intermittent power disconnects.,Manufacturing,6,531,0,True,True,True,True,True,False,0,False,False,False,False,Likely Valid
CLM-01508,PRD-49308,French Door Refrigerator,Appliances,LG,LG-APP-462,SNLG140319,SNLG140319,SNLG140319,2024-06-17,1793.01,Home Depot,2024-06-17,2027-06-17,LG Care Protection,Standard,2025-01-25,2025-01-30,Power Surge Damage,Unspecified system degradation observed during normal operating routine.,Power Surge Damage,7,873,0,True,True,True,True,True,False,0,False,False,True,False,Likely Invalid
CLM-01334,PRD-39800,Smart Watch Series 7,Electronics,Sony,SON-ELE-295,SNSO985400,SNSO985400,SNSO985400,2023-05-30,388.97,BestBuy,2023-05-30,2026-05-29,AssureX Extended Guard,Extended,2026-02-17,2026-02-22,Display Defect,Backlight flickering continuously on left half of screen.,Unauthorized Modification,32,101,3,False,True,True,True,True,False,1,False,False,True,False,Likely Invalid
CLM-00817,PRD-53369,French Door Refrigerator,Appliances,Maytag,MAY-APP-262,SNMA233037,SNMA233037,SNMA233037,2023-02-22,1930.99,Home Depot,2023-02-22,2026-02-21,Maytag Care Protection,Standard,2025-02-10,2025-02-17,Control Board Failure,Unspecified system degradation observed during normal operating routine.,Manufacturing,23,376,0,True,True,True,True,True,False,0,False,False,False,False,Likely Valid
CLM-00703,PRD-75388,Electronic Fuel Injector Kit,Automotive,ACDelco,ACD-AUT-378,SNAC444094,SNAC444094,SNAC444094,2024-09-20,514.91,O'Reilly Auto,2024-09-20,2025-09-20,ACDelco Care Protection,Standard,2025-04-13,2025-04-18,Material Failure,Unspecified system degradation observed during normal operating routine.,Manufacturing,6,160,0,True,True,True,True,True,False,0,False,False,False,False,Likely Valid
CLM-02424,PRD-46312,Smart Dishwasher 24-inch,Appliances,LG,LG-APP-503,SNLG653515,SNLG653515,SNLG653515,2025-04-03,841.38,Direct Factory Outlet,2025-04-03,2029-04-03,AssureX Extended Guard,Extended,2029-02-11,2029-02-19,Motor Failure,"Motor winding resistance out of spec, causing tripping.",Manufacturing,46,51,0,True,False,True,True,True,False,1,False,False,False,False,Likely Invalid
CLM-00666,PRD-19514,Electric Range Oven,Appliances,Maytag,MAY-APP-248,SNMA897460,SNMA897460,SNMA897460,2025-05-29,964.92,Direct Factory Outlet,2025-05-29,2028-05-28,Maytag Care Protection,Standard,2026-07-19,2026-07-30,Thermostat Malfunction,Temperature reading fluctuating wildly causing erratic operation.,Manufacturing,13,679,0,True,True,True,True,True,False,0,False,False,False,False,Likely Valid
CLM-00183,PRD-42821,Ceramic Brake Pad Set,Automotive,K&N,K&N-AUT-706,SNK&935946,SNK&935946,SNK&935946,2024-01-19,132.06,O'Reilly Auto,2024-01-19,2025-01-18,K&N Care Protection,Standard,2024-07-12,2024-07-16,Material Failure,Unspecified system degradation observed during normal operating routine.,Manufacturing,5,190,0,True,True,True,True,True,False,0,False,False,False,False,Likely Valid
CLM-01011,PRD-98467,Electric Range Oven,Appliances,Maytag,MAY-APP-888,SNMA294379,SNMA294379,SNMA294379,2023-02-13,993.01,Costco,2023-02-13,2027-02-13,AssureX Extended Guard,Extended,2024-09-01,2024-09-13,Electrical Wiring Defect,Unspecified system degradation observed during normal operating routine.,Electrical,18,895,1,True,True,True,True,True,True,0,False,False,False,False,Likely Valid
CLM-00839,PRD-23875,Electric Range Oven,Appliances,Whirlpool,WHI-APP-323,SNWH944507,SNWH944507,SNWH944507,2023-07-27,1292.97,Direct Factory Outlet,2023-07-27,2026-07-26,Whirlpool Care Protection,Standard,2024-03-11,2024-03-14,Motor Failure,"Motor winding resistance out of spec, causing tripping.",Manufacturing,7,867,0,True,True,True,True,True,False,0,False,False,False,False,Likely Valid
CLM-00302,PRD-61196,Front-Load Washing Machine,Appliances,Maytag,MAY-APP-896,SNMA787712,SNMA787712,SNMA787712,2024-11-24,772.34,Lowe's,2024-11-24,2028-11-24,AssureX Extended Guard,Extended,2027-10-13,2027-10-15,Manufacturing Defect,Device shut down unexpectedly and fails to power back on under normal conditions.,Manufacturing,34,408,0,True,True,True,True,True,False,0,False,False,False,False,Likely Valid
CLM-01161,PRD-86898,ProBook Laptop 15-inch,Electronics,LG,LG-ELE-841,SNLG167919,SNLG167919,SNLG167919,2024-10-14,902.1,B&H Photo,2024-10-14,2026-10-14,LG Care Protection,Standard,2026-01-01,2026-01-06,Manufacturing Defect,Internal solder joint loosened causing intermittent power disconnects.,Component Failure,14,286,1,False,True,True,True,True,False,1,False,False,False,False,Manual Review Required
CLM-02276,PRD-50489,High Output Alternator,Automotive,Brembo,BRE-AUT-940,SNBR894569,SNBR894569,SNBR894569,2025-04-02,312.69,O'Reilly Auto,2025-04-02,2026-04-02,Brembo Care Protection,Standard,2025-03-17,2025-04-22,Manufacturing Defect,Internal solder joint loosened causing intermittent power disconnects.,Manufacturing,0,381,0,True,True,True,True,True,False,0,False,True,False,False,Manual Review Required
CLM-00606,PRD-32159,Convection Microwave Oven,Appliances,Maytag,MAY-APP-116,SNMA752069,SNMA752069,SNMA752069,2024-07-21,386.05,Costco,2024-07-21,2027-07-21,Maytag Care Protection,Standard,2025-07-16,2025-07-25,Compressor Failure,"Cooling cycle fails to start, compressor is non-responsive.",Manufacturing,11,735,0,True,True,True,True,True,False,0,False,False,False,False,Likely Valid
CLM-02163,PRD-33946,Mirrorless Camera Body,Electronics,LG,LG-ELE-715,SNLG300501,SNLG300501,SNLG300501,2024-11-27,1677.48,Direct Manufacturer Store,2024-11-27,2026-11-27,LG Care Protection,Standard,2025-09-10,2025-09-11,Component Failure,Sensor module stopped transmitting readings to the main board.,Manufacturing,9,443,0,True,False,True,True,True,False,1,False,False,False,False,Likely Invalid
CLM-00111,PRD-51482,Performance Shock Absorbers,Automotive,K&N,K&N-AUT-157,SNK&614178,SNK&614178,SNK&614178,2025-04-27,404.09,AutoZone,2025-04-27,2027-04-27,AssureX Extended Guard,Extended,2026-02-03,2026-02-08,Premature Wear,Bushing cracked prematurely during regular non-commercial transit.,Unauthorized Modification,9,448,3,False,True,True,True,True,False,1,False,False,True,False,Likely Invalid
CLM-02383,PRD-14754,Heavy-Duty Clothes Dryer,Appliances,Samsung,SAM-APP-528,SNSA591006,SNSA591006,SNSA591006,2024-08-24,804.54,Costco,2024-08-24,2027-08-24,Samsung Care Protection,Standard,2026-07-25,2026-08-04,Compressor Failure,Compressor clicking repeatedly and unable to compress refrigerant.,Manufacturing,22,395,0,True,True,True,True,True,False,0,False,False,False,False,Likely Valid
CLM-00657,PRD-38384,Smart Watch Series 7,Electronics,Dell,DEL-ELE-135,SNDE438556,SNDE438556,SNDE438556,2024-09-29,388.6,Target,2024-09-29,2026-09-29,Dell Care Protection,Standard,2025-01-21,2025-02-01,Electrical Failure,Capacitor blown on the primary controller board without power surge.,Electrical,3,616,0,True,True,True,True,True,False,0,False,False,False,False,Likely Valid
CLM-00482,PRD-88555,OLED 4K Smart TV,Electronics,LG,LG-ELE-224,SNLG613405,SNLG613405,SNLG613405,2024-07-27,1240.92,BestBuy,2024-07-27,2026-07-27,LG Care Protection,Standard,2025-08-06,2025-08-17,Software Malfunction,Main OS freezes on start screen; hardware diagnostic passes.,Unauthorized Modification,12,355,2,False,True,True,True,True,False,1,False,False,True,False,Likely Invalid
CLM-01621,PRD-44028,Electric Range Oven,Appliances,KitchenAid,KIT-APP-396,SNKI423003,SNKI423003,SNKI423003,2024-12-14,967.3,Home Depot,2024-12-14,2027-12-14,KitchenAid Care Protection,Standard,2024-11-27,2024-12-28,Thermostat Malfunction,Temperature reading fluctuating wildly causing erratic operation.,Manufacturing,0,1112,0,True,True,True,True,True,False,0,False,True,False,False,Manual Review Required
CLM-01743,PRD-30547,Active Noise Cancelling Headphones,Electronics,Asus,ASU-ELE-467,SNAS204622,SNAS204622,SNAS204622,2023-08-14,296.45,Target,2023-08-14,2025-08-13,Asus Care Protection,Standard,2024-12-19,2025-01-01,Physical Impact,Unspecified system degradation observed during normal operating routine.,Physical Impact,16,237,0,True,True,True,True,True,False,0,False,False,True,False,Likely Invalid
CLM-00788,PRD-76725,Mirrorless Camera Body,Electronics,Dell,DEL-ELE-448,SNDE473078,SNDE473078,SNDE473078,2025-05-04,1262.69,Target,2025-05-04,2027-05-04,Dell Care Protection,Standard,2027-01-09,2027-01-11,Component Failure,Cooling fan bearing seized up leading to emergency thermal shutdown.,Component Failure,20,115,1,False,True,True,True,True,False,1,False,False,False,False,Manual Review Required
CLM-00307,PRD-29252,Smart Watch Series 7,Electronics,Samsung,SAM-ELE-957,SNSA722776,SNSA722776,SNSA722776,2024-07-21,478.08,BestBuy,2024-07-21,2026-07-21,Samsung Care Protection,Standard,2026-10-11,2026-10-15,Manufacturing Defect,Factory assembly defect leading to unprovoked system failure.,Manufacturing,26,-82,0,True,True,True,True,True,False,0,False,False,False,False,Likely Invalid
CLM-01051,PRD-94712,Smart Dishwasher 24-inch,Appliances,Whirlpool,WHI-APP-779,SNWH371800,SNWH371800,SNWH371800,2025-05-06,824.55,Home Depot,2025-05-06,2028-05-05,Whirlpool Care Protection,Standard,2028-07-13,2028-07-21,Control Board Failure,Unspecified system degradation observed during normal operating routine.,Manufacturing,38,-69,0,True,True,True,True,True,False,0,False,False,False,False,Likely Invalid
CLM-02500,PRD-72200,ABS Wheel Speed Sensor,Automotive,Continental Auto,CON-AUT-488,SNCO613404,SNCO613404,SNCO613404,2025-05-20,88.61,AutoZone,2025-05-20,2026-05-20,Continental Auto Care Protection,Standard,2026-01-20,2026-01-21,Electrical Component Failure,Unspecified system degradation observed during normal operating routine.,Electrical,8,120,0,True,True,True,True,True,False,0,False,False,False,False,Likely Valid
CLM-02125,PRD-79308,Tablet 11-inch Display,Electronics,Sony,SON-ELE-546,SNSO365387,SNSO365387,SNSO365387,2024-06-05,725.26,BestBuy,2024-06-05,2026-06-05,Sony Care Protection,Standard,2026-08-13,2026-08-21,Electrical Failure,No current flowing to main motor despite active input power.,Manufacturing,26,-69,0,True,True,True,True,True,False,0,False,False,False,False,Likely Invalid
CLM-00151,PRD-68009,Performance Shock Absorbers,Automotive,K&N,K&N-AUT-913,SNK&815337,SNK&815337,SNK&815337,2023-08-15,377.99,AutoZone,2023-08-15,2024-08-14,K&N Care Protection,Standard,2024-09-24,2024-10-06,Material Failure,Unspecified system degradation observed during normal operating routine.,Manufacturing,13,-41,0,True,True,True,True,True,False,0,False,False,False,False,Likely Invalid
CLM-02340,PRD-88982,Electric Range Oven,Appliances,Bosch,BOS-APP-370,SNBO656502,SNBO656502,SNBO656502,2023-05-12,1369.0,Direct Factory Outlet,2023-05-12,2026-05-11,Bosch Care Protection,Standard,2025-07-01,2025-07-07,Manufacturing Defect,Factory assembly defect leading to unprovoked system failure.,Manufacturing,25,314,0,True,True,True,True,True,False,0,False,False,False,False,Likely Valid
CLM-00369,PRD-92167,Active Noise Cancelling Headphones,Electronics,Samsung,SAM-ELE-486,SNSA769760,SNSA769760,SNSA769760,2025-04-26,250.09,B&H Photo,2025-04-26,2028-04-25,AssureX Extended Guard,Extended,2026-11-20,2026-12-01,Physical Impact,Unspecified system degradation observed during normal operating routine.,Physical Impact,18,522,0,True,True,True,True,True,False,0,False,False,True,False,Likely Invalid
CLM-01895,PRD-43567,Tablet 11-inch Display,Electronics,LG,LG-ELE-540,SNLG129167,SNLG129167,SNLG129167,2025-03-17,801.62,BestBuy,2025-03-17,2028-03-16,AssureX Extended Guard,Extended,2026-10-02,2026-10-08,Manufacturing Defect,Internal solder joint loosened causing intermittent power disconnects.,Manufacturing,18,531,1,True,True,True,True,True,True,0,False,False,False,False,Likely Valid
CLM-01515,PRD-76999,Gaming Desktop Rig,Electronics,Apple,APP-ELE-129,SNAP638648,SNAP638648,SNAP638648,2024-11-17,1763.08,BestBuy,2024-11-17,2027-11-17,AssureX Extended Guard,Extended,2025-01-14,2025-01-24,Unauthorized Modification,Unspecified system degradation observed during normal operating routine.,Unauthorized Modification,1,1037,0,True,True,True,True,True,False,0,False,False,True,False,Likely Invalid
CLM-01712,PRD-11510,Convection Microwave Oven,Appliances,LG,LG-APP-987,SNLG444204,SNLG444204,SNLG444204,2023-04-13,325.9,Home Depot,2023-04-13,2026-04-12,LG Care Protection,Standard,2024-01-30,2024-02-14,Electrical Wiring Defect,Unspecified system degradation observed during normal operating routine.,Electrical,9,803,0,True,True,True,True,True,False,0,False,False,False,False,Likely Valid
CLM-01022,PRD-38642,Tablet 11-inch Display,Electronics,Sony,SON-ELE-612,SNSO540536,SNSO540536,SNSO540536,2025-04-08,585.86,Target,2025-04-08,2027-04-08,Sony Care Protection,Standard,2025-09-15,2025-09-19,Electrical Failure,Capacitor blown on the primary controller board without power surge.,Electrical,5,570,0,True,True,True,True,True,False,0,False,False,False,False,Likely Valid
CLM-00425,PRD-44003,Convection Microwave Oven,Appliances,LG,LG-APP-549,SNLG334496,SNLG334496,SNLG334496,2023-06-14,385.32,Sears Appliance Outlet,2023-06-14,2026-06-13,LG Care Protection,Standard,2024-09-05,2024-09-08,Manufacturing Defect,Device shut down unexpectedly and fails to power back on under normal conditions.,Manufacturing,14,646,0,True,True,True,True,True,False,0,False,False,False,False,Likely Valid
CLM-00822,PRD-96975,Tablet 11-inch Display,Electronics,Dell,DEL-ELE-153,SNDE829286,SNDE829286,SNDE829286,2024-07-13,622.53,BestBuy,2024-07-13,2027-07-13,AssureX Extended Guard,Extended,2026-06-22,2026-07-03,Component Failure,Sensor module stopped transmitting readings to the main board.,Unauthorized Modification,23,386,4,False,True,True,True,True,False,1,False,False,True,False,Likely Invalid
CLM-00511,PRD-24617,Smart Watch Series 7,Electronics,Dell,DEL-ELE-407,SNDE696985,SNDE696985,SNDE696985,2024-11-18,340.68,Target,2024-11-18,2026-11-18,Dell Care Protection,Standard,2026-01-02,2026-01-15,Display Defect,Backlight flickering continuously on left half of screen.,Manufacturing,13,320,0,True,True,True,True,True,False,0,False,False,False,False,Likely Valid
CLM-01801,PRD-79946,Front-Load Washing Machine,Appliances,Whirlpool,WHI-APP-120,SNWH367100,SNWH367100,SNWH367100,2025-02-27,1031.38,Sears Appliance Outlet,2025-02-27,2028-02-27,Whirlpool Care Protection,Standard,2025-11-25,2025-12-09,Electrical Wiring Defect,Unspecified system degradation observed during normal operating routine.,Unauthorized Modification,8,824,3,False,True,True,True,True,False,1,False,False,True,False,Likely Invalid
CLM-00236,PRD-33121,Gaming Desktop Rig,Electronics,Lenovo,LEN-ELE-770,SNLE402346,SNLE402346,SNLE402346,2024-08-05,2114.95,Amazon Electronics,2024-08-05,2026-08-05,Lenovo Care Protection,Standard,2025-11-17,2025-11-20,Electrical Failure,No current flowing to main motor despite active input power.,Electrical,15,261,0,True,True,True,True,True,False,0,False,False,False,False,Likely Valid
CLM-00404,PRD-17827,Heavy-Duty Starter Motor,Automotive,Brembo,BRE-AUT-702,SNBR502838,SNBR502838,SNBR502838,2024-03-09,252.24,AutoZone,2024-03-09,2026-03-09,AssureX Extended Guard,Extended,2024-04-27,2024-05-04,Electrical Component Failure,Cooling fan bearing seized up leading to emergency thermal shutdown.,Component Failure,1,681,1,False,True,True,True,True,False,1,False,False,False,False,Manual Review Required
CLM-00569,PRD-51216,Electric Range Oven,Appliances,Maytag,MAY-APP-516,SNMA251239,SNMA251239,SNMA251239,2023-01-11,1272.17,Direct Factory Outlet,2023-01-11,2026-01-10,Maytag Care Protection,Standard,2025-02-12,2025-02-22,Manufacturing Defect,Device shut down unexpectedly and fails to power back on under normal conditions.,Electrical Failure,25,332,0,True,True,True,True,False,False,1,False,False,False,False,Manual Review Required
CLM-01490,PRD-77465,ProBook Laptop 15-inch,Electronics,Apple,APP-ELE-288,SNAP545764,SNAP545764,SNAP545764,2025-03-10,869.47,Target,2025-03-10,2027-03-10,Apple Care Protection,Standard,2026-04-14,2026-04-26,Electrical Failure,Internal circuit shorted during regular use with standard power supply.,Electrical,13,330,1,True,True,True,True,True,True,0,False,False,False,False,Likely Valid
CLM-00744,PRD-86871,French Door Refrigerator,Appliances,Samsung,SAM-APP-584,SNSA923861,SNSA923861,SNSA923861,2024-12-06,1848.09,Home Depot,2024-12-06,2027-12-06,Samsung Care Protection,Standard,2026-04-09,2026-04-17,Motor Failure,"Motor winding resistance out of spec, causing tripping.",Manufacturing,16,606,0,True,False,True,True,True,False,1,False,False,False,False,Likely Invalid
CLM-01993,PRD-49220,OLED 4K Smart TV,Electronics,Lenovo,LEN-ELE-645,SNLE234746,SNLE234746,SNLE234746,2024-05-13,1279.36,Target,2024-05-13,2027-05-13,AssureX Extended Guard,Extended,2025-01-12,2025-01-24,Electrical Failure,No current flowing to main motor despite active input power.,Electrical,8,851,1,True,True,False,True,True,True,1,False,False,False,False,Likely Valid
CLM-01983,PRD-14436,Front-Load Washing Machine,Appliances,Bosch,BOS-APP-448,SNBO258724,SNBO258724,SNBO258724,2023-01-02,838.63,Costco,2023-01-02,2026-01-01,Bosch Care Protection,Standard,2024-12-01,2024-12-15,Electrical Wiring Defect,Unspecified system degradation observed during normal operating routine.,Electrical,22,396,1,True,True,True,True,True,True,0,False,False,False,False,Likely Valid
CLM-01655,PRD-98282,Heavy-Duty Clothes Dryer,Appliances,Maytag,MAY-APP-111,SNMA796456,SNMA796456,SNMA796456,2023-12-21,696.5,Costco,2023-12-21,2026-12-20,Maytag Care Protection,Standard,2026-03-07,2026-03-14,Compressor Failure,"Cooling cycle fails to start, compressor is non-responsive.",Manufacturing,26,288,0,True,True,True,True,True,False,0,False,False,False,False,Likely Valid
CLM-02312,PRD-31634,French Door Refrigerator,Appliances,Whirlpool,WHI-APP-360,SNWH898532,SNWH898532,SNWH898532,2025-05-16,1393.73,Costco,2025-05-16,2029-05-16,AssureX Extended Guard,Extended,2026-09-22,2026-09-25,Manufacturing Defect,Device shut down unexpectedly and fails to power back on under normal conditions.,Manufacturing,16,967,3,True,True,True,True,True,True,0,False,False,False,False,Manual Review Required
CLM-02091,PRD-35363,Heavy-Duty Starter Motor,Automotive,Bosch Auto,BOS-AUT-593,SNBO843092,SNBO843092,SNBO843092,2024-12-24,301.31,O'Reilly Auto,2024-12-24,2025-12-24,Bosch Auto Care Protection,Standard,2025-02-16,2025-02-26,Seal or Gasket Failure,Unspecified system degradation observed during normal operating routine.,Manufacturing,1,311,0,True,True,True,True,True,False,0,False,False,False,False,Likely Valid
CLM-02253,PRD-68450,Tablet 11-inch Display,Electronics,Apple,APP-ELE-626,SNAP866387,SNAP866387,SNAP866387,2024-05-28,776.22,Target,2024-05-28,2026-05-28,Apple Care Protection,Standard,2025-07-10,2025-07-19,Component Failure,Cooling fan bearing seized up leading to emergency thermal shutdown.,Unauthorized Modification,13,322,2,False,True,True,True,True,False,1,False,False,True,False,Likely Invalid
CLM-02027,PRD-13842,Front-Load Washing Machine,Appliances,Samsung,SAM-APP-280,SNSA950183,SNSA950183,SNSA950183,2024-05-03,1058.91,Sears Appliance Outlet,2024-05-03,2027-05-03,Samsung Care Protection,Standard,2027-06-28,2027-07-13,Compressor Failure,Compressor clicking repeatedly and unable to compress refrigerant.,Manufacturing,37,-56,0,True,True,True,True,True,False,0,False,False,False,False,Likely Invalid
CLM-00599,PRD-63908,Gaming Desktop Rig,Electronics,Apple,APP-ELE-688,SNAP919838,SNAP919838,SNAP919838,2024-05-06,2165.12,Amazon Electronics,2024-05-06,2027-05-06,AssureX Extended Guard,Extended,2025-02-27,2025-03-12,Cosmetic Damage,Slight dent on exterior casing from transit handling.,Cosmetic Damage,9,798,0,True,True,True,True,True,False,0,False,False,True,False,Likely Invalid
CLM-01963,PRD-31934,Tablet 11-inch Display,Electronics,Dell,DEL-ELE-423,SNDE885601,SNDE885618,SNDE885601,2024-06-10,552.58,BestBuy,2024-06-10,2027-06-10,AssureX Extended Guard,Extended,2024-08-02,2024-08-04,Manufacturing Defect,Device shut down unexpectedly and fails to power back on under normal conditions.,Manufacturing,1,1042,0,True,True,True,True,True,False,0,True,False,False,False,Manual Review Required
CLM-02072,PRD-60468,Ceramic Brake Pad Set,Automotive,Denso,DEN-AUT-371,SNDE925463,SNDE925463,SNDE925463,2024-05-20,117.83,RockAuto,2024-05-20,2026-05-20,AssureX Extended Guard,Extended,2025-08-11,2025-08-18,Material Failure,Unspecified system degradation observed during normal operating routine.,Manufacturing,14,282,1,True,True,True,True,True,True,0,False,False,False,False,Likely Valid
CLM-00448,PRD-83899,Smart Dishwasher 24-inch,Appliances,KitchenAid,KIT-APP-635,SNKI438046,SNKI438046,SNKI438046,2023-09-15,822.03,Sears Appliance Outlet,2023-09-15,2026-09-14,KitchenAid Care Protection,Standard,2024-12-06,2024-12-19,Electrical Wiring Defect,Unspecified system degradation observed during normal operating routine.,Manufacturing,14,647,0,True,False,True,True,True,False,1,False,False,False,False,Likely Invalid
CLM-01956,PRD-75858,Smart Watch Series 7,Electronics,LG,LG-ELE-553,SNLG194970,SNLG194970,SNLG194970,2024-01-03,433.86,Direct Manufacturer Store,2024-01-03,2027-01-02,AssureX Extended Guard,Extended,2025-06-18,2025-07-02,Software Malfunction,Main OS freezes on start screen; hardware diagnostic passes.,Manufacturing,17,563,0,True,False,True,True,True,False,1,False,False,False,False,Likely Invalid
CLM-01176,PRD-48115,Smart Dishwasher 24-inch,Appliances,KitchenAid,KIT-APP-881,SNKI946769,SNKI946769,SNKI946769,2024-09-20,851.79,Costco,2024-09-20,2027-09-20,KitchenAid Care Protection,Standard,2025-10-25,2025-11-05,Electrical Wiring Defect,Unspecified system degradation observed during normal operating routine.,Electrical,13,695,0,True,True,True,True,True,False,0,False,False,False,False,Likely Valid
CLM-00982,PRD-46927,Performance Shock Absorbers,Automotive,Denso,DEN-AUT-446,SNDE944101,SNDE944101,SNDE944101,2024-12-17,359.39,Advance Auto Parts,2024-12-17,2025-12-17,Denso Care Protection,Standard,2025-02-14,2025-02-20,Seal or Gasket Failure,Unspecified system degradation observed during normal operating routine.,Manufacturing,1,306,0,True,False,True,True,True,False,1,False,False,False,False,Likely Invalid
CLM-00390,PRD-10686,Heavy-Duty Clothes Dryer,Appliances,Whirlpool,WHI-APP-784,SNWH200879,SNWH200879,SNWH200879,2024-07-12,745.13,Lowe's,2024-07-12,2028-07-12,AssureX Extended Guard,Extended,2027-09-04,2027-09-06,Compressor Failure,Compressor clicking repeatedly and unable to compress refrigerant.,Manufacturing,37,312,3,True,True,True,True,True,True,0,False,False,False,False,Manual Review Required
CLM-01010,PRD-63213,Convection Microwave Oven,Appliances,GE Appliances,GE -APP-573,SNGE657821,SNGE657872,SNGE657821,2023-02-26,344.52,Costco,2023-02-26,2027-02-26,AssureX Extended Guard,Extended,2023-08-26,2023-08-29,Thermostat Malfunction,"Thermostat stuck open, temperature never reaches target threshold.",Manufacturing,5,1280,0,True,True,True,True,True,False,0,True,False,False,False,Manual Review Required
CLM-01379,PRD-28328,ProBook Laptop 15-inch,Electronics,Apple,APP-ELE-780,SNAP284655,SNAP284655,SNAP284655,2023-02-12,738.55,Target,2023-02-12,2025-02-11,Apple Care Protection,Standard,2025-03-22,2025-03-27,Electrical Failure,No current flowing to main motor despite active input power.,Manufacturing,25,-39,0,True,True,True,True,True,False,0,False,False,False,False,Likely Invalid
CLM-00787,PRD-13574,Heavy-Duty Starter Motor,Automotive,Denso,DEN-AUT-499,SNDE517155,SNDE517155,SNDE517155,2024-08-23,312.99,AutoZone,2024-08-23,2025-08-23,Denso Care Protection,Standard,2025-04-09,2025-04-17,Manufacturing Defect,Device shut down unexpectedly and fails to power back on under normal conditions.,Manufacturing,7,136,0,True,True,True,True,True,False,0,False,False,False,False,Likely Valid
CLM-01507,PRD-97419,Tablet 11-inch Display,Electronics,Apple,APP-ELE-376,SNAP765778,SNAP765778,SNAP765778,2023-01-08,757.5,B&H Photo,2023-01-08,2025-01-07,Apple Care Protection,Standard,2025-02-12,2025-02-27,Electrical Failure,No current flowing to main motor despite active input power.,Manufacturing,25,-36,0,True,True,True,True,True,False,0,False,False,False,False,Likely Invalid
CLM-01493,PRD-13843,Performance Shock Absorbers,Automotive,Denso,DEN-AUT-478,SNDE878097,SNDE878097,SNDE878097,2023-04-23,403.89,O'Reilly Auto,2023-04-23,2024-04-22,Denso Care Protection,Standard,2023-07-17,2023-07-30,Electrical Component Failure,Unspecified system degradation observed during normal operating routine.,Electrical,2,280,1,True,True,True,True,True,True,0,False,False,False,False,Likely Valid
CLM-00427,PRD-68249,French Door Refrigerator,Appliances,LG,LG-APP-833,SNLG840632,SNLG840632,SNLG840632,2024-11-02,1948.28,Home Depot,2024-11-02,2028-11-02,AssureX Extended Guard,Extended,2026-03-05,2026-03-07,Motor Failure,"Motor winding resistance out of spec, causing tripping.",Manufacturing,16,973,0,True,True,True,True,True,False,0,False,False,False,False,Likely Valid
CLM-00241,PRD-42576,OLED 4K Smart TV,Electronics,Apple,APP-ELE-716,SNAP228864,SNAP228864,SNAP228864,2024-07-26,1437.12,B&H Photo,2024-07-26,2027-07-26,AssureX Extended Guard,Extended,2026-10-01,2026-10-12,Component Failure,Sensor module stopped transmitting readings to the main board.,Manufacturing,26,298,0,True,True,True,True,True,False,0,False,False,False,False,Likely Valid
CLM-02314,PRD-76224,Electric Range Oven,Appliances,GE Appliances,GE -APP-933,SNGE767576,SNGE767576,SNGE767576,2024-02-10,1266.08,Costco,2024-02-10,2027-02-09,GE Appliances Care Protection,Standard,2027-02-10,2027-02-11,Compressor Failure,Compressor clicking repeatedly and unable to compress refrigerant.,Manufacturing,36,-1,0,True,True,True,True,True,False,0,False,False,False,False,Manual Review Required
CLM-00832,PRD-77404,Smart Watch Series 7,Electronics,Apple,APP-ELE-106,SNAP384879,SNAP384879,SNAP384879,2025-03-29,396.76,Amazon Electronics,2025-03-29,2027-03-29,Apple Care Protection,Standard,2025-10-11,2025-10-14,Software Malfunction,Main OS freezes on start screen; hardware diagnostic passes.,Component Failure,6,534,1,False,True,True,True,True,False,1,False,False,False,False,Manual Review Required
CLM-02134,PRD-61712,OLED 4K Smart TV,Electronics,LG,LG-ELE-844,SNLG231474,SNLG231474,SNLG231474,2023-09-28,1090.82,B&H Photo,2023-09-28,2026-09-27,AssureX Extended Guard,Extended,2024-04-12,2024-04-23,Electrical Failure,Internal circuit shorted during regular use with standard power supply.,Unauthorized Modification,6,898,2,False,True,True,True,True,False,1,False,False,True,False,Likely Invalid
CLM-00179,PRD-78561,Galaxy Ultra Smartphone,Electronics,Apple,APP-ELE-230,SNAP372235,SNAP372235,SNAP372235,2024-03-02,1222.2,Amazon Electronics,2024-03-02,2026-03-02,Apple Care Protection,Standard,2026-08-05,2026-08-15,Display Defect,Backlight flickering continuously on left half of screen.,Manufacturing,29,-156,0,True,True,True,True,True,False,0,False,False,False,True,Likely Invalid
CLM-01545,PRD-53865,Convection Microwave Oven,Appliances,GE Appliances,GE -APP-767,SNGE156023,SNGE156023,SNGE156023,2024-11-27,380.54,Costco,2024-11-27,2027-11-27,GE Appliances Care Protection,Standard,2026-12-21,2026-12-29,Compressor Failure,Compressor clicking repeatedly and unable to compress refrigerant.,Manufacturing,24,341,1,True,True,True,True,True,True,0,False,False,False,False,Likely Valid
CLM-02095,PRD-21005,OLED 4K Smart TV,Electronics,Samsung,SAM-ELE-802,SNSA464024,SNSA464024,SNSA464024,2024-08-10,1366.13,Direct Manufacturer Store,2024-08-10,2026-08-10,Samsung Care Protection,Standard,2026-07-07,2026-07-09,Cosmetic Damage,Surface scratches and paint chip on front door bezel.,Cosmetic Damage,22,34,0,True,True,True,True,True,False,0,False,False,True,False,Likely Invalid
CLM-00841,PRD-33192,Smart Watch Series 7,Electronics,Apple,APP-ELE-513,SNAP643876,SNAP643876,SNAP643876,2023-10-08,451.85,Target,2023-10-08,2025-10-07,Apple Care Protection,Standard,2025-02-24,2025-03-02,Software Malfunction,Main OS freezes on start screen; hardware diagnostic passes.,Unauthorized Modification,16,225,4,False,True,True,True,True,False,1,False,False,True,False,Likely Invalid
CLM-00786,PRD-22580,Electronic Fuel Injector Kit,Automotive,ACDelco,ACD-AUT-545,SNAC929142,SNAC929142,SNAC929142,2023-06-30,481.95,RockAuto,2023-06-30,2024-06-29,ACDelco Care Protection,Standard,2023-12-10,2023-12-23,Manufacturing Defect,Device shut down unexpectedly and fails to power back on under normal conditions.,Manufacturing,5,202,0,True,True,True,True,True,False,0,False,False,False,False,Likely Valid
CLM-01185,PRD-26433,Smart Watch Series 7,Electronics,Lenovo,LEN-ELE-527,SNLE825225,SNLE825225,SNLE825225,2023-12-05,361.23,Direct Manufacturer Store,2023-12-05,2026-12-04,AssureX Extended Guard,Extended,2025-10-15,2025-10-29,Component Failure,Sensor module stopped transmitting readings to the main board.,Manufacturing,22,415,1,True,True,True,True,True,True,0,False,False,False,False,Likely Valid
CLM-01206,PRD-50499,Smart Watch Series 7,Electronics,Dell,DEL-ELE-511,SNDE307710,SNDE307710,SNDE307710,2024-07-31,351.16,Target,2024-07-31,2026-07-31,Dell Care Protection,Standard,2025-02-06,2025-02-08,Manufacturing Defect,Factory assembly defect leading to unprovoked system failure.,Manufacturing,6,540,0,True,True,True,True,True,False,0,False,False,False,False,Likely Valid
CLM-00610,PRD-24879,Galaxy Ultra Smartphone,Electronics,Asus,ASU-ELE-924,SNAS798585,SNAS798585,SNAS798585,2023-02-05,1214.12,Direct Manufacturer Store,2023-02-05,2025-02-04,Asus Care Protection,Standard,2025-02-06,2025-02-07,Electrical Failure,No current flowing to main motor despite active input power.,Manufacturing,24,-2,0,True,True,True,True,True,False,0,False,False,False,False,Manual Review Required
CLM-02192,PRD-61660,French Door Refrigerator,Appliances,LG,LG-APP-265,SNLG323637,SNLG323637,SNLG323637,2023-07-20,1743.81,Lowe's,2023-07-20,2027-07-20,AssureX Extended Guard,Extended,2024-03-15,2024-03-23,Thermostat Malfunction,"Thermostat stuck open, temperature never reaches target threshold.",Component Failure,7,1222,1,False,True,True,True,True,False,1,False,False,False,False,Manual Review Required
CLM-00033,PRD-35549,Convection Microwave Oven,Appliances,Samsung,SAM-APP-891,SNSA808094,SNSA808094,SNSA808094,2025-03-18,367.88,Direct Factory Outlet,2025-03-18,2028-03-17,Samsung Care Protection,Standard,2027-01-18,2027-01-27,Accidental Damage,Dropped on concrete driveway resulting in shattered enclosure and severed cable.,Accidental Damage,22,424,0,True,True,True,True,True,False,0,False,False,True,False,Likely Invalid
CLM-00790,PRD-79285,Mirrorless Camera Body,Electronics,HP,HP-ELE-343,SNHP600052,SNHP600052,SNHP600052,2023-08-01,1732.94,Direct Manufacturer Store,2023-08-01,2026-07-31,AssureX Extended Guard,Extended,2026-08-02,2026-08-04,Software Malfunction,System firmware entered boot loop following manufacturer OTA update.,Manufacturing,36,-2,0,True,True,True,True,True,False,0,False,False,False,False,Manual Review Required
CLM-02015,PRD-69531,Front-Load Washing Machine,Appliances,Samsung,SAM-APP-643,SNSA793612,SNSA793612,SNSA793612,2024-08-14,1036.03,Costco,2024-08-14,2028-08-14,AssureX Extended Guard,Extended,2026-11-14,2026-11-22,Power Surge Damage,Unspecified system degradation observed during normal operating routine.,Power Surge Damage,27,639,0,True,True,True,True,True,False,0,False,False,True,False,Likely Invalid
CLM-01370,PRD-48326,ABS Wheel Speed Sensor,Automotive,Continental Auto,CON-AUT-812,SNCO187757,SNCO187757,SNCO187757,2023-11-04,94.95,NAPA Auto Parts,2023-11-04,2024-11-03,Continental Auto Care Protection,Standard,2024-03-28,2024-03-30,Manufacturing Defect,Factory assembly defect leading to unprovoked system failure.,Manufacturing,4,220,1,True,True,True,True,True,True,0,False,False,False,False,Likely Valid
CLM-00359,PRD-12174,ProBook Laptop 15-inch,Electronics,Samsung,SAM-ELE-572,SNSA212379,SNSA212379,SNSA212379,2024-12-16,975.81,Amazon Electronics,2024-12-16,2026-12-16,Samsung Care Protection,Standard,2025-02-13,2025-02-21,Display Defect,Backlight flickering continuously on left half of screen.,Manufacturing,1,671,0,True,False,True,True,True,False,1,False,False,False,False,Likely Invalid
CLM-00389,PRD-67345,Performance Shock Absorbers,Automotive,Continental Auto,CON-AUT-669,SNCO309436,SNCO309436,SNCO309436,2024-03-20,352.75,NAPA Auto Parts,2024-03-20,2025-03-20,Continental Auto Care Protection,Standard,2024-07-10,2024-07-17,Environmental Corrosion,Unspecified system degradation observed during normal operating routine.,Environmental Corrosion,3,253,0,True,True,True,True,True,False,0,False,False,True,False,Likely Invalid
CLM-01978,PRD-47703,Heavy-Duty Starter Motor,Automotive,Denso,DEN-AUT-968,SNDE299789,SNDE299789,SNDE299789,2024-12-06,291.15,RockAuto,2024-12-06,2026-12-06,AssureX Extended Guard,Extended,2026-04-14,2026-04-21,Seal or Gasket Failure,Unspecified system degradation observed during normal operating routine.,Manufacturing,16,236,0,True,True,False,True,True,False,1,False,False,False,False,Likely Valid
CLM-01734,PRD-20411,Mirrorless Camera Body,Electronics,HP,HP-ELE-722,SNHP675274,SNHP675274,SNHP675274,2024-02-09,1351.06,Target,2024-02-09,2027-02-08,AssureX Extended Guard,Extended,2025-11-26,2025-12-01,Display Defect,Backlight flickering continuously on left half of screen.,Manufacturing,21,439,1,True,True,False,True,True,True,1,False,False,False,False,Likely Valid
CLM-00812,PRD-54582,Mirrorless Camera Body,Electronics,Dell,DEL-ELE-631,SNDE540263,SNDE540263,SNDE540263,2025-02-02,1332.04,Direct Manufacturer Store,2025-02-02,2028-02-02,AssureX Extended Guard,Extended,2026-03-12,2026-03-25,Component Failure,Sensor module stopped transmitting readings to the main board.,Manufacturing,13,692,0,True,True,True,True,True,False,0,False,False,False,False,Likely Valid
CLM-01915,PRD-66065,Smart Dishwasher 24-inch,Appliances,GE Appliances,GE -APP-361,SNGE398932,SNGE398932,SNGE398932,2024-05-26,821.42,Costco,2024-05-26,2027-05-26,GE Appliances Care Protection,Standard,2025-03-27,2025-04-10,Manufacturing Defect,Factory assembly defect leading to unprovoked system failure.,Manufacturing,10,790,1,True,True,True,True,True,True,0,False,False,False,False,Likely Valid
CLM-00605,PRD-29593,Front-Load Washing Machine,Appliances,Whirlpool,WHI-APP-238,SNWH754344,SNWH754344,SNWH754344,2023-06-22,824.54,Costco,2023-06-22,2026-06-21,Whirlpool Care Protection,Standard,2025-09-12,2025-09-18,Compressor Failure,"Cooling cycle fails to start, compressor is non-responsive.",Manufacturing,26,282,0,True,True,True,True,True,False,0,False,False,False,False,Likely Valid
CLM-01100,PRD-65765,Smart Dishwasher 24-inch,Appliances,LG,LG-APP-930,SNLG203684,SNLG203684,SNLG203684,2025-02-10,874.47,Lowe's,2025-02-10,2028-02-10,LG Care Protection,Standard,2027-05-22,2027-05-31,Manufacturing Defect,Device shut down unexpectedly and fails to power back on under normal conditions.,Manufacturing,27,264,3,True,True,True,True,True,True,0,False,False,False,False,Manual Review Required
CLM-00539,PRD-47001,Front-Load Washing Machine,Appliances,Bosch,BOS-APP-775,SNBO186181,SNBO186181,SNBO186181,2023-06-13,975.18,Costco,2023-06-13,2026-06-12,Bosch Care Protection,Standard,2024-07-12,2024-07-17,Motor Failure,"Motor winding resistance out of spec, causing tripping.",Manufacturing,12,700,0,True,True,True,True,True,False,0,False,False,False,False,Likely Valid
CLM-01127,PRD-24307,Ceramic Brake Pad Set,Automotive,K&N,K&N-AUT-770,SNK&573401,SNK&573401,SNK&573401,2023-11-14,110.24,AutoZone,2023-11-14,2025-11-13,AssureX Extended Guard,Extended,2026-04-12,2026-04-29,Manufacturing Defect,Factory assembly defect leading to unprovoked system failure.,Manufacturing,28,-150,0,True,True,True,True,True,False,0,False,False,False,False,Likely Invalid
CLM-00969,PRD-28101,Smart Dishwasher 24-inch,Appliances,LG,LG-APP-418,SNLG156015,SNLG156015,SNLG156015,2023-09-19,834.71,Direct Factory Outlet,2023-09-19,2027-09-19,AssureX Extended Guard,Extended,2024-10-08,2024-10-09,Manufacturing Defect,Factory assembly defect leading to unprovoked system failure.,Manufacturing,12,1076,0,True,True,True,True,True,False,0,False,False,False,False,Likely Valid
CLM-02055,PRD-55024,Ceramic Brake Pad Set,Automotive,ACDelco,ACD-AUT-257,SNAC445916,SNAC445916,SNAC445916,2023-02-16,119.47,Advance Auto Parts,2023-02-16,2024-02-16,ACDelco Care Protection,Standard,2023-10-24,2023-11-01,Material Failure,Unspecified system degradation observed during normal operating routine.,Unauthorized Modification,8,115,4,False,True,True,True,True,False,1,False,False,True,False,Likely Invalid
CLM-01599,PRD-39613,Smart Dishwasher 24-inch,Appliances,GE Appliances,GE -APP-388,SNGE208120,SNGE208120,SNGE208120,2025-02-22,642.51,Lowe's,2025-02-22,2029-02-22,AssureX Extended Guard,Extended,2027-07-21,2027-07-25,Compressor Failure,"Cooling cycle fails to start, compressor is non-responsive.",Manufacturing,28,582,1,True,True,True,True,True,True,0,False,False,False,False,Likely Valid
CLM-01040,PRD-23071,Smart Watch Series 7,Electronics,Dell,DEL-ELE-687,SNDE906796,SNDE906796,SNDE906796,2023-07-21,489.25,Amazon Electronics,2023-07-21,2025-07-20,Dell Care Protection,Standard,2025-07-21,2025-07-22,Display Defect,Backlight flickering continuously on left half of screen.,Manufacturing,24,-1,0,True,True,True,True,True,False,0,False,False,False,False,Manual Review Required
CLM-02353,PRD-27582,Smart Dishwasher 24-inch,Appliances,Samsung,SAM-APP-236,SNSA346478,SNSA346478,SNSA346478,2025-01-19,638.8,Home Depot,2025-01-19,2028-01-19,Samsung Care Protection,Standard,2026-08-21,2026-08-31,Control Board Failure,Unspecified system degradation observed during normal operating routine.,Manufacturing,19,516,0,True,True,True,True,True,False,0,False,False,False,False,Likely Valid
CLM-00524,PRD-74488,Electric Range Oven,Appliances,Whirlpool,WHI-APP-994,SNWH937055,SNWH937055,SNWH937055,2024-03-15,1078.91,Direct Factory Outlet,2024-03-15,2027-03-15,Whirlpool Care Protection,Standard,2026-06-06,2026-06-08,Control Board Failure,Unspecified system degradation observed during normal operating routine.,Manufacturing,26,282,0,True,True,False,True,True,False,1,False,False,False,False,Likely Valid
CLM-01303,PRD-31488,Ceramic Brake Pad Set,Automotive,Denso,DEN-AUT-925,SNDE773593,SNDE773593,SNDE773593,2023-02-09,106.81,Advance Auto Parts,2023-02-09,2024-02-09,Denso Care Protection,Standard,2023-11-16,2023-11-20,Premature Wear,"Brake pad friction compound deteriorated within 2,000 miles of highway driving.",Unauthorized Modification,9,85,2,False,True,True,True,True,False,1,False,False,True,False,Likely Invalid
CLM-01919,PRD-15367,Tablet 11-inch Display,Electronics,LG,LG-ELE-559,SNLG524710,SNLG524710,SNLG524710,2024-02-25,800.03,Amazon Electronics,2024-02-25,2026-02-24,LG Care Protection,Standard,2025-01-08,2025-01-10,Software Malfunction,System firmware entered boot loop following manufacturer OTA update.,Manufacturing,10,412,3,True,True,True,True,True,True,0,False,False,False,False,Manual Review Required
CLM-01661,PRD-20521,Ceramic Brake Pad Set,Automotive,K&N,K&N-AUT-649,SNK&916415,SNK&916415,SNK&916415,2024-02-09,145.09,NAPA Auto Parts,2024-02-09,2026-02-08,AssureX Extended Guard,Extended,2025-05-06,2025-05-09,Premature Wear,Bushing cracked prematurely during regular non-commercial transit.,Manufacturing,14,278,0,True,True,False,True,True,False,1,False,False,False,False,Likely Valid
CLM-01002,PRD-30023,Smart Dishwasher 24-inch,Appliances,Maytag,MAY-APP-234,SNMA252199,SNMA252199,SNMA252199,2023-08-09,700.45,Lowe's,2023-08-09,2026-08-08,Maytag Care Protection,Standard,2025-06-23,2025-06-24,Control Board Failure,Unspecified system degradation observed during normal operating routine.,Manufacturing,22,411,0,True,True,True,True,True,False,0,False,False,False,False,Likely Valid
CLM-01972,PRD-47288,Ceramic Brake Pad Set,Automotive,Denso,DEN-AUT-539,SNDE926309,SNDE926309,SNDE926309,2024-06-13,109.23,AutoZone,2024-06-13,2026-06-13,AssureX Extended Guard,Extended,2026-07-08,2026-07-28,Electrical Component Failure,Unspecified system degradation observed during normal operating routine.,Manufacturing,24,-25,0,True,True,True,True,True,False,0,False,False,False,False,Likely Invalid
CLM-00079,PRD-70429,Mirrorless Camera Body,Electronics,Sony,SON-ELE-266,SNSO709908,SNSO709908,SNSO709908,2023-07-30,1266.44,B&H Photo,2023-07-30,2025-07-29,Sony Care Protection,Standard,2024-02-07,2024-02-08,Software Malfunction,System firmware entered boot loop following manufacturer OTA update.,Manufacturing,6,538,0,True,True,True,True,True,False,0,False,False,False,False,Likely Valid
CLM-00266,PRD-33033,Front-Load Washing Machine,Appliances,Samsung,SAM-APP-487,SNSA210103,SNSA210103,SNSA210103,2025-03-28,988.63,Home Depot,2025-03-28,2028-03-27,Samsung Care Protection,Standard,2025-11-08,2025-11-17,Compressor Failure,"Cooling cycle fails to start, compressor is non-responsive.",Unauthorized Modification,7,870,4,False,True,True,True,True,False,1,False,False,True,False,Likely Invalid
CLM-01836,PRD-81139,Electronic Fuel Injector Kit,Automotive,Monroe,MON-AUT-134,SNMO450946,SNMO450946,SNMO450946,2025-03-11,422.05,NAPA Auto Parts,2025-03-11,2026-03-11,Monroe Care Protection,Standard,2025-11-23,2025-11-27,Manufacturing Defect,Internal solder joint loosened causing intermittent power disconnects.,Manufacturing,8,108,1,True,True,True,True,True,True,0,False,False,False,False,Likely Valid
CLM-01142,PRD-87265,Gaming Desktop Rig,Electronics,LG,LG-ELE-350,SNLG142604,SNLG142604,SNLG142604,2025-03-11,1609.99,Direct Manufacturer Store,2025-03-11,2027-03-11,LG Care Protection,Standard,2025-11-20,2025-11-24,Component Failure,Sensor module stopped transmitting readings to the main board.,Electrical Failure,8,476,0,True,True,True,True,False,False,1,False,False,False,False,Manual Review Required
CLM-01470,PRD-96797,Active Noise Cancelling Headphones,Electronics,Asus,ASU-ELE-794,SNAS154346,SNAS154346,SNAS154346,2024-11-25,277.07,Target,2024-11-25,2027-11-25,AssureX Extended Guard,Extended,2025-08-12,2025-08-25,Display Defect,Vertical colored line artifacts appeared across OLED panel without impact.,Manufacturing,8,835,1,True,True,True,True,True,True,0,False,False,False,False,Likely Valid
CLM-00620,PRD-61287,ProBook Laptop 15-inch,Electronics,Apple,APP-ELE-707,SNAP292843,SNAP292843,SNAP292843,2025-01-03,796.28,BestBuy,2025-01-03,2027-01-03,Apple Care Protection,Standard,2024-12-10,2025-01-14,Manufacturing Defect,Internal solder joint loosened causing intermittent power disconnects.,Manufacturing,0,754,0,True,True,True,True,True,False,0,False,True,False,False,Manual Review Required
CLM-00614,PRD-85423,French Door Refrigerator,Appliances,Whirlpool,WHI-APP-280,SNWH307324,SNWH307324,SNWH307324,2023-10-22,1528.49,Direct Factory Outlet,2023-10-22,2026-10-21,Whirlpool Care Protection,Standard,2024-06-19,2024-06-23,Motor Failure,Drive motor hums loudly but will not spin drum under normal load.,Manufacturing,7,854,0,True,True,True,True,True,False,0,False,False,False,False,Likely Valid
CLM-00904,PRD-51419,Heavy-Duty Clothes Dryer,Appliances,Samsung,SAM-APP-772,SNSA596970,SNSA596970,SNSA596970,2023-04-15,779.4,Lowe's,2023-04-15,2027-04-15,AssureX Extended Guard,Extended,2023-12-18,2023-12-20,Manufacturing Defect,Device shut down unexpectedly and fails to power back on under normal conditions.,Manufacturing,8,1214,0,True,True,True,True,True,False,0,False,False,False,False,Likely Valid
CLM-02048,PRD-78937,Heavy-Duty Starter Motor,Automotive,Brembo,BRE-AUT-762,SNBR589724,SNBR589724,SNBR589724,2023-05-04,292.3,RockAuto,2023-05-04,2024-05-03,Brembo Care Protection,Standard,2023-09-21,2023-10-01,Manufacturing Defect,Factory assembly defect leading to unprovoked system failure.,Manufacturing,4,225,0,True,True,True,True,True,False,0,False,False,False,False,Likely Valid
CLM-01410,PRD-48543,French Door Refrigerator,Appliances,Maytag,MAY-APP-587,SNMA123650,SNMA123650,SNMA123650,2024-03-02,1784.54,Home Depot,2024-03-02,2027-03-02,Maytag Care Protection,Standard,2025-03-28,2025-03-29,Thermostat Malfunction,Temperature reading fluctuating wildly causing erratic operation.,Manufacturing,12,704,1,True,True,True,True,True,True,0,False,False,False,False,Likely Valid
CLM-00047,PRD-92863,Smart Watch Series 7,Electronics,Apple,APP-ELE-349,SNAP710256,SNAP710256,SNAP710256,2024-08-07,345.65,BestBuy,2024-08-07,2026-08-07,Apple Care Protection,Standard,2026-12-29,2027-01-02,Manufacturing Defect,Device shut down unexpectedly and fails to power back on under normal conditions.,Manufacturing,28,-144,0,True,True,True,True,True,False,0,False,False,False,False,Likely Invalid
CLM-00548,PRD-31004,OLED 4K Smart TV,Electronics,Samsung,SAM-ELE-873,SNSA530309,SNSA530334,SNSA530309,2024-01-12,1087.35,Target,2024-01-12,2027-01-11,AssureX Extended Guard,Extended,2026-06-18,2026-06-25,Display Defect,Vertical colored line artifacts appeared across OLED panel without impact.,Manufacturing,29,207,0,True,True,True,True,True,False,0,True,False,False,False,Manual Review Required
CLM-00478,PRD-98509,Front-Load Washing Machine,Appliances,KitchenAid,KIT-APP-535,SNKI258070,SNKI258070,SNKI258070,2025-01-16,819.39,Costco,2025-01-16,2028-01-16,KitchenAid Care Protection,Standard,2024-12-18,2025-01-26,Motor Failure,"Motor winding resistance out of spec, causing tripping.",Manufacturing,0,1124,0,True,True,True,True,True,False,0,False,True,False,False,Manual Review Required
CLM-00879,PRD-96606,Galaxy Ultra Smartphone,Electronics,Apple,APP-ELE-191,SNAP530694,SNAP530694,SNAP530694,2023-02-12,871.1,Amazon Electronics,2023-02-12,2025-02-11,Apple Care Protection,Standard,2023-07-19,2023-08-02,Display Defect,Vertical colored line artifacts appeared across OLED panel without impact.,Manufacturing,5,573,0,True,True,True,True,True,False,0,False,False,False,False,Likely Valid
CLM-01858,PRD-47531,OLED 4K Smart TV,Electronics,Dell,DEL-ELE-213,SNDE260632,SNDE260632,SNDE260632,2024-04-02,1423.34,Direct Manufacturer Store,2024-04-02,2027-04-02,AssureX Extended Guard,Extended,2025-09-10,2025-09-17,Software Malfunction,Main OS freezes on start screen; hardware diagnostic passes.,Manufacturing,17,569,3,True,True,True,True,True,True,0,False,False,False,False,Manual Review Required
CLM-01137,PRD-85246,Smart Watch Series 7,Electronics,LG,LG-ELE-140,SNLG628660,SNLG628660,SNLG628660,2025-03-30,364.32,Amazon Electronics,2025-03-30,2028-03-29,AssureX Extended Guard,Extended,2026-08-02,2026-08-07,Component Failure,Sensor module stopped transmitting readings to the main board.,Manufacturing,16,605,0,True,True,True,True,True,False,0,False,False,False,False,Likely Valid
CLM-00174,PRD-54778,Heavy-Duty Clothes Dryer,Appliances,Maytag,MAY-APP-563,SNMA386275,SNMA386275,SNMA386275,2023-11-24,758.7,Sears Appliance Outlet,2023-11-24,2027-11-24,AssureX Extended Guard,Extended,2026-03-05,2026-03-11,Manufacturing Defect,Factory assembly defect leading to unprovoked system failure.,Manufacturing,27,629,0,True,True,True,True,True,False,0,False,False,False,False,Likely Valid
CLM-01719,PRD-40466,Electric Range Oven,Appliances,Maytag,MAY-APP-200,SNMA332065,SNMA332065,SNMA332065,2024-03-06,1043.36,Costco,2024-03-06,2027-03-06,Maytag Care Protection,Standard,2025-04-28,2025-05-09,Control Board Failure,Unspecified system degradation observed during normal operating routine.,Manufacturing,13,677,0,True,True,True,True,True,False,0,False,False,False,False,Likely Valid
CLM-00028,PRD-43679,Mirrorless Camera Body,Electronics,Samsung,SAM-ELE-358,SNSA238976,SNSA238976,SNSA238976,2023-01-23,1589.66,B&H Photo,2023-01-23,2025-01-22,Samsung Care Protection,Standard,2024-03-16,2024-03-19,Display Defect,Backlight flickering continuously on left half of screen.,Manufacturing,13,312,1,True,True,True,True,True,True,0,False,False,False,False,Likely Valid
CLM-00708,PRD-98963,Convection Microwave Oven,Appliances,Whirlpool,WHI-APP-281,SNWH134272,SNWH134272,SNWH134272,2024-07-08,289.09,Sears Appliance Outlet,2024-07-08,2027-07-08,Whirlpool Care Protection,Standard,2025-01-29,2025-02-01,Compressor Failure,Compressor clicking repeatedly and unable to compress refrigerant.,Manufacturing,6,890,0,True,True,True,True,True,False,0,False,False,False,False,Likely Valid
CLM-01511,PRD-57641,Heavy-Duty Clothes Dryer,Appliances,Maytag,MAY-APP-452,SNMA216401,SNMA216401,SNMA216401,2025-02-09,901.41,Direct Factory Outlet,2025-02-09,2028-02-09,Maytag Care Protection,Standard,2027-01-15,2027-01-19,Electrical Wiring Defect,Unspecified system degradation observed during normal operating routine.,Electrical,23,390,0,True,True,True,True,True,False,0,False,False,False,False,Likely Valid
CLM-00672,PRD-35145,High Output Alternator,Automotive,Brembo,BRE-AUT-679,SNBR300557,SNBR300557,SNBR300557,2024-06-04,336.4,O'Reilly Auto,2024-06-04,2026-06-04,AssureX Extended Guard,Extended,2025-02-10,2025-02-15,Seal or Gasket Failure,Unspecified system degradation observed during normal operating routine.,Manufacturing,8,479,0,True,True,True,True,True,False,0,False,False,False,False,Likely Valid
CLM-01947,PRD-84184,Electronic Fuel Injector Kit,Automotive,ACDelco,ACD-AUT-272,SNAC260121,SNAC260121,SNAC260121,2024-09-14,374.33,O'Reilly Auto,2024-09-14,2025-09-14,ACDelco Care Protection,Standard,2025-04-29,2025-05-07,Material Failure,Unspecified system degradation observed during normal operating routine.,Manufacturing,7,138,1,True,True,True,True,True,True,0,False,False,False,False,Likely Valid
CLM-02123,PRD-84800,OLED 4K Smart TV,Electronics,Sony,SON-ELE-527,SNSO153187,SNSO153187,SNSO153187,2025-03-27,1402.13,Amazon Electronics,2025-03-27,2027-03-27,Sony Care Protection,Standard,2025-08-09,2025-08-17,Display Defect,Vertical colored line artifacts appeared across OLED panel without impact.,Manufacturing,4,595,0,True,True,True,True,True,False,0,False,False,False,False,Likely Valid
CLM-01104,PRD-86610,Heavy-Duty Clothes Dryer,Appliances,Whirlpool,WHI-APP-862,SNWH227441,SNWH227441,SNWH227441,2023-05-04,719.0,Lowe's,2023-05-04,2026-05-03,Whirlpool Care Protection,Standard,2024-06-25,2024-07-09,Electrical Wiring Defect,Unspecified system degradation observed during normal operating routine.,Electrical,13,677,1,True,True,True,True,True,True,0,False,False,False,False,Likely Valid
CLM-01832,PRD-38510,Smart Dishwasher 24-inch,Appliances,KitchenAid,KIT-APP-936,SNKI459285,SNKI459285,SNKI459285,2024-12-04,690.57,Costco,2024-12-04,2028-12-04,AssureX Extended Guard,Extended,2027-06-22,2027-06-27,Thermostat Malfunction,Temperature reading fluctuating wildly causing erratic operation.,Manufacturing,30,531,0,True,True,True,True,True,False,0,False,False,False,False,Likely Valid
CLM-00233,PRD-44253,Smart Dishwasher 24-inch,Appliances,Maytag,MAY-APP-746,SNMA840880,SNMA840880,SNMA840880,2024-12-08,840.43,Lowe's,2024-12-08,2027-12-08,Maytag Care Protection,Standard,2024-11-20,2024-12-18,Manufacturing Defect,Device shut down unexpectedly and fails to power back on under normal conditions.,Manufacturing,0,1113,0,True,True,True,True,True,False,0,False,True,False,False,Manual Review Required
CLM-00095,PRD-59327,OLED 4K Smart TV,Electronics,Sony,SON-ELE-540,SNSO224921,SNSO224921,SNSO224921,2024-11-18,1204.14,B&H Photo,2024-11-18,2027-11-18,AssureX Extended Guard,Extended,2027-12-16,2027-12-23,Display Defect,Backlight flickering continuously on left half of screen.,Manufacturing,36,-28,0,True,True,True,True,True,False,0,False,False,False,False,Likely Invalid
CLM-01469,PRD-29192,Performance Shock Absorbers,Automotive,K&N,K&N-AUT-162,SNK&109038,SNK&109038,SNK&109038,2023-04-24,390.27,AutoZone,2023-04-24,2024-04-23,K&N Care Protection,Standard,2023-10-13,2023-10-16,Racing or Off-Road Use,Vehicle modified for off-road rock crawling causing extreme impact stress.,Racing or Off-Road Use,5,193,0,True,True,True,True,True,False,0,False,False,True,False,Likely Invalid
CLM-00559,PRD-50086,Heavy-Duty Clothes Dryer,Appliances,GE Appliances,GE -APP-924,SNGE976856,SNGE976856,SNGE976856,2023-06-07,989.09,Sears Appliance Outlet,2023-06-07,2026-06-06,GE Appliances Care Protection,Standard,2025-09-02,2025-09-09,Compressor Failure,"Cooling cycle fails to start, compressor is non-responsive.",Manufacturing,26,277,0,True,True,True,True,True,False,0,False,False,False,False,Likely Valid
CLM-02350,PRD-62964,Galaxy Ultra Smartphone,Electronics,HP,HP-ELE-623,SNHP255808,SNHP255808,SNHP255808,2023-04-15,998.28,Direct Manufacturer Store,2023-04-15,2025-04-14,HP Care Protection,Standard,2023-09-12,2023-09-15,Component Failure,Cooling fan bearing seized up leading to emergency thermal shutdown.,Manufacturing,4,580,1,True,True,True,True,True,True,0,False,False,False,False,Likely Valid
CLM-01576,PRD-85429,High Output Alternator,Automotive,Continental Auto,CON-AUT-476,SNCO740361,SNCO740361,SNCO740361,2025-03-14,409.71,NAPA Auto Parts,2025-03-14,2026-03-14,Continental Auto Care Protection,Standard,2025-05-11,2025-05-26,Material Failure,Unspecified system degradation observed during normal operating routine.,Manufacturing,1,307,0,True,True,True,True,True,False,0,False,False,False,False,Likely Valid
CLM-01908,PRD-59687,Smart Dishwasher 24-inch,Appliances,Whirlpool,WHI-APP-449,SNWH456290,SNWH456290,SNWH456290,2024-06-28,850.28,Sears Appliance Outlet,2024-06-28,2027-06-28,Whirlpool Care Protection,Standard,2026-10-21,2026-10-30,Power Surge Damage,Unspecified system degradation observed during normal operating routine.,Power Surge Damage,27,250,0,True,True,True,True,True,False,0,False,False,True,False,Likely Invalid
CLM-00023,PRD-69772,Gaming Desktop Rig,Electronics,Asus,ASU-ELE-239,SNAS188776,SNAS188776,SNAS188776,2024-10-23,1674.04,Target,2024-10-23,2026-10-23,Asus Care Protection,Standard,2025-09-29,2025-10-08,Component Failure,Cooling fan bearing seized up leading to emergency thermal shutdown.,Manufacturing,11,389,1,True,True,True,True,True,True,0,False,False,False,False,Likely Valid
CLM-02078,PRD-90688,Galaxy Ultra Smartphone,Electronics,Dell,DEL-ELE-101,SNDE521749,SNDE521749,SNDE521749,2023-05-01,865.36,Direct Manufacturer Store,2023-05-01,2026-04-30,AssureX Extended Guard,Extended,2026-05-01,2026-05-04,Electrical Failure,Internal circuit shorted during regular use with standard power supply.,Manufacturing,36,-1,0,True,True,True,True,True,False,0,False,False,False,False,Manual Review Required
CLM-01872,PRD-85870,Performance Shock Absorbers,Automotive,ACDelco,ACD-AUT-718,SNAC861733,SNAC861733,SNAC861733,2024-11-29,443.04,Advance Auto Parts,2024-11-29,2026-11-29,AssureX Extended Guard,Extended,2026-02-13,2026-02-14,Material Failure,Unspecified system degradation observed during normal operating routine.,Manufacturing,14,289,1,True,True,True,True,True,True,0,False,False,False,False,Likely Valid
CLM-02315,PRD-39207,ProBook Laptop 15-inch,Electronics,LG,LG-ELE-363,SNLG511310,SNLG511310,SNLG511310,2025-01-28,727.21,Target,2025-01-28,2027-01-28,LG Care Protection,Standard,2025-09-20,2025-10-02,Display Defect,Backlight flickering continuously on left half of screen.,Manufacturing,7,495,0,True,True,True,True,True,False,0,False,False,False,False,Likely Valid
CLM-01178,PRD-27932,Tablet 11-inch Display,Electronics,Dell,DEL-ELE-428,SNDE880622,SNDE880622,SNDE880622,2025-04-28,751.38,BestBuy,2025-04-28,2027-04-28,Dell Care Protection,Standard,2026-10-14,2026-10-20,Manufacturing Defect,Device shut down unexpectedly and fails to power back on under normal conditions.,Unauthorized Modification,17,196,2,False,True,True,True,True,False,1,False,False,True,False,Likely Invalid
CLM-01431,PRD-10994,French Door Refrigerator,Appliances,GE Appliances,GE -APP-409,SNGE657463,SNGE657463,SNGE657463,2023-10-15,1859.35,Sears Appliance Outlet,2023-10-15,2026-10-14,GE Appliances Care Protection,Standard,2024-05-12,2024-05-19,Manufacturing Defect,Device shut down unexpectedly and fails to power back on under normal conditions.,Manufacturing,6,885,0,True,True,True,True,True,False,0,False,False,False,False,Likely Valid
CLM-00997,PRD-85446,Gaming Desktop Rig,Electronics,Apple,APP-ELE-280,SNAP855861,SNAP855861,SNAP855861,2025-01-22,1592.32,Amazon Electronics,2025-01-22,2027-01-22,Apple Care Protection,Standard,2025-01-11,2025-02-07,Display Defect,Backlight flickering continuously on left half of screen.,Manufacturing,0,741,0,True,True,True,True,True,False,0,False,True,False,False,Manual Review Required
CLM-00828,PRD-73074,Heavy-Duty Clothes Dryer,Appliances,Whirlpool,WHI-APP-624,SNWH964371,SNWH964371,SNWH964371,2025-01-22,864.63,Home Depot,2025-01-22,2028-01-22,Whirlpool Care Protection,Standard,2025-08-22,2025-08-26,Electrical Wiring Defect,Unspecified system degradation observed during normal operating routine.,Electrical,6,883,0,True,True,True,True,True,False,0,False,False,False,False,Likely Valid
CLM-00568,PRD-61936,Ceramic Brake Pad Set,Automotive,Continental Auto,CON-AUT-830,SNCO726774,SNCO726774,SNCO726774,2023-12-01,125.56,Advance Auto Parts,2023-12-01,2025-11-30,AssureX Extended Guard,Extended,2025-07-04,2025-07-16,Material Failure,Unspecified system degradation observed during normal operating routine.,Manufacturing,19,149,0,True,False,True,True,True,False,1,False,False,False,False,Likely Invalid
CLM-02050,PRD-95774,Heavy-Duty Starter Motor,Automotive,K&N,K&N-AUT-854,SNK&131928,SNK&131928,SNK&131928,2024-02-01,274.08,Advance Auto Parts,2024-02-01,2025-01-31,K&N Care Protection,Standard,2024-07-08,2024-07-20,Material Failure,Unspecified system degradation observed during normal operating routine.,Manufacturing,5,207,0,True,True,False,True,True,False,1,False,False,False,False,Likely Valid
CLM-01020,PRD-43737,Smart Dishwasher 24-inch,Appliances,LG,LG-APP-995,SNLG406351,SNLG406351,SNLG406351,2023-04-24,861.1,Sears Appliance Outlet,2023-04-24,2026-04-23,LG Care Protection,Standard,2026-08-22,2026-09-11,Electrical Wiring Defect,Unspecified system degradation observed during normal operating routine.,Manufacturing,39,-121,0,True,True,True,True,True,False,0,False,False,False,False,Likely Invalid
CLM-00096,PRD-73891,Smart Watch Series 7,Electronics,Apple,APP-ELE-541,SNAP241021,SNAP241021,SNAP241021,2023-06-19,389.02,Target,2023-06-19,2026-06-18,AssureX Extended Guard,Extended,2026-03-07,2026-03-15,Display Defect,Vertical colored line artifacts appeared across OLED panel without impact.,Electrical Failure,32,103,0,True,True,True,True,False,False,1,False,False,False,False,Manual Review Required
CLM-00794,PRD-84643,Heavy-Duty Starter Motor,Automotive,Bosch Auto,BOS-AUT-121,SNBO909814,SNBO909847,SNBO909814,2023-10-30,273.05,O'Reilly Auto,2023-10-30,2024-10-29,Bosch Auto Care Protection,Standard,2024-01-23,2024-01-26,Premature Wear,"Brake pad friction compound deteriorated within 2,000 miles of highway driving.",Manufacturing,2,280,0,True,True,True,True,True,False,0,True,False,False,False,Manual Review Required
CLM-00715,PRD-34112,Heavy-Duty Clothes Dryer,Appliances,KitchenAid,KIT-APP-532,SNKI790387,SNKI790387,SNKI790387,2023-01-12,780.73,Direct Factory Outlet,2023-01-12,2026-01-11,KitchenAid Care Protection,Standard,2024-03-07,2024-03-14,Manufacturing Defect,Device shut down unexpectedly and fails to power back on under normal conditions.,Manufacturing,13,675,0,True,True,True,True,True,False,0,False,False,False,False,Likely Valid
CLM-00765,PRD-30876,Electric Range Oven,Appliances,Maytag,MAY-APP-761,SNMA403942,SNMA403942,SNMA403942,2023-05-13,1266.11,Sears Appliance Outlet,2023-05-13,2026-05-12,Maytag Care Protection,Standard,2026-02-12,2026-02-17,Thermostat Malfunction,Temperature reading fluctuating wildly causing erratic operation.,Manufacturing,33,89,3,True,True,True,True,True,True,0,False,False,False,False,Manual Review Required
CLM-01305,PRD-59291,Front-Load Washing Machine,Appliances,Maytag,MAY-APP-935,SNMA513960,SNMA513989,SNMA513960,2023-10-18,1040.32,Costco,2023-10-18,2026-10-17,Maytag Care Protection,Standard,2026-05-04,2026-05-12,Motor Failure,Drive motor hums loudly but will not spin drum under normal load.,Manufacturing,30,166,0,True,True,True,True,True,False,0,True,False,False,False,Manual Review Required
CLM-00552,PRD-88518,Electric Range Oven,Appliances,Bosch,BOS-APP-205,SNBO192875,SNBO192875,SNBO192875,2024-07-17,1373.95,Direct Factory Outlet,2024-07-17,2027-07-17,Bosch Care Protection,Standard,2027-01-18,2027-01-25,Manufacturing Defect,Device shut down unexpectedly and fails to power back on under normal conditions.,Unauthorized Modification,30,180,4,False,True,True,True,True,False,1,False,False,True,False,Likely Invalid
CLM-00173,PRD-26118,Electric Range Oven,Appliances,KitchenAid,KIT-APP-676,SNKI173332,SNKI173332,SNKI173332,2023-08-05,1067.28,Costco,2023-08-05,2026-08-04,KitchenAid Care Protection,Standard,2024-11-08,2024-11-18,Electrical Wiring Defect,Unspecified system degradation observed during normal operating routine.,Unauthorized Modification,15,634,3,False,True,True,True,True,False,1,False,False,True,False,Likely Invalid
CLM-01319,PRD-70436,ProBook Laptop 15-inch,Electronics,LG,LG-ELE-946,SNLG767916,SNLG767916,SNLG767916,2025-02-21,777.45,Target,2025-02-21,2028-02-21,AssureX Extended Guard,Extended,2028-02-28,2028-03-04,Display Defect,Vertical colored line artifacts appeared across OLED panel without impact.,Manufacturing,36,-7,0,True,True,True,True,True,False,0,False,False,False,False,Manual Review Required
CLM-00908,PRD-82627,Convection Microwave Oven,Appliances,KitchenAid,KIT-APP-987,SNKI889115,SNKI889115,SNKI889115,2024-06-28,340.13,Costco,2024-06-28,2027-06-28,KitchenAid Care Protection,Standard,2026-01-21,2026-01-30,Motor Failure,"Motor winding resistance out of spec, causing tripping.",Manufacturing,18,523,0,True,False,True,True,True,False,1,False,False,False,False,Likely Invalid
CLM-01308,PRD-21023,OLED 4K Smart TV,Electronics,Apple,APP-ELE-918,SNAP805343,SNAP805343,SNAP805343,2024-05-24,1251.97,B&H Photo,2024-05-24,2026-05-24,Apple Care Protection,Standard,2025-06-08,2025-06-11,Component Failure,Sensor module stopped transmitting readings to the main board.,Electrical Failure,12,350,0,True,True,True,True,False,False,1,False,False,False,False,Manual Review Required
CLM-00988,PRD-25553,ProBook Laptop 15-inch,Electronics,LG,LG-ELE-345,SNLG485815,SNLG485815,SNLG485815,2024-02-17,986.65,Direct Manufacturer Store,2024-02-17,2026-02-16,LG Care Protection,Standard,2024-12-19,2024-12-21,Software Malfunction,System firmware entered boot loop following manufacturer OTA update.,Manufacturing,10,424,0,True,True,False,True,True,False,1,False,False,False,False,Likely Valid
CLM-00158,PRD-98712,Front-Load Washing Machine,Appliances,Samsung,SAM-APP-587,SNSA325217,SNSA325217,SNSA325217,2025-03-28,874.2,Sears Appliance Outlet,2025-03-28,2029-03-28,AssureX Extended Guard,Extended,2027-06-27,2027-07-06,Electrical Wiring Defect,Unspecified system degradation observed during normal operating routine.,Electrical,26,640,0,True,True,True,True,True,False,0,False,False,False,False,Likely Valid
CLM-02443,PRD-76680,Tablet 11-inch Display,Electronics,Lenovo,LEN-ELE-382,SNLE566989,SNLE566989,SNLE566989,2024-12-17,743.02,B&H Photo,2024-12-17,2026-12-17,Lenovo Care Protection,Standard,2026-03-12,2026-03-20,Manufacturing Defect,Device shut down unexpectedly and fails to power back on under normal conditions.,Manufacturing,14,280,0,True,True,True,True,True,False,0,False,False,False,False,Likely Valid
CLM-01199,PRD-92129,Heavy-Duty Starter Motor,Automotive,Brembo,BRE-AUT-310,SNBR716680,SNBR716680,SNBR716680,2024-08-03,271.88,RockAuto,2024-08-03,2025-08-03,Brembo Care Protection,Standard,2024-09-02,2024-09-11,Seal or Gasket Failure,Unspecified system degradation observed during normal operating routine.,Unauthorized Modification,0,335,3,False,True,True,True,True,False,1,False,False,True,False,Likely Invalid
CLM-01839,PRD-73687,Smart Watch Series 7,Electronics,Samsung,SAM-ELE-101,SNSA825760,SNSA825760,SNSA825760,2023-06-09,421.25,Target,2023-06-09,2025-06-08,Samsung Care Protection,Standard,2023-08-18,2023-08-26,Cosmetic Damage,Surface scratches and paint chip on front door bezel.,Cosmetic Damage,2,660,0,True,True,True,True,True,False,0,False,False,True,False,Likely Invalid
CLM-02456,PRD-26607,Electric Range Oven,Appliances,Samsung,SAM-APP-604,SNSA936599,SNSA936599,SNSA936599,2023-10-24,1052.45,Home Depot,2023-10-24,2026-10-23,Samsung Care Protection,Standard,2024-11-11,2024-11-17,Electrical Wiring Defect,Unspecified system degradation observed during normal operating routine.,Unauthorized Modification,12,711,3,False,True,True,True,True,False,1,False,False,True,False,Likely Invalid
CLM-01643,PRD-90551,Mirrorless Camera Body,Electronics,HP,HP-ELE-573,SNHP576949,SNHP576949,SNHP576949,2024-02-13,1730.61,B&H Photo,2024-02-13,2026-02-12,HP Care Protection,Standard,2025-05-06,2025-05-08,Software Malfunction,System firmware entered boot loop following manufacturer OTA update.,Manufacturing,14,282,1,True,True,True,True,True,True,0,False,False,False,False,Likely Valid
CLM-00355,PRD-86563,Performance Shock Absorbers,Automotive,Denso,DEN-AUT-571,SNDE225725,SNDE225725,SNDE225725,2024-10-04,342.2,Advance Auto Parts,2024-10-04,2026-10-04,AssureX Extended Guard,Extended,2025-12-29,2025-12-31,Seal or Gasket Failure,Unspecified system degradation observed during normal operating routine.,Manufacturing,14,279,1,True,True,True,True,True,True,0,False,False,False,False,Likely Valid
CLM-01883,PRD-89987,Electronic Fuel Injector Kit,Automotive,Bosch Auto,BOS-AUT-765,SNBO428555,SNBO428555,SNBO428555,2023-10-15,373.18,AutoZone,2023-10-15,2024-10-14,Bosch Auto Care Protection,Standard,2024-02-22,2024-03-07,Material Failure,Unspecified system degradation observed during normal operating routine.,Manufacturing,4,235,0,True,True,True,True,True,False,0,False,False,False,False,Likely Valid
CLM-02480,PRD-68584,ProBook Laptop 15-inch,Electronics,Asus,ASU-ELE-503,SNAS118710,SNAS118710,SNAS118710,2024-12-29,991.9,Direct Manufacturer Store,2024-12-29,2027-12-29,AssureX Extended Guard,Extended,2027-03-08,2027-03-21,Software Malfunction,Main OS freezes on start screen; hardware diagnostic passes.,Manufacturing,26,296,0,True,True,True,True,True,False,0,False,False,False,False,Likely Valid
CLM-00373,PRD-45477,Electric Range Oven,Appliances,LG,LG-APP-781,SNLG906234,SNLG906234,SNLG906234,2023-08-10,1181.73,Home Depot,2023-08-10,2026-08-09,LG Care Protection,Standard,2024-02-21,2024-02-26,Motor Failure,Drive motor hums loudly but will not spin drum under normal load.,Component Failure,6,900,1,False,True,True,True,True,False,1,False,False,False,False,Manual Review Required
CLM-02322,PRD-46230,Tablet 11-inch Display,Electronics,Dell,DEL-ELE-515,SNDE491644,SNDE491644,SNDE491644,2024-01-15,615.0,Amazon Electronics,2024-01-15,2027-01-14,AssureX Extended Guard,Extended,2025-12-22,2025-12-23,Component Failure,Cooling fan bearing seized up leading to emergency thermal shutdown.,Unauthorized Modification,23,388,4,False,True,True,True,True,False,1,False,False,True,False,Likely Invalid
CLM-01618,PRD-91715,Smart Dishwasher 24-inch,Appliances,Samsung,SAM-APP-535,SNSA831126,SNSA831126,SNSA831126,2024-01-05,932.26,Direct Factory Outlet,2024-01-05,2027-01-04,Samsung Care Protection,Standard,2025-01-13,2025-01-20,Control Board Failure,Unspecified system degradation observed during normal operating routine.,Manufacturing,12,721,1,True,True,True,True,True,True,0,False,False,False,False,Likely Valid
CLM-02075,PRD-58320,Gaming Desktop Rig,Electronics,Samsung,SAM-ELE-553,SNSA362206,SNSA362206,SNSA362206,2023-08-02,1909.88,BestBuy,2023-08-02,2025-08-01,Samsung Care Protection,Standard,2024-03-25,2024-03-31,Manufacturing Defect,Factory assembly defect leading to unprovoked system failure.,Manufacturing,7,494,0,True,True,True,True,True,False,0,False,False,False,False,Likely Valid
CLM-01753,PRD-46030,French Door Refrigerator,Appliances,Samsung,SAM-APP-614,SNSA478702,SNSA478702,SNSA478702,2023-03-16,1625.01,Direct Factory Outlet,2023-03-16,2027-03-16,AssureX Extended Guard,Extended,2025-01-27,2025-01-29,Compressor Failure,Compressor clicking repeatedly and unable to compress refrigerant.,Manufacturing,22,778,1,True,True,True,True,True,True,0,False,False,False,False,Likely Valid
CLM-02434,PRD-14154,Gaming Desktop Rig,Electronics,HP,HP-ELE-739,SNHP770173,SNHP770173,SNHP770173,2025-01-06,1778.16,Amazon Electronics,2025-01-06,2027-01-06,HP Care Protection,Standard,2026-06-11,2026-06-13,Display Defect,Backlight flickering continuously on left half of screen.,Manufacturing,17,209,1,True,True,True,True,True,True,0,False,False,False,False,Likely Valid
CLM-02437,PRD-31790,ProBook Laptop 15-inch,Electronics,Samsung,SAM-ELE-961,SNSA907611,SNSA907611,SNSA907611,2025-02-01,922.03,BestBuy,2025-02-01,2027-02-01,Samsung Care Protection,Standard,2025-11-22,2025-12-02,Jailbreaking or Rooting,Unspecified system degradation observed during normal operating routine.,Jailbreaking or Rooting,9,436,0,True,True,True,True,True,False,0,False,False,True,False,Likely Invalid
CLM-00487,PRD-46287,Active Noise Cancelling Headphones,Electronics,Asus,ASU-ELE-878,SNAS558170,SNAS558170,SNAS558170,2025-02-18,268.78,Amazon Electronics,2025-02-18,2027-02-18,Asus Care Protection,Standard,2026-04-12,2026-04-19,Electrical Failure,Internal circuit shorted during regular use with standard power supply.,Electrical,13,312,0,True,True,True,True,True,False,0,False,False,False,False,Likely Valid
CLM-01429,PRD-49588,ProBook Laptop 15-inch,Electronics,LG,LG-ELE-714,SNLG245578,SNLG245578,SNLG245578,2023-05-16,1004.43,BestBuy,2023-05-16,2026-05-15,AssureX Extended Guard,Extended,2024-06-11,2024-06-13,Software Malfunction,System firmware entered boot loop following manufacturer OTA update.,Component Failure,12,703,1,False,True,True,True,True,False,1,False,False,False,False,Manual Review Required
CLM-01917,PRD-40701,Mirrorless Camera Body,Electronics,Asus,ASU-ELE-813,SNAS887754,SNAS887754,SNAS887754,2024-05-01,1417.48,Amazon Electronics,2024-05-01,2026-05-01,Asus Care Protection,Standard,2025-01-03,2025-01-12,Electrical Failure,Internal circuit shorted during regular use with standard power supply.,Component Failure,8,483,1,False,True,True,True,True,False,1,False,False,False,False,Manual Review Required
CLM-01627,PRD-79017,Mirrorless Camera Body,Electronics,Asus,ASU-ELE-189,SNAS819146,SNAS819146,SNAS819146,2024-08-22,1269.83,B&H Photo,2024-08-22,2026-08-22,Asus Care Protection,Standard,2025-07-16,2025-07-24,Software Malfunction,Main OS freezes on start screen; hardware diagnostic passes.,Manufacturing,10,402,0,True,True,True,True,True,False,0,False,False,False,False,Likely Valid
CLM-00222,PRD-53522,Smart Dishwasher 24-inch,Appliances,GE Appliances,GE -APP-746,SNGE830139,SNGE830139,SNGE830139,2023-09-30,754.07,Lowe's,2023-09-30,2026-09-29,GE Appliances Care Protection,Standard,2025-07-18,2025-07-20,Compressor Failure,"Cooling cycle fails to start, compressor is non-responsive.",Manufacturing,21,438,1,True,True,False,True,True,True,1,False,False,False,False,Likely Valid
CLM-01483,PRD-54030,ProBook Laptop 15-inch,Electronics,Sony,SON-ELE-639,SNSO774965,SNSO774965,SNSO774965,2024-03-08,1056.52,Amazon Electronics,2024-03-08,2026-03-08,Sony Care Protection,Standard,2025-10-15,2025-10-25,Electrical Failure,Capacitor blown on the primary controller board without power surge.,Manufacturing,19,144,0,True,False,True,True,True,False,1,False,False,False,False,Likely Invalid
CLM-00228,PRD-20487,ABS Wheel Speed Sensor,Automotive,ACDelco,ACD-AUT-306,SNAC385066,SNAC385066,SNAC385066,2024-07-12,113.52,NAPA Auto Parts,2024-07-12,2026-07-12,AssureX Extended Guard,Extended,2025-01-29,2025-02-06,Electrical Component Failure,Cooling fan bearing seized up leading to emergency thermal shutdown.,Component Failure,6,529,1,False,True,True,True,True,False,1,False,False,False,False,Manual Review Required
CLM-00757,PRD-19596,Convection Microwave Oven,Appliances,KitchenAid,KIT-APP-211,SNKI188947,SNKI188947,SNKI188947,2023-08-27,369.85,Lowe's,2023-08-27,2027-08-27,AssureX Extended Guard,Extended,2024-07-22,2024-07-29,Motor Failure,"Motor winding resistance out of spec, causing tripping.",Manufacturing,10,1131,0,True,True,True,True,True,False,0,False,False,False,False,Likely Valid
CLM-00007,PRD-32939,Electronic Fuel Injector Kit,Automotive,Brembo,BRE-AUT-949,SNBR417329,SNBR417329,SNBR417329,2023-06-24,393.31,O'Reilly Auto,2023-06-24,2024-06-23,Brembo Care Protection,Standard,2024-03-04,2024-03-05,Premature Wear,"Brake pad friction compound deteriorated within 2,000 miles of highway driving.",Manufacturing,8,111,1,True,True,True,True,True,True,0,False,False,False,False,Likely Valid
CLM-00313,PRD-84029,OLED 4K Smart TV,Electronics,Dell,DEL-ELE-346,SNDE382243,SNDE382243,SNDE382243,2023-03-11,1060.82,Direct Manufacturer Store,2023-03-11,2026-03-10,AssureX Extended Guard,Extended,2023-10-07,2023-10-08,Software Malfunction,System firmware entered boot loop following manufacturer OTA update.,Manufacturing,6,885,0,True,True,False,True,True,False,1,False,False,False,False,Likely Valid
CLM-01000,PRD-36201,Electronic Fuel Injector Kit,Automotive,Monroe,MON-AUT-906,SNMO226660,SNMO226660,SNMO226660,2024-08-15,485.43,Advance Auto Parts,2024-08-15,2025-08-15,Monroe Care Protection,Standard,2024-11-02,2024-11-03,Electrical Component Failure,Unspecified system degradation observed during normal operating routine.,Electrical,2,286,1,True,True,True,True,True,True,0,False,False,False,False,Likely Valid
CLM-00423,PRD-46608,Tablet 11-inch Display,Electronics,Lenovo,LEN-ELE-549,SNLE285306,SNLE285306,SNLE285306,2023-05-31,684.75,Direct Manufacturer Store,2023-05-31,2025-05-30,Lenovo Care Protection,Standard,2024-02-16,2024-02-24,Software Malfunction,Main OS freezes on start screen; hardware diagnostic passes.,Manufacturing,8,469,1,True,True,False,True,True,True,1,False,False,False,False,Likely Valid
CLM-02228,PRD-15320,Gaming Desktop Rig,Electronics,Sony,SON-ELE-178,SNSO820307,SNSO820307,SNSO820307,2024-10-05,2090.38,B&H Photo,2024-10-05,2026-10-05,Sony Care Protection,Standard,2025-06-29,2025-07-10,Display Defect,Backlight flickering continuously on left half of screen.,Unauthorized Modification,8,463,3,False,True,True,True,True,False,1,False,False,True,False,Likely Invalid
CLM-00291,PRD-37521,ProBook Laptop 15-inch,Electronics,LG,LG-ELE-376,SNLG929026,SNLG929026,SNLG929026,2025-04-10,740.02,Amazon Electronics,2025-04-10,2027-04-10,LG Care Protection,Standard,2025-07-28,2025-08-08,Software Malfunction,Main OS freezes on start screen; hardware diagnostic passes.,Manufacturing,3,621,0,True,True,True,True,True,False,0,False,False,False,False,Likely Valid
CLM-00590,PRD-96246,Galaxy Ultra Smartphone,Electronics,LG,LG-ELE-330,SNLG292899,SNLG292899,SNLG292899,2024-11-12,1099.78,B&H Photo,2024-11-12,2026-11-12,LG Care Protection,Standard,2025-10-12,2025-10-14,Electrical Failure,Capacitor blown on the primary controller board without power surge.,Electrical,10,396,0,True,True,True,True,True,False,0,False,False,False,False,Likely Valid
CLM-01852,PRD-81650,ProBook Laptop 15-inch,Electronics,Asus,ASU-ELE-108,SNAS451216,SNAS451216,SNAS451216,2023-09-12,1012.03,B&H Photo,2023-09-12,2026-09-11,AssureX Extended Guard,Extended,2024-05-07,2024-05-17,Electrical Failure,Internal circuit shorted during regular use with standard power supply.,Manufacturing,7,857,3,True,True,True,True,True,True,0,False,False,False,False,Manual Review Required
CLM-02485,PRD-29688,ProBook Laptop 15-inch,Electronics,Dell,DEL-ELE-638,SNDE456865,SNDE456865,SNDE456865,2024-05-07,804.56,BestBuy,2024-05-07,2026-05-07,Dell Care Protection,Standard,2024-08-28,2024-09-11,Component Failure,Cooling fan bearing seized up leading to emergency thermal shutdown.,Unauthorized Modification,3,617,4,False,True,True,True,True,False,1,False,False,True,False,Likely Invalid
CLM-01813,PRD-38584,Performance Shock Absorbers,Automotive,Continental Auto,CON-AUT-173,SNCO496798,SNCO496798,SNCO496798,2024-04-21,395.5,O'Reilly Auto,2024-04-21,2025-04-21,Continental Auto Care Protection,Standard,2024-09-05,2024-09-06,Electrical Component Failure,Unspecified system degradation observed during normal operating routine.,Unauthorized Modification,4,228,4,False,True,True,True,True,False,1,False,False,True,False,Likely Invalid
CLM-01038,PRD-39804,Mirrorless Camera Body,Electronics,Apple,APP-ELE-151,SNAP505083,SNAP505083,SNAP505083,2025-04-13,1441.16,Direct Manufacturer Store,2025-04-13,2028-04-12,AssureX Extended Guard,Extended,2026-02-28,2026-03-13,Component Failure,Sensor module stopped transmitting readings to the main board.,Manufacturing,10,774,0,True,True,True,True,True,False,0,False,False,False,False,Likely Valid
CLM-01495,PRD-10571,Ceramic Brake Pad Set,Automotive,Bosch Auto,BOS-AUT-993,SNBO783134,SNBO783134,SNBO783134,2023-10-13,119.33,AutoZone,2023-10-13,2024-10-12,Bosch Auto Care Protection,Standard,2024-02-13,2024-02-23,Premature Wear,Bushing cracked prematurely during regular non-commercial transit.,Manufacturing,4,242,1,True,True,True,True,True,True,0,False,False,False,False,Likely Valid
CLM-01992,PRD-71830,Front-Load Washing Machine,Appliances,LG,LG-APP-667,SNLG871979,SNLG871979,SNLG871979,2023-09-04,901.77,Direct Factory Outlet,2023-09-04,2026-09-03,LG Care Protection,Standard,2026-03-25,2026-04-01,Thermostat Malfunction,"Thermostat stuck open, temperature never reaches target threshold.",Manufacturing,30,162,0,True,False,True,True,True,False,1,False,False,False,False,Likely Invalid
CLM-00668,PRD-94677,Smart Watch Series 7,Electronics,Apple,APP-ELE-729,SNAP928865,SNAP928865,SNAP928865,2023-09-02,420.47,Target,2023-09-02,2025-09-01,Apple Care Protection,Standard,2024-10-21,2024-10-30,Software Malfunction,Main OS freezes on start screen; hardware diagnostic passes.,Manufacturing,13,315,0,True,True,True,True,True,False,0,False,False,False,False,Likely Valid
CLM-02067,PRD-79006,Smart Dishwasher 24-inch,Appliances,LG,LG-APP-724,SNLG693995,SNLG693995,SNLG693995,2024-11-23,688.13,Costco,2024-11-23,2027-11-23,LG Care Protection,Standard,2026-06-02,2026-06-09,Electrical Wiring Defect,Unspecified system degradation observed during normal operating routine.,Manufacturing,18,539,0,True,False,True,True,True,False,1,False,False,False,False,Likely Invalid
CLM-00676,PRD-88023,Front-Load Washing Machine,Appliances,Samsung,SAM-APP-372,SNSA153470,SNSA153470,SNSA153470,2023-06-17,1056.24,Costco,2023-06-17,2027-06-17,AssureX Extended Guard,Extended,2025-04-13,2025-04-20,Compressor Failure,Compressor clicking repeatedly and unable to compress refrigerant.,Manufacturing,21,795,0,True,True,True,True,True,False,0,False,False,False,False,Likely Valid
CLM-02093,PRD-37809,Electric Range Oven,Appliances,KitchenAid,KIT-APP-273,SNKI678603,SNKI678603,SNKI678603,2025-05-28,1330.35,Lowe's,2025-05-28,2029-05-28,AssureX Extended Guard,Extended,2029-10-09,2029-10-28,Compressor Failure,"Cooling cycle fails to start, compressor is non-responsive.",Manufacturing,52,-134,0,True,True,True,True,True,False,0,False,False,False,False,Likely Invalid
CLM-00281,PRD-27340,Electric Range Oven,Appliances,Maytag,MAY-APP-744,SNMA765297,SNMA765297,SNMA765297,2024-09-15,1000.44,Home Depot,2024-09-15,2027-09-15,Maytag Care Protection,Standard,2024-08-31,2024-09-24,Thermostat Malfunction,Temperature reading fluctuating wildly causing erratic operation.,Manufacturing,0,1110,0,True,True,True,True,True,False,0,False,True,False,False,Manual Review Required
CLM-01793,PRD-61956,French Door Refrigerator,Appliances,GE Appliances,GE -APP-985,SNGE735588,SNGE735588,SNGE735588,2023-12-10,1431.59,Costco,2023-12-10,2026-12-09,GE Appliances Care Protection,Standard,2025-07-28,2025-08-11,Thermostat Malfunction,"Thermostat stuck open, temperature never reaches target threshold.",Manufacturing,19,499,1,True,True,True,True,True,True,0,False,False,False,False,Likely Valid
CLM-00894,PRD-29065,Ceramic Brake Pad Set,Automotive,Continental Auto,CON-AUT-987,SNCO520169,SNCO520169,SNCO520169,2023-05-31,124.16,RockAuto,2023-05-31,2024-05-30,Continental Auto Care Protection,Standard,2023-08-13,2023-08-21,Material Failure,Unspecified system degradation observed during normal operating routine.,Manufacturing,2,291,0,True,True,True,True,True,False,0,False,False,False,False,Likely Valid
CLM-01906,PRD-58479,French Door Refrigerator,Appliances,Whirlpool,WHI-APP-867,SNWH913960,SNWH913960,SNWH913960,2024-11-13,1532.39,Home Depot,2024-11-13,2027-11-13,Whirlpool Care Protection,Standard,2025-07-31,2025-08-05,Control Board Failure,Unspecified system degradation observed during normal operating routine.,Manufacturing,8,835,3,True,True,True,True,True,True,0,False,False,False,False,Manual Review Required
CLM-01848,PRD-62529,OLED 4K Smart TV,Electronics,Sony,SON-ELE-316,SNSO959294,SNSO959294,SNSO959294,2023-09-23,1402.54,Direct Manufacturer Store,2023-09-23,2025-09-22,Sony Care Protection,Standard,2025-01-20,2025-01-21,Software Malfunction,Main OS freezes on start screen; hardware diagnostic passes.,Manufacturing,15,245,0,True,True,True,True,True,False,0,False,False,False,False,Likely Valid
CLM-01210,PRD-56481,French Door Refrigerator,Appliances,Whirlpool,WHI-APP-462,SNWH824653,SNWH824653,SNWH824653,2023-01-16,1507.37,Sears Appliance Outlet,2023-01-16,2026-01-15,Whirlpool Care Protection,Standard,2026-01-18,2026-01-20,Control Board Failure,Unspecified system degradation observed during normal operating routine.,Manufacturing,36,-3,0,True,True,True,True,True,False,0,False,False,False,False,Manual Review Required
CLM-01935,PRD-26013,Mirrorless Camera Body,Electronics,Apple,APP-ELE-576,SNAP519128,SNAP519128,SNAP519128,2023-07-14,1664.39,B&H Photo,2023-07-14,2025-07-13,Apple Care Protection,Standard,2024-12-18,2024-12-31,Jailbreaking or Rooting,Unspecified system degradation observed during normal operating routine.,Jailbreaking or Rooting,17,207,0,True,True,True,True,True,False,0,False,False,True,False,Likely Invalid
CLM-00259,PRD-33584,Active Noise Cancelling Headphones,Electronics,Samsung,SAM-ELE-774,SNSA223025,SNSA223025,SNSA223025,2023-01-09,258.23,Direct Manufacturer Store,2023-01-09,2026-01-08,AssureX Extended Guard,Extended,2023-10-17,2023-10-18,Electrical Failure,Capacitor blown on the primary controller board without power surge.,Manufacturing,9,814,0,True,False,True,True,True,False,1,False,False,False,False,Likely Invalid
CLM-02226,PRD-75553,Gaming Desktop Rig,Electronics,Asus,ASU-ELE-147,SNAS689445,SNAS689445,SNAS689445,2024-06-15,1833.56,BestBuy,2024-06-15,2026-06-15,Asus Care Protection,Standard,2025-07-29,2025-08-05,Software Malfunction,System firmware entered boot loop following manufacturer OTA update.,Manufacturing,13,321,0,True,True,True,True,True,False,0,False,False,False,False,Likely Valid
CLM-00618,PRD-32354,Tablet 11-inch Display,Electronics,Asus,ASU-ELE-659,SNAS881156,SNAS881156,SNAS881156,2023-03-08,601.97,Direct Manufacturer Store,2023-03-08,2025-03-07,Asus Care Protection,Standard,2024-07-26,2024-08-03,Software Malfunction,Main OS freezes on start screen; hardware diagnostic passes.,Unauthorized Modification,16,224,3,False,True,True,True,True,False,1,False,False,True,False,Likely Invalid
CLM-00267,PRD-33681,French Door Refrigerator,Appliances,GE Appliances,GE -APP-149,SNGE279041,SNGE279041,SNGE279041,2024-06-20,1563.52,Costco,2024-06-20,2028-06-20,AssureX Extended Guard,Extended,2026-05-28,2026-06-07,Motor Failure,Drive motor hums loudly but will not spin drum under normal load.,Manufacturing,23,754,0,True,True,True,True,True,False,0,False,False,False,False,Likely Valid
CLM-01351,PRD-16737,Galaxy Ultra Smartphone,Electronics,Dell,DEL-ELE-178,SNDE426488,SNDE426488,SNDE426488,2023-06-09,874.68,Target,2023-06-09,2025-06-08,Dell Care Protection,Standard,2024-01-20,2024-01-31,Software Malfunction,Main OS freezes on start screen; hardware diagnostic passes.,Manufacturing,7,505,0,True,True,True,True,True,False,0,False,False,False,False,Likely Valid
CLM-00306,PRD-25366,Active Noise Cancelling Headphones,Electronics,Lenovo,LEN-ELE-315,SNLE968034,SNLE968034,SNLE968034,2023-08-11,263.15,Amazon Electronics,2023-08-11,2026-08-10,AssureX Extended Guard,Extended,2023-11-02,2023-11-09,Software Malfunction,System firmware entered boot loop following manufacturer OTA update.,Electrical Failure,2,1012,0,True,True,True,True,False,False,1,False,False,False,False,Manual Review Required
CLM-01026,PRD-82794,ABS Wheel Speed Sensor,Automotive,Brembo,BRE-AUT-793,SNBR980366,SNBR980366,SNBR980366,2024-10-30,98.66,AutoZone,2024-10-30,2025-10-30,Brembo Care Protection,Standard,2025-03-20,2025-03-22,Material Failure,Unspecified system degradation observed during normal operating routine.,Manufacturing,4,224,3,True,True,True,True,True,True,0,False,False,False,False,Manual Review Required
CLM-01746,PRD-85905,Performance Shock Absorbers,Automotive,Continental Auto,CON-AUT-920,SNCO220332,SNCO220332,SNCO220332,2023-07-17,452.17,Advance Auto Parts,2023-07-17,2025-07-16,AssureX Extended Guard,Extended,2024-07-29,2024-08-07,Material Failure,Unspecified system degradation observed during normal operating routine.,Manufacturing,12,352,1,True,True,True,True,True,True,0,False,False,False,False,Likely Valid
CLM-01544,PRD-77313,Galaxy Ultra Smartphone,Electronics,Apple,APP-ELE-183,SNAP669603,SNAP669603,SNAP669603,2023-09-01,1029.63,Amazon Electronics,2023-09-01,2025-08-31,Apple Care Protection,Standard,2024-08-20,2024-08-22,Display Defect,Vertical colored line artifacts appeared across OLED panel without impact.,Manufacturing,11,376,0,True,True,True,True,True,False,0,False,False,False,False,Likely Valid
CLM-02011,PRD-13078,Electric Range Oven,Appliances,Whirlpool,WHI-APP-454,SNWH330748,SNWH330748,SNWH330748,2025-04-30,1275.75,Direct Factory Outlet,2025-04-30,2028-04-29,Whirlpool Care Protection,Standard,2027-11-01,2027-11-14,Cosmetic Wear,Unspecified system degradation observed during normal operating routine.,Cosmetic Wear,30,180,0,True,True,True,True,True,False,0,False,False,True,False,Likely Invalid
CLM-01407,PRD-46165,ABS Wheel Speed Sensor,Automotive,Bosch Auto,BOS-AUT-577,SNBO712105,SNBO712105,SNBO712105,2025-03-19,101.38,RockAuto,2025-03-19,2026-03-19,Bosch Auto Care Protection,Standard,2025-08-29,2025-09-05,Seal or Gasket Failure,Unspecified system degradation observed during normal operating routine.,Manufacturing,5,202,0,True,True,True,True,True,False,0,False,False,False,False,Likely Valid
CLM-02081,PRD-20067,Heavy-Duty Clothes Dryer,Appliances,KitchenAid,KIT-APP-475,SNKI229501,SNKI229501,SNKI229501,2023-01-17,750.66,Costco,2023-01-17,2026-01-16,KitchenAid Care Protection,Standard,2023-09-26,2023-10-03,Unauthorized Modification,Unspecified system degradation observed during normal operating routine.,Unauthorized Modification,8,843,0,True,True,True,True,True,False,0,False,False,True,False,Likely Invalid
CLM-02128,PRD-45433,Heavy-Duty Starter Motor,Automotive,Continental Auto,CON-AUT-263,SNCO698138,SNCO698138,SNCO698138,2025-02-21,281.62,RockAuto,2025-02-21,2026-02-21,Continental Auto Care Protection,Standard,2025-05-18,2025-05-23,Manufacturing Defect,Device shut down unexpectedly and fails to power back on under normal conditions.,Manufacturing,2,279,0,True,False,True,True,True,False,1,False,False,False,False,Likely Invalid
CLM-01703,PRD-52298,Galaxy Ultra Smartphone,Electronics,Apple,APP-ELE-451,SNAP661539,SNAP661539,SNAP661539,2023-07-14,1234.63,B&H Photo,2023-07-14,2025-07-13,Apple Care Protection,Standard,2024-03-16,2024-03-29,Display Defect,Backlight flickering continuously on left half of screen.,Unauthorized Modification,8,484,4,False,True,True,True,True,False,1,False,False,True,False,Likely Invalid
CLM-00942,PRD-20832,Front-Load Washing Machine,Appliances,GE Appliances,GE -APP-585,SNGE312005,SNGE312005,SNGE312005,2023-11-28,996.12,Direct Factory Outlet,2023-11-28,2026-11-27,GE Appliances Care Protection,Standard,2024-06-15,2024-06-20,Compressor Failure,"Cooling cycle fails to start, compressor is non-responsive.",Manufacturing,6,895,0,True,True,False,True,True,False,1,False,False,False,False,Likely Valid
CLM-02117,PRD-55718,Heavy-Duty Clothes Dryer,Appliances,Maytag,MAY-APP-707,SNMA596965,SNMA596965,SNMA596965,2024-03-08,763.34,Lowe's,2024-03-08,2027-03-08,Maytag Care Protection,Standard,2024-12-14,2024-12-29,Manufacturing Defect,Factory assembly defect leading to unprovoked system failure.,Manufacturing,9,814,0,True,True,True,True,True,False,0,False,False,False,False,Likely Valid
CLM-02088,PRD-45574,French Door Refrigerator,Appliances,Bosch,BOS-APP-823,SNBO653661,SNBO653661,SNBO653661,2023-10-02,1505.41,Lowe's,2023-10-02,2027-10-02,AssureX Extended Guard,Extended,2025-04-26,2025-05-03,Control Board Failure,Capacitor blown on the primary controller board without power surge.,Electrical Failure,18,889,0,True,True,True,True,False,False,1,False,False,False,False,Manual Review Required
CLM-01892,PRD-35191,OLED 4K Smart TV,Electronics,Samsung,SAM-ELE-625,SNSA261564,SNSA261564,SNSA261564,2024-05-13,1053.65,Amazon Electronics,2024-05-13,2027-05-13,AssureX Extended Guard,Extended,2026-05-22,2026-06-03,Electrical Failure,Internal circuit shorted during regular use with standard power supply.,Electrical,24,356,0,True,True,False,True,True,False,1,False,False,False,False,Likely Valid
CLM-02264,PRD-30810,ABS Wheel Speed Sensor,Automotive,Monroe,MON-AUT-416,SNMO320580,SNMO320580,SNMO320580,2024-07-06,100.44,RockAuto,2024-07-06,2025-07-06,Monroe Care Protection,Standard,2025-01-23,2025-02-02,Premature Wear,Bushing cracked prematurely during regular non-commercial transit.,Manufacturing,6,164,0,True,False,True,True,True,False,1,False,False,False,False,Likely Invalid
CLM-00065,PRD-27305,Ceramic Brake Pad Set,Automotive,Continental Auto,CON-AUT-400,SNCO536770,SNCO536770,SNCO536770,2025-01-06,148.54,RockAuto,2025-01-06,2026-01-06,Continental Auto Care Protection,Standard,2025-06-16,2025-06-24,Manufacturing Defect,Device shut down unexpectedly and fails to power back on under normal conditions.,Manufacturing,5,204,0,True,True,True,True,True,False,0,False,False,False,False,Likely Valid
CLM-01134,PRD-11267,Gaming Desktop Rig,Electronics,Lenovo,LEN-ELE-229,SNLE324284,SNLE324284,SNLE324284,2025-02-16,1915.57,BestBuy,2025-02-16,2027-02-16,Lenovo Care Protection,Standard,2026-06-28,2026-07-03,Manufacturing Defect,Factory assembly defect leading to unprovoked system failure.,Manufacturing,16,233,0,True,False,True,True,True,False,1,False,False,False,False,Likely Invalid
CLM-01752,PRD-21262,Electric Range Oven,Appliances,Whirlpool,WHI-APP-748,SNWH208599,SNWH208599,SNWH208599,2023-12-26,1072.3,Sears Appliance Outlet,2023-12-26,2026-12-25,Whirlpool Care Protection,Standard,2023-11-13,2024-01-03,Thermostat Malfunction,Temperature reading fluctuating wildly causing erratic operation.,Manufacturing,0,1138,0,True,True,True,True,True,False,0,False,True,False,False,Manual Review Required
CLM-00204,PRD-66202,Smart Watch Series 7,Electronics,Asus,ASU-ELE-448,SNAS930382,SNAS930382,SNAS930382,2024-10-10,352.86,Amazon Electronics,2024-10-10,2026-10-10,Asus Care Protection,Standard,2025-09-08,2025-09-16,Display Defect,Vertical colored line artifacts appeared across OLED panel without impact.,Manufacturing,10,397,0,True,True,False,True,True,False,1,False,False,False,False,Likely Valid
CLM-01145,PRD-86284,Gaming Desktop Rig,Electronics,HP,HP-ELE-688,SNHP736705,SNHP736705,SNHP736705,2024-02-29,2014.45,B&H Photo,2024-02-29,2027-02-28,AssureX Extended Guard,Extended,2025-10-27,2025-11-04,Electrical Failure,Internal circuit shorted during regular use with standard power supply.,Electrical,19,489,0,True,True,True,True,True,False,0,False,False,False,False,Likely Valid
CLM-00113,PRD-43493,Convection Microwave Oven,Appliances,Bosch,BOS-APP-497,SNBO108248,SNBO108248,SNBO108248,2024-04-12,388.45,Costco,2024-04-12,2027-04-12,Bosch Care Protection,Standard,2026-01-11,2026-01-15,Damage from Improper Installation,Unspecified system degradation observed during normal operating routine.,Damage from Improper Installation,20,456,0,True,True,True,True,True,False,0,False,False,True,False,Likely Invalid
CLM-02411,PRD-93126,Smart Dishwasher 24-inch,Appliances,Samsung,SAM-APP-727,SNSA792188,SNSA792188,SNSA792188,2023-06-14,738.15,Direct Factory Outlet,2023-06-14,2027-06-14,AssureX Extended Guard,Extended,2026-05-08,2026-05-11,Compressor Failure,"Cooling cycle fails to start, compressor is non-responsive.",Manufacturing,34,402,0,True,True,True,True,True,False,0,False,False,False,False,Likely Valid
CLM-00895,PRD-65336,Gaming Desktop Rig,Electronics,Apple,APP-ELE-741,SNAP494822,SNAP494822,SNAP494822,2025-04-16,2273.42,Direct Manufacturer Store,2025-04-16,2027-04-16,Apple Care Protection,Standard,2026-07-26,2026-08-05,Component Failure,Cooling fan bearing seized up leading to emergency thermal shutdown.,Manufacturing,15,264,1,True,True,True,True,True,True,0,False,False,False,False,Likely Valid
CLM-00463,PRD-33920,Galaxy Ultra Smartphone,Electronics,Asus,ASU-ELE-679,SNAS585496,SNAS585496,SNAS585496,2023-05-15,884.38,BestBuy,2023-05-15,2025-05-14,Asus Care Protection,Standard,2023-04-05,2023-05-20,Electrical Failure,Internal circuit shorted during regular use with standard power supply.,Manufacturing,0,770,0,True,True,True,True,True,False,0,False,True,False,False,Manual Review Required
CLM-01157,PRD-11971,ProBook Laptop 15-inch,Electronics,Samsung,SAM-ELE-692,SNSA163008,SNSA163008,SNSA163008,2023-02-26,939.8,B&H Photo,2023-02-26,2026-02-25,AssureX Extended Guard,Extended,2023-11-28,2023-12-11,Display Defect,Backlight flickering continuously on left half of screen.,Manufacturing,9,820,1,True,True,True,True,True,True,0,False,False,False,False,Likely Valid
CLM-00821,PRD-85602,High Output Alternator,Automotive,Continental Auto,CON-AUT-957,SNCO974604,SNCO974604,SNCO974604,2023-11-01,306.61,RockAuto,2023-11-01,2025-10-31,AssureX Extended Guard,Extended,2025-03-07,2025-03-08,Seal or Gasket Failure,Unspecified system degradation observed during normal operating routine.,Manufacturing,16,238,0,True,True,True,True,True,False,0,False,False,False,False,Likely Valid
CLM-00921,PRD-59729,French Door Refrigerator,Appliances,Whirlpool,WHI-APP-808,SNWH647379,SNWH647379,SNWH647379,2023-06-28,1607.0,Costco,2023-06-28,2026-06-27,Whirlpool Care Protection,Standard,2024-01-08,2024-01-17,Control Board Failure,Unspecified system degradation observed during normal operating routine.,Manufacturing,6,901,1,True,True,True,True,True,True,0,False,False,False,False,Likely Valid
CLM-02100,PRD-87275,High Output Alternator,Automotive,K&N,K&N-AUT-546,SNK&979165,SNK&979165,SNK&979165,2024-03-08,289.44,AutoZone,2024-03-08,2025-03-08,K&N Care Protection,Standard,2024-11-25,2024-12-04,Manufacturing Defect,Device shut down unexpectedly and fails to power back on under normal conditions.,Manufacturing,8,103,0,True,True,True,True,True,False,0,False,False,False,False,Likely Valid
CLM-01237,PRD-68223,OLED 4K Smart TV,Electronics,Lenovo,LEN-ELE-445,SNLE138278,SNLE138278,SNLE138278,2024-02-19,1129.39,Amazon Electronics,2024-02-19,2027-02-18,AssureX Extended Guard,Extended,2026-03-30,2026-04-08,Electrical Failure,No current flowing to main motor despite active input power.,Electrical,25,325,1,True,True,True,True,True,True,0,False,False,False,False,Likely Valid
CLM-00736,PRD-42450,Electric Range Oven,Appliances,Samsung,SAM-APP-209,SNSA377120,SNSA377123,SNSA377120,2023-05-08,1004.88,Direct Factory Outlet,2023-05-08,2026-05-07,Samsung Care Protection,Standard,2024-06-20,2024-06-30,Control Board Failure,Unspecified system degradation observed during normal operating routine.,Manufacturing,13,686,0,True,True,True,True,True,False,0,True,False,False,False,Manual Review Required
CLM-00309,PRD-31017,Heavy-Duty Clothes Dryer,Appliances,Whirlpool,WHI-APP-132,SNWH733521,SNWH733521,SNWH733521,2023-01-17,920.36,Direct Factory Outlet,2023-01-17,2027-01-17,AssureX Extended Guard,Extended,2026-12-09,2026-12-17,Electrical Wiring Defect,Cooling fan bearing seized up leading to emergency thermal shutdown.,Component Failure,46,39,1,False,True,True,True,True,False,1,False,False,False,False,Manual Review Required
CLM-00970,PRD-17754,ABS Wheel Speed Sensor,Automotive,Denso,DEN-AUT-958,SNDE339744,SNDE339744,SNDE339744,2024-01-27,85.89,Advance Auto Parts,2024-01-27,2025-01-26,Denso Care Protection,Standard,2024-05-31,2024-06-05,Electrical Component Failure,Unspecified system degradation observed during normal operating routine.,Electrical,4,240,0,True,True,True,True,True,False,0,False,False,False,False,Likely Valid
CLM-02491,PRD-74021,Ceramic Brake Pad Set,Automotive,Monroe,MON-AUT-504,SNMO291055,SNMO291055,SNMO291055,2024-05-17,117.35,O'Reilly Auto,2024-05-17,2025-05-17,Monroe Care Protection,Standard,2025-08-09,2025-08-29,Manufacturing Defect,Factory assembly defect leading to unprovoked system failure.,Manufacturing,14,-84,0,True,True,True,True,True,False,0,False,False,False,False,Likely Invalid
CLM-02495,PRD-99108,Heavy-Duty Starter Motor,Automotive,Denso,DEN-AUT-337,SNDE553005,SNDE553005,SNDE553005,2025-01-21,269.18,NAPA Auto Parts,2025-01-21,2027-01-21,AssureX Extended Guard,Extended,2025-12-23,2025-12-27,Material Failure,Unspecified system degradation observed during normal operating routine.,Manufacturing,11,394,0,True,True,True,True,True,False,0,False,False,False,False,Likely Valid
CLM-01259,PRD-70764,ProBook Laptop 15-inch,Electronics,Dell,DEL-ELE-336,SNDE548672,SNDE548672,SNDE548672,2025-04-01,735.57,Target,2025-04-01,2028-03-31,AssureX Extended Guard,Extended,2025-09-28,2025-10-01,Software Malfunction,Main OS freezes on start screen; hardware diagnostic passes.,Manufacturing,5,915,0,True,False,True,True,True,False,1,False,False,False,False,Likely Invalid
CLM-01062,PRD-37106,Gaming Desktop Rig,Electronics,Asus,ASU-ELE-349,SNAS999462,SNAS999462,SNAS999462,2025-02-18,1740.58,Direct Manufacturer Store,2025-02-18,2028-02-18,AssureX Extended Guard,Extended,2026-06-02,2026-06-16,Cosmetic Damage,Slight dent on exterior casing from transit handling.,Cosmetic Damage,15,626,0,True,True,True,True,True,False,0,False,False,True,False,Likely Invalid
CLM-01054,PRD-17666,French Door Refrigerator,Appliances,GE Appliances,GE -APP-643,SNGE442587,SNGE442587,SNGE442587,2024-08-28,1527.77,Direct Factory Outlet,2024-08-28,2027-08-28,GE Appliances Care Protection,Standard,2025-12-17,2025-12-30,Motor Failure,Drive motor hums loudly but will not spin drum under normal load.,Manufacturing,15,619,0,True,True,True,True,True,False,0,False,False,False,False,Likely Valid
CLM-01108,PRD-69029,Electronic Fuel Injector Kit,Automotive,K&N,K&N-AUT-192,SNK&484531,SNK&484531,SNK&484531,2024-01-18,463.32,O'Reilly Auto,2024-01-18,2025-01-17,K&N Care Protection,Standard,2024-09-01,2024-09-15,Electrical Component Failure,Unspecified system degradation observed during normal operating routine.,Manufacturing,7,138,0,True,False,True,True,True,False,1,False,False,False,False,Likely Invalid
CLM-01188,PRD-67191,Electronic Fuel Injector Kit,Automotive,ACDelco,ACD-AUT-827,SNAC455468,SNAC455433,SNAC455468,2023-04-30,414.84,Advance Auto Parts,2023-04-30,2024-04-29,ACDelco Care Protection,Standard,2024-02-23,2024-02-28,Premature Wear,Bushing cracked prematurely during regular non-commercial transit.,Manufacturing,9,66,0,True,True,True,True,True,False,0,True,False,False,False,Manual Review Required
CLM-02365,PRD-19677,High Output Alternator,Automotive,Monroe,MON-AUT-619,SNMO627208,SNMO627208,SNMO627208,2024-05-24,411.33,AutoZone,2024-05-24,2025-05-24,Monroe Care Protection,Standard,2024-09-25,2024-10-05,Electrical Component Failure,Unspecified system degradation observed during normal operating routine.,Electrical,4,241,1,True,True,True,True,True,True,0,False,False,False,False,Likely Valid
CLM-01386,PRD-26683,Active Noise Cancelling Headphones,Electronics,HP,HP-ELE-446,SNHP318500,SNHP318500,SNHP318500,2025-05-06,300.85,Target,2025-05-06,2027-05-06,HP Care Protection,Standard,2025-11-09,2025-11-14,Water Damage,Liquid spilled directly into top vents while device was operating.,Water Damage,6,543,0,True,True,True,True,True,False,0,False,False,True,False,Likely Invalid
CLM-01397,PRD-18136,Electric Range Oven,Appliances,Maytag,MAY-APP-658,SNMA935864,SNMA935864,SNMA935864,2023-04-21,1239.2,Home Depot,2023-04-21,2027-04-21,AssureX Extended Guard,Extended,2026-10-01,2026-10-05,Manufacturing Defect,Device shut down unexpectedly and fails to power back on under normal conditions.,Component Failure,41,202,1,False,True,True,True,True,False,1,False,False,False,False,Manual Review Required
CLM-02193,PRD-54086,ABS Wheel Speed Sensor,Automotive,K&N,K&N-AUT-383,SNK&142399,SNK&142399,SNK&142399,2024-07-23,91.32,NAPA Auto Parts,2024-07-23,2025-07-23,K&N Care Protection,Standard,2024-10-05,2024-10-08,Seal or Gasket Failure,Unspecified system degradation observed during normal operating routine.,Manufacturing,2,291,0,True,True,True,True,True,False,0,False,False,False,False,Likely Valid
CLM-01552,PRD-53634,Electric Range Oven,Appliances,Bosch,BOS-APP-465,SNBO886154,SNBO886154,SNBO886154,2025-02-21,1065.18,Direct Factory Outlet,2025-02-21,2028-02-21,Bosch Care Protection,Standard,2027-08-02,2027-08-16,Motor Failure,Drive motor hums loudly but will not spin drum under normal load.,Manufacturing,29,203,0,True,False,True,True,True,False,1,False,False,False,False,Likely Invalid
CLM-02110,PRD-27793,Heavy-Duty Starter Motor,Automotive,Brembo,BRE-AUT-282,SNBR544098,SNBR544098,SNBR544098,2024-03-05,292.71,AutoZone,2024-03-05,2026-03-05,AssureX Extended Guard,Extended,2024-10-29,2024-11-06,Seal or Gasket Failure,Unspecified system degradation observed during normal operating routine.,Manufacturing,7,492,0,True,True,True,True,True,False,0,False,False,False,False,Likely Valid
CLM-01292,PRD-40312,Tablet 11-inch Display,Electronics,Asus,ASU-ELE-682,SNAS590199,SNAS590199,SNAS590199,2023-06-24,733.49,B&H Photo,2023-06-24,2025-06-23,Asus Care Protection,Standard,2024-04-28,2024-04-29,Manufacturing Defect,Device shut down unexpectedly and fails to power back on under normal conditions.,Manufacturing,10,421,1,True,True,True,True,True,True,0,False,False,False,False,Likely Valid
CLM-00901,PRD-84869,Electronic Fuel Injector Kit,Automotive,Brembo,BRE-AUT-874,SNBR564619,SNBR564619,SNBR564619,2024-12-01,414.11,AutoZone,2024-12-01,2025-12-01,Brembo Care Protection,Standard,2025-08-08,2025-08-14,Premature Wear,Bushing cracked prematurely during regular non-commercial transit.,Manufacturing,8,115,0,True,True,True,True,True,False,0,False,False,False,False,Likely Valid
CLM-01634,PRD-16301,Electronic Fuel Injector Kit,Automotive,K&N,K&N-AUT-748,SNK&834543,SNK&834543,SNK&834543,2024-05-31,380.15,Advance Auto Parts,2024-05-31,2025-05-31,K&N Care Protection,Standard,2024-11-30,2024-12-10,Seal or Gasket Failure,Unspecified system degradation observed during normal operating routine.,Unauthorized Modification,6,182,2,False,True,True,True,True,False,1,False,False,True,False,Likely Invalid
CLM-00855,PRD-63754,Ceramic Brake Pad Set,Automotive,Denso,DEN-AUT-987,SNDE820147,SNDE820147,SNDE820147,2024-12-25,146.35,NAPA Auto Parts,2024-12-25,2025-12-25,Denso Care Protection,Standard,2025-12-26,2025-12-31,Manufacturing Defect,Device shut down unexpectedly and fails to power back on under normal conditions.,Manufacturing,12,-1,0,True,True,True,True,True,False,0,False,False,False,False,Manual Review Required
CLM-01818,PRD-29503,Smart Dishwasher 24-inch,Appliances,LG,LG-APP-452,SNLG828614,SNLG828614,SNLG828614,2023-02-27,772.95,Home Depot,2023-02-27,2026-02-26,LG Care Protection,Standard,2023-11-16,2023-11-24,Compressor Failure,Compressor clicking repeatedly and unable to compress refrigerant.,Component Failure,8,833,1,False,True,True,True,True,False,1,False,False,False,False,Manual Review Required
CLM-00225,PRD-54922,Mirrorless Camera Body,Electronics,Lenovo,LEN-ELE-868,SNLE124844,SNLE124844,SNLE124844,2024-01-12,1365.33,B&H Photo,2024-01-12,2026-01-11,Lenovo Care Protection,Standard,2024-04-06,2024-04-10,Electrical Failure,Capacitor blown on the primary controller board without power surge.,Manufacturing,2,645,3,True,True,True,True,True,True,0,False,False,False,False,Manual Review Required
CLM-02208,PRD-89268,Gaming Desktop Rig,Electronics,Asus,ASU-ELE-367,SNAS794575,SNAS794575,SNAS794575,2023-11-09,1715.6,B&H Photo,2023-11-09,2025-11-08,Asus Care Protection,Standard,2026-03-16,2026-03-30,Component Failure,Cooling fan bearing seized up leading to emergency thermal shutdown.,Manufacturing,28,-128,0,True,True,True,True,True,False,0,False,False,False,False,Likely Invalid
CLM-02391,PRD-95812,ProBook Laptop 15-inch,Electronics,LG,LG-ELE-976,SNLG438835,SNLG438835,SNLG438835,2023-03-17,769.93,Target,2023-03-17,2025-03-16,LG Care Protection,Standard,2024-04-24,2024-04-26,Manufacturing Defect,Device shut down unexpectedly and fails to power back on under normal conditions.,Manufacturing,13,326,3,True,True,True,True,True,True,0,False,False,False,False,Manual Review Required
CLM-00064,PRD-20085,French Door Refrigerator,Appliances,Samsung,SAM-APP-182,SNSA509660,SNSA509660,SNSA509660,2023-06-19,1934.69,Sears Appliance Outlet,2023-06-19,2026-06-18,Samsung Care Protection,Standard,2024-09-07,2024-09-09,Control Board Failure,Unspecified system degradation observed during normal operating routine.,Manufacturing,14,649,0,True,True,True,True,True,False,0,False,False,False,False,Likely Valid
CLM-00232,PRD-76795,Active Noise Cancelling Headphones,Electronics,Apple,APP-ELE-881,SNAP557491,SNAP557491,SNAP557491,2025-01-29,345.19,B&H Photo,2025-01-29,2027-01-29,Apple Care Protection,Standard,2026-05-09,2026-05-10,Component Failure,Sensor module stopped transmitting readings to the main board.,Manufacturing,15,265,0,True,True,True,True,True,False,0,False,False,False,False,Likely Valid
CLM-01647,PRD-23338,Mirrorless Camera Body,Electronics,Dell,DEL-ELE-554,SNDE101972,SNDE101972,SNDE101972,2024-01-26,1406.84,Target,2024-01-26,2027-01-25,AssureX Extended Guard,Extended,2026-08-23,2026-08-25,Software Malfunction,Main OS freezes on start screen; hardware diagnostic passes.,Manufacturing,30,155,3,True,True,True,True,True,True,0,False,False,False,False,Manual Review Required
CLM-00902,PRD-93038,Mirrorless Camera Body,Electronics,HP,HP-ELE-918,SNHP524082,SNHP524082,SNHP524082,2023-10-14,1740.51,Amazon Electronics,2023-10-14,2026-10-13,AssureX Extended Guard,Extended,2025-03-05,2025-03-17,Software Malfunction,Main OS freezes on start screen; hardware diagnostic passes.,Manufacturing,16,587,1,True,True,False,True,True,True,1,False,False,False,False,Likely Valid
CLM-01658,PRD-53666,Smart Watch Series 7,Electronics,Samsung,SAM-ELE-908,SNSA773092,SNSA773092,SNSA773092,2024-04-20,426.38,Amazon Electronics,2024-04-20,2027-04-20,AssureX Extended Guard,Extended,2024-03-20,2024-05-03,Software Malfunction,Main OS freezes on start screen; hardware diagnostic passes.,Manufacturing,0,1126,0,True,True,True,True,True,False,0,False,True,False,False,Manual Review Required
CLM-00165,PRD-84743,High Output Alternator,Automotive,Bosch Auto,BOS-AUT-733,SNBO668154,SNBO668154,SNBO668154,2025-03-21,367.45,AutoZone,2025-03-21,2026-03-21,Bosch Auto Care Protection,Standard,2026-01-02,2026-01-03,Manufacturing Defect,Factory assembly defect leading to unprovoked system failure.,Component Failure,9,78,1,False,True,True,True,True,False,1,False,False,False,False,Manual Review Required
CLM-01391,PRD-60672,Smart Watch Series 7,Electronics,Lenovo,LEN-ELE-667,SNLE846144,SNLE846144,SNLE846144,2024-03-03,342.2,Amazon Electronics,2024-03-03,2026-03-03,Lenovo Care Protection,Standard,2026-03-05,2026-03-06,Software Malfunction,Main OS freezes on start screen; hardware diagnostic passes.,Manufacturing,24,-2,0,True,True,True,True,True,False,0,False,False,False,False,Manual Review Required
CLM-00080,PRD-88480,Active Noise Cancelling Headphones,Electronics,Samsung,SAM-ELE-884,SNSA758537,SNSA758537,SNSA758537,2023-09-17,258.52,BestBuy,2023-09-17,2025-09-16,Samsung Care Protection,Standard,2023-08-26,2023-09-30,Software Malfunction,System firmware entered boot loop following manufacturer OTA update.,Manufacturing,0,752,0,True,True,True,True,True,False,0,False,True,False,False,Manual Review Required
CLM-01555,PRD-42989,Tablet 11-inch Display,Electronics,LG,LG-ELE-364,SNLG202412,SNLG202412,SNLG202412,2024-05-09,766.95,Direct Manufacturer Store,2024-05-09,2026-05-09,LG Care Protection,Standard,2024-10-13,2024-10-19,Component Failure,Sensor module stopped transmitting readings to the main board.,Manufacturing,5,573,0,True,True,True,True,True,False,0,False,False,False,False,Likely Valid
CLM-02371,PRD-80111,Active Noise Cancelling Headphones,Electronics,HP,HP-ELE-519,SNHP136005,SNHP136005,SNHP136005,2023-03-06,317.01,Target,2023-03-06,2026-03-05,AssureX Extended Guard,Extended,2023-04-06,2023-04-17,Water Damage,Submerged in water during heavy basement storm leak.,Water Damage,1,1064,0,True,True,True,True,True,False,0,False,False,True,False,Likely Invalid
CLM-01251,PRD-76537,Heavy-Duty Clothes Dryer,Appliances,Whirlpool,WHI-APP-971,SNWH120175,SNWH120175,SNWH120175,2024-06-10,826.45,Direct Factory Outlet,2024-06-10,2027-06-10,Whirlpool Care Protection,Standard,2026-01-25,2026-01-27,Manufacturing Defect,Factory assembly defect leading to unprovoked system failure.,Unauthorized Modification,19,501,3,False,True,True,True,True,False,1,False,False,True,True,Likely Invalid
CLM-02423,PRD-84448,Mirrorless Camera Body,Electronics,Asus,ASU-ELE-395,SNAS369647,SNAS369647,SNAS369647,2023-06-16,1505.4,Amazon Electronics,2023-06-16,2025-06-15,Asus Care Protection,Standard,2024-05-31,2024-06-02,Component Failure,Sensor module stopped transmitting readings to the main board.,Manufacturing,11,380,0,True,True,True,True,True,False,0,False,False,False,False,Likely Valid
CLM-00561,PRD-96925,Galaxy Ultra Smartphone,Electronics,Lenovo,LEN-ELE-303,SNLE197898,SNLE197898,SNLE197898,2024-09-20,885.33,Direct Manufacturer Store,2024-09-20,2026-09-20,Lenovo Care Protection,Standard,2025-03-22,2025-04-03,Software Malfunction,System firmware entered boot loop following manufacturer OTA update.,Manufacturing,6,547,1,True,True,True,True,True,True,0,False,False,False,False,Likely Valid
CLM-02452,PRD-40711,Gaming Desktop Rig,Electronics,Lenovo,LEN-ELE-430,SNLE400403,SNLE400403,SNLE400403,2023-10-05,2057.93,B&H Photo,2023-10-05,2025-10-04,Lenovo Care Protection,Standard,2024-04-11,2024-04-22,Manufacturing Defect,Factory assembly defect leading to unprovoked system failure.,Manufacturing,6,541,1,True,True,True,True,True,True,0,False,False,False,False,Likely Valid
CLM-01039,PRD-60499,OLED 4K Smart TV,Electronics,HP,HP-ELE-921,SNHP713346,SNHP713346,SNHP713346,2024-09-04,1395.33,B&H Photo,2024-09-04,2026-09-04,HP Care Protection,Standard,2025-12-21,2025-12-26,Display Defect,Vertical colored line artifacts appeared across OLED panel without impact.,Manufacturing,15,257,0,True,True,True,True,True,False,0,False,False,False,False,Likely Valid
CLM-01553,PRD-54829,Active Noise Cancelling Headphones,Electronics,LG,LG-ELE-718,SNLG762823,SNLG762823,SNLG762823,2023-06-14,255.26,B&H Photo,2023-06-14,2026-06-13,AssureX Extended Guard,Extended,2024-08-29,2024-08-31,Display Defect,Backlight flickering continuously on left half of screen.,Manufacturing,14,653,0,True,True,True,True,True,False,0,False,False,False,False,Likely Valid
CLM-01341,PRD-65144,Smart Dishwasher 24-inch,Appliances,GE Appliances,GE -APP-820,SNGE372095,SNGE372095,SNGE372095,2025-02-10,658.68,Costco,2025-02-10,2028-02-10,GE Appliances Care Protection,Standard,2026-04-30,2026-05-10,Electrical Wiring Defect,Unspecified system degradation observed during normal operating routine.,Manufacturing,14,651,0,True,False,True,True,True,False,1,False,False,False,False,Likely Invalid
CLM-00479,PRD-95966,Ceramic Brake Pad Set,Automotive,K&N,K&N-AUT-576,SNK&945392,SNK&945392,SNK&945392,2024-09-20,105.97,AutoZone,2024-09-20,2025-09-20,K&N Care Protection,Standard,2024-12-24,2024-12-30,Premature Wear,Bushing cracked prematurely during regular non-commercial transit.,Manufacturing,3,270,1,True,True,True,True,True,True,0,False,False,False,False,Likely Valid
CLM-01837,PRD-78641,Tablet 11-inch Display,Electronics,Asus,ASU-ELE-751,SNAS167217,SNAS167217,SNAS167217,2023-10-24,590.03,Direct Manufacturer Store,2023-10-24,2025-10-23,Asus Care Protection,Standard,2024-08-17,2024-08-20,Unauthorized Modification,Unspecified system degradation observed during normal operating routine.,Unauthorized Modification,9,432,0,True,True,True,True,True,False,0,False,False,True,False,Likely Invalid
CLM-01556,PRD-91495,Convection Microwave Oven,Appliances,Maytag,MAY-APP-712,SNMA519370,SNMA519370,SNMA519370,2023-03-13,338.73,Sears Appliance Outlet,2023-03-13,2027-03-13,AssureX Extended Guard,Extended,2025-04-23,2025-05-06,Electrical Wiring Defect,Unspecified system degradation observed during normal operating routine.,Manufacturing,25,689,0,True,False,True,True,True,False,1,False,False,False,False,Likely Invalid
CLM-00820,PRD-18320,Convection Microwave Oven,Appliances,GE Appliances,GE -APP-381,SNGE498928,SNGE498928,SNGE498928,2024-12-17,371.87,Direct Factory Outlet,2024-12-17,2028-12-17,AssureX Extended Guard,Extended,2027-03-14,2027-03-23,Motor Failure,"Motor winding resistance out of spec, causing tripping.",Unauthorized Modification,26,644,4,False,True,True,True,True,False,1,False,False,True,False,Likely Invalid
CLM-00098,PRD-59882,Electric Range Oven,Appliances,KitchenAid,KIT-APP-127,SNKI902364,SNKI902364,SNKI902364,2023-06-01,1327.19,Sears Appliance Outlet,2023-06-01,2027-06-01,AssureX Extended Guard,Extended,2024-12-24,2024-12-30,Thermostat Malfunction,Temperature reading fluctuating wildly causing erratic operation.,Manufacturing,18,889,0,True,True,True,True,True,False,0,False,False,False,False,Likely Valid
CLM-01324,PRD-53325,Smart Watch Series 7,Electronics,HP,HP-ELE-800,SNHP631174,SNHP631174,SNHP631174,2025-02-14,404.0,B&H Photo,2025-02-14,2028-02-14,AssureX Extended Guard,Extended,2027-01-16,2027-01-29,Software Malfunction,Main OS freezes on start screen; hardware diagnostic passes.,Manufacturing,23,394,0,True,False,True,True,True,False,1,False,False,False,False,Likely Invalid
CLM-00341,PRD-64230,Front-Load Washing Machine,Appliances,LG,LG-APP-500,SNLG205561,SNLG205561,SNLG205561,2023-04-25,889.45,Home Depot,2023-04-25,2027-04-25,AssureX Extended Guard,Extended,2025-08-31,2025-09-02,Motor Failure,"Motor winding resistance out of spec, causing tripping.",Manufacturing,28,602,1,True,True,True,True,True,True,0,False,False,False,False,Likely Valid
CLM-00275,PRD-74493,ProBook Laptop 15-inch,Electronics,HP,HP-ELE-511,SNHP471754,SNHP471754,SNHP471754,2023-11-03,725.51,Target,2023-11-03,2025-11-02,HP Care Protection,Standard,2024-11-16,2024-11-25,Electrical Failure,Internal circuit shorted during regular use with standard power supply.,Electrical,12,351,1,True,True,True,True,True,True,0,False,False,False,False,Likely Valid
CLM-00379,PRD-98396,Tablet 11-inch Display,Electronics,Asus,ASU-ELE-985,SNAS163821,SNAS163821,SNAS163821,2025-03-04,584.08,Direct Manufacturer Store,2025-03-04,2027-03-04,Asus Care Protection,Standard,2026-09-13,2026-09-16,Unauthorized Modification,Unspecified system degradation observed during normal operating routine.,Unauthorized Modification,18,172,0,True,True,True,True,True,False,0,False,False,True,False,Likely Invalid
CLM-01592,PRD-20196,Heavy-Duty Starter Motor,Automotive,Denso,DEN-AUT-698,SNDE890064,SNDE890064,SNDE890064,2023-05-03,290.23,NAPA Auto Parts,2023-05-03,2025-05-02,AssureX Extended Guard,Extended,2023-08-23,2023-08-25,Seal or Gasket Failure,Unspecified system degradation observed during normal operating routine.,Manufacturing,3,618,0,True,False,True,True,True,False,1,False,False,False,False,Likely Invalid
CLM-02327,PRD-73186,Tablet 11-inch Display,Electronics,Dell,DEL-ELE-170,SNDE841517,SNDE841517,SNDE841517,2024-08-05,810.73,Direct Manufacturer Store,2024-08-05,2026-08-05,Dell Care Protection,Standard,2025-02-15,2025-02-25,Software Malfunction,Main OS freezes on start screen; hardware diagnostic passes.,Manufacturing,6,536,0,True,False,True,True,True,False,1,False,False,False,False,Likely Invalid
CLM-01277,PRD-10352,Galaxy Ultra Smartphone,Electronics,Dell,DEL-ELE-507,SNDE149168,SNDE149168,SNDE149168,2023-03-20,1107.54,Target,2023-03-20,2025-03-19,Dell Care Protection,Standard,2023-07-12,2023-07-22,Electrical Failure,Capacitor blown on the primary controller board without power surge.,Electrical,3,616,0,True,True,True,True,True,False,0,False,False,False,False,Likely Valid
CLM-00937,PRD-19501,Convection Microwave Oven,Appliances,KitchenAid,KIT-APP-346,SNKI194465,SNKI194465,SNKI194465,2024-08-28,289.44,Costco,2024-08-28,2027-08-28,KitchenAid Care Protection,Standard,2028-01-18,2028-01-22,Manufacturing Defect,Internal solder joint loosened causing intermittent power disconnects.,Manufacturing,40,-143,0,True,True,True,True,True,False,0,False,False,False,False,Likely Invalid
CLM-00724,PRD-25917,Heavy-Duty Clothes Dryer,Appliances,GE Appliances,GE -APP-661,SNGE770063,SNGE770063,SNGE770063,2023-01-06,701.95,Lowe's,2023-01-06,2026-01-05,GE Appliances Care Protection,Standard,2026-01-12,2026-01-15,Motor Failure,Drive motor hums loudly but will not spin drum under normal load.,Manufacturing,36,-7,0,True,True,True,True,True,False,0,False,False,False,False,Manual Review Required
CLM-02379,PRD-47100,Heavy-Duty Clothes Dryer,Appliances,Maytag,MAY-APP-337,SNMA761446,SNMA761446,SNMA761446,2024-01-15,778.89,Costco,2024-01-15,2028-01-15,AssureX Extended Guard,Extended,2025-06-03,2025-06-13,Control Board Failure,Unspecified system degradation observed during normal operating routine.,Manufacturing,16,956,3,True,True,True,True,True,True,0,False,False,False,False,Manual Review Required
CLM-00187,PRD-35377,Ceramic Brake Pad Set,Automotive,Bosch Auto,BOS-AUT-112,SNBO724086,SNBO724086,SNBO724086,2023-07-15,136.24,RockAuto,2023-07-15,2024-07-14,Bosch Auto Care Protection,Standard,2024-03-16,2024-03-24,Seal or Gasket Failure,Unspecified system degradation observed during normal operating routine.,Manufacturing,8,120,0,True,False,True,True,True,False,1,False,False,False,False,Likely Invalid
CLM-01160,PRD-79624,Smart Watch Series 7,Electronics,Samsung,SAM-ELE-892,SNSA305064,SNSA305049,SNSA305064,2023-08-16,426.4,BestBuy,2023-08-16,2026-08-15,AssureX Extended Guard,Extended,2023-09-20,2023-09-27,Electrical Failure,Internal circuit shorted during regular use with standard power supply.,Manufacturing,1,1060,0,True,True,True,True,True,False,0,True,False,False,False,Manual Review Required
CLM-00940,PRD-76083,Smart Watch Series 7,Electronics,Sony,SON-ELE-362,SNSO834696,SNSO834696,SNSO834696,2024-04-30,471.61,BestBuy,2024-04-30,2026-04-30,Sony Care Protection,Standard,2025-03-26,2025-03-30,Electrical Failure,Capacitor blown on the primary controller board without power surge.,Electrical Failure,10,400,0,True,True,True,True,False,False,1,False,False,False,False,Manual Review Required
CLM-01840,PRD-39482,Electronic Fuel Injector Kit,Automotive,Bosch Auto,BOS-AUT-946,SNBO399087,SNBO399087,SNBO399087,2024-10-21,366.78,Advance Auto Parts,2024-10-21,2025-10-21,Bosch Auto Care Protection,Standard,2025-09-21,2025-09-28,Electrical Component Failure,Unspecified system degradation observed during normal operating routine.,Unauthorized Modification,11,30,4,False,True,True,True,True,False,1,False,False,True,False,Likely Invalid
CLM-00150,PRD-57270,Galaxy Ultra Smartphone,Electronics,Apple,APP-ELE-372,SNAP490527,SNAP490527,SNAP490527,2024-01-17,1134.94,Target,2024-01-17,2026-01-16,Apple Care Protection,Standard,2024-10-06,2024-10-09,Component Failure,Cooling fan bearing seized up leading to emergency thermal shutdown.,Unauthorized Modification,8,467,3,False,True,True,True,True,False,1,False,False,True,False,Likely Invalid
CLM-01085,PRD-17386,Active Noise Cancelling Headphones,Electronics,HP,HP-ELE-204,SNHP274298,SNHP274298,SNHP274298,2023-01-06,316.57,Direct Manufacturer Store,2023-01-06,2025-01-05,HP Care Protection,Standard,2023-06-15,2023-06-18,Manufacturing Defect,Device shut down unexpectedly and fails to power back on under normal conditions.,Component Failure,5,570,1,False,True,True,True,True,False,1,False,False,False,False,Manual Review Required
CLM-01588,PRD-88220,Convection Microwave Oven,Appliances,Whirlpool,WHI-APP-531,SNWH589942,SNWH589950,SNWH589942,2024-11-22,317.4,Sears Appliance Outlet,2024-11-22,2027-11-22,Whirlpool Care Protection,Standard,2026-08-24,2026-08-26,Manufacturing Defect,Internal solder joint loosened causing intermittent power disconnects.,Manufacturing,21,455,0,True,True,True,True,True,False,0,True,False,False,False,Manual Review Required
CLM-00458,PRD-58348,Front-Load Washing Machine,Appliances,GE Appliances,GE -APP-105,SNGE714663,SNGE714663,SNGE714663,2024-01-30,828.03,Home Depot,2024-01-30,2027-01-29,GE Appliances Care Protection,Standard,2026-03-25,2026-03-30,Manufacturing Defect,Internal solder joint loosened causing intermittent power disconnects.,Manufacturing,25,310,1,True,True,True,True,True,True,0,False,False,False,False,Likely Valid
CLM-00529,PRD-56575,ProBook Laptop 15-inch,Electronics,LG,LG-ELE-534,SNLG384245,SNLG384245,SNLG384245,2023-02-12,801.71,Amazon Electronics,2023-02-12,2025-02-11,LG Care Protection,Standard,2023-07-18,2023-08-01,Component Failure,Cooling fan bearing seized up leading to emergency thermal shutdown.,Unauthorized Modification,5,574,2,False,True,True,True,True,False,1,False,False,True,False,Likely Invalid
CLM-01554,PRD-23932,Mirrorless Camera Body,Electronics,Samsung,SAM-ELE-952,SNSA617504,SNSA617504,SNSA617504,2023-10-11,1735.73,Amazon Electronics,2023-10-11,2025-10-10,Samsung Care Protection,Standard,2024-08-22,2024-09-04,Manufacturing Defect,Device shut down unexpectedly and fails to power back on under normal conditions.,Manufacturing,10,414,1,True,True,True,True,True,True,0,False,False,False,False,Likely Valid
CLM-02392,PRD-19773,Electronic Fuel Injector Kit,Automotive,ACDelco,ACD-AUT-355,SNAC925592,SNAC925592,SNAC925592,2024-05-11,396.01,O'Reilly Auto,2024-05-11,2026-05-11,AssureX Extended Guard,Extended,2025-03-30,2025-04-11,Electrical Component Failure,Unspecified system degradation observed during normal operating routine.,Unauthorized Modification,10,407,3,False,True,True,True,True,False,1,False,False,True,False,Likely Invalid
CLM-01572,PRD-45909,French Door Refrigerator,Appliances,Whirlpool,WHI-APP-880,SNWH720670,SNWH720670,SNWH720670,2023-07-31,1870.83,Sears Appliance Outlet,2023-07-31,2027-07-31,AssureX Extended Guard,Extended,2024-10-09,2024-10-24,Compressor Failure,"Cooling cycle fails to start, compressor is non-responsive.",Manufacturing,14,1025,1,True,True,True,True,True,True,0,False,False,False,False,Likely Valid
CLM-00961,PRD-82847,Smart Dishwasher 24-inch,Appliances,Whirlpool,WHI-APP-350,SNWH105891,SNWH105891,SNWH105891,2024-10-05,828.66,Direct Factory Outlet,2024-10-05,2027-10-05,Whirlpool Care Protection,Standard,2025-11-21,2025-11-22,Motor Failure,Drive motor hums loudly but will not spin drum under normal load.,Manufacturing,13,683,0,True,True,True,True,True,False,0,False,False,False,False,Likely Valid
CLM-00099,PRD-25003,Performance Shock Absorbers,Automotive,Brembo,BRE-AUT-186,SNBR821411,SNBR821411,SNBR821411,2024-06-08,332.96,O'Reilly Auto,2024-06-08,2025-06-08,Brembo Care Protection,Standard,2025-11-12,2025-11-24,Manufacturing Defect,Internal solder joint loosened causing intermittent power disconnects.,Manufacturing,17,-157,0,True,True,True,True,True,False,0,False,False,False,False,Likely Invalid
CLM-02384,PRD-71654,Heavy-Duty Starter Motor,Automotive,K&N,K&N-AUT-117,SNK&779126,SNK&779126,SNK&779126,2025-05-04,243.1,RockAuto,2025-05-04,2026-05-04,K&N Care Protection,Standard,2025-10-27,2025-11-01,Premature Wear,"Brake pad friction compound deteriorated within 2,000 miles of highway driving.",Unauthorized Modification,5,189,2,False,True,True,True,True,False,1,False,False,True,False,Likely Invalid
CLM-02429,PRD-40151,Electronic Fuel Injector Kit,Automotive,ACDelco,ACD-AUT-374,SNAC264345,SNAC264345,SNAC264345,2023-12-09,459.45,RockAuto,2023-12-09,2024-12-08,ACDelco Care Protection,Standard,2024-07-09,2024-07-13,Cosmetic Wear,Unspecified system degradation observed during normal operating routine.,Cosmetic Wear,6,152,0,True,True,True,True,True,False,0,False,False,True,False,Likely Invalid
CLM-01986,PRD-24287,Electric Range Oven,Appliances,Bosch,BOS-APP-377,SNBO370682,SNBO370682,SNBO370682,2024-03-06,1326.21,Lowe's,2024-03-06,2027-03-06,Bosch Care Protection,Standard,2025-05-31,2025-06-14,Manufacturing Defect,Factory assembly defect leading to unprovoked system failure.,Manufacturing,14,644,1,True,True,True,True,True,True,0,False,False,False,False,Likely Valid
CLM-00762,PRD-91899,Front-Load Washing Machine,Appliances,Maytag,MAY-APP-815,SNMA767155,SNMA767155,SNMA767155,2024-11-18,752.89,Lowe's,2024-11-18,2027-11-18,Maytag Care Protection,Standard,2026-07-07,2026-07-19,Control Board Failure,Unspecified system degradation observed during normal operating routine.,Manufacturing,19,499,0,True,True,True,True,True,False,0,False,False,False,False,Likely Valid
CLM-00861,PRD-27083,Performance Shock Absorbers,Automotive,Brembo,BRE-AUT-434,SNBR665852,SNBR665852,SNBR665852,2023-11-26,378.74,O'Reilly Auto,2023-11-26,2024-11-25,Brembo Care Protection,Standard,2024-02-02,2024-02-14,Premature Wear,"Brake pad friction compound deteriorated within 2,000 miles of highway driving.",Manufacturing,2,297,0,True,False,True,True,True,False,1,False,False,False,False,Likely Invalid
CLM-02155,PRD-46713,OLED 4K Smart TV,Electronics,Asus,ASU-ELE-314,SNAS797030,SNAS797030,SNAS797030,2023-10-19,1081.61,BestBuy,2023-10-19,2025-10-18,Asus Care Protection,Standard,2025-01-10,2025-01-18,Software Malfunction,Main OS freezes on start screen; hardware diagnostic passes.,Manufacturing,14,281,0,True,True,True,True,True,False,0,False,False,False,False,Likely Valid
CLM-01530,PRD-23179,Ceramic Brake Pad Set,Automotive,Brembo,BRE-AUT-349,SNBR356447,SNBR356447,SNBR356447,2025-04-27,115.48,AutoZone,2025-04-27,2026-04-27,Brembo Care Protection,Standard,2025-08-11,2025-08-12,Accidental Damage,Dropped on concrete driveway resulting in shattered enclosure and severed cable.,Accidental Damage,3,259,0,True,True,True,True,True,False,0,False,False,True,False,Likely Invalid
CLM-00168,PRD-33784,Heavy-Duty Clothes Dryer,Appliances,Samsung,SAM-APP-273,SNSA161775,SNSA161775,SNSA161775,2023-02-12,876.63,Sears Appliance Outlet,2023-02-12,2026-02-11,Samsung Care Protection,Standard,2024-05-26,2024-06-02,Manufacturing Defect,Internal solder joint loosened causing intermittent power disconnects.,Manufacturing,15,626,1,True,True,True,True,True,True,0,False,False,False,False,Likely Valid
CLM-02170,PRD-16161,Ceramic Brake Pad Set,Automotive,K&N,K&N-AUT-336,SNK&353952,SNK&353952,SNK&353952,2024-03-19,109.54,NAPA Auto Parts,2024-03-19,2025-03-19,K&N Care Protection,Standard,2024-07-08,2024-07-21,Manufacturing Defect,Internal solder joint loosened causing intermittent power disconnects.,Manufacturing,3,254,0,True,True,True,True,True,False,0,False,False,False,False,Likely Valid
CLM-01505,PRD-50055,Smart Dishwasher 24-inch,Appliances,KitchenAid,KIT-APP-987,SNKI661587,SNKI661587,SNKI661587,2024-05-10,647.0,Home Depot,2024-05-10,2027-05-10,KitchenAid Care Protection,Standard,2024-05-05,2024-05-20,Electrical Wiring Defect,Unspecified system degradation observed during normal operating routine.,Manufacturing,0,1100,0,True,True,True,True,True,False,0,False,True,False,False,Manual Review Required
CLM-00327,PRD-20198,OLED 4K Smart TV,Electronics,Lenovo,LEN-ELE-674,SNLE921110,SNLE921110,SNLE921110,2023-08-13,1449.01,Amazon Electronics,2023-08-13,2025-08-12,Lenovo Care Protection,Standard,2024-08-01,2024-08-02,Electrical Failure,No current flowing to main motor despite active input power.,Electrical Failure,11,376,0,True,True,True,True,False,False,1,False,False,False,False,Manual Review Required
CLM-00596,PRD-42244,ABS Wheel Speed Sensor,Automotive,Brembo,BRE-AUT-508,SNBR239580,SNBR239580,SNBR239580,2023-12-04,108.24,Advance Auto Parts,2023-12-04,2024-12-03,Brembo Care Protection,Standard,2024-04-11,2024-04-21,Material Failure,Unspecified system degradation observed during normal operating routine.,Manufacturing,4,236,3,True,True,True,True,True,True,0,False,False,False,False,Manual Review Required
CLM-00824,PRD-99591,Performance Shock Absorbers,Automotive,Brembo,BRE-AUT-401,SNBR294708,SNBR294708,SNBR294708,2025-04-07,420.02,Advance Auto Parts,2025-04-07,2026-04-07,Brembo Care Protection,Standard,2025-12-19,2025-12-26,Premature Wear,"Brake pad friction compound deteriorated within 2,000 miles of highway driving.",Manufacturing,8,109,0,True,True,True,True,True,False,0,False,False,False,False,Likely Valid
CLM-01174,PRD-24746,Mirrorless Camera Body,Electronics,Sony,SON-ELE-900,SNSO264144,SNSO264144,SNSO264144,2025-04-16,1396.1,Amazon Electronics,2025-04-16,2027-04-16,Sony Care Protection,Standard,2026-05-25,2026-05-28,Software Malfunction,System firmware entered boot loop following manufacturer OTA update.,Manufacturing,13,326,0,True,True,True,True,True,False,0,False,False,False,False,Likely Valid
CLM-01314,PRD-96816,French Door Refrigerator,Appliances,Whirlpool,WHI-APP-350,SNWH840911,SNWH840911,SNWH840911,2024-07-08,1619.1,Direct Factory Outlet,2024-07-08,2028-07-08,AssureX Extended Guard,Extended,2027-05-07,2027-05-12,Thermostat Malfunction,"Thermostat stuck open, temperature never reaches target threshold.",Manufacturing,33,428,0,True,True,True,True,True,False,0,False,False,False,False,Likely Valid
CLM-00621,PRD-66735,Mirrorless Camera Body,Electronics,LG,LG-ELE-333,SNLG299172,SNLG299172,SNLG299172,2024-11-06,1514.69,Target,2024-11-06,2026-11-06,LG Care Protection,Standard,2025-02-05,2025-02-11,Manufacturing Defect,Internal solder joint loosened causing intermittent power disconnects.,Unauthorized Modification,2,639,2,False,True,True,True,True,False,1,False,False,True,False,Likely Invalid
CLM-00049,PRD-92207,Electric Range Oven,Appliances,Whirlpool,WHI-APP-284,SNWH852037,SNWH852037,SNWH852037,2024-04-12,1154.95,Home Depot,2024-04-12,2027-04-12,Whirlpool Care Protection,Standard,2024-05-21,2024-05-30,Motor Failure,Drive motor hums loudly but will not spin drum under normal load.,Unauthorized Modification,1,1056,2,False,True,True,True,True,False,1,False,False,True,False,Likely Invalid
CLM-02345,PRD-39040,OLED 4K Smart TV,Electronics,Lenovo,LEN-ELE-789,SNLE360246,SNLE360246,SNLE360246,2024-04-08,1070.81,BestBuy,2024-04-08,2026-04-08,Lenovo Care Protection,Standard,2025-08-12,2025-08-20,Display Defect,Backlight flickering continuously on left half of screen.,Manufacturing,16,239,0,True,True,True,True,True,False,0,False,False,False,False,Likely Valid
CLM-01120,PRD-17418,Ceramic Brake Pad Set,Automotive,Denso,DEN-AUT-374,SNDE894780,SNDE894780,SNDE894780,2025-02-07,115.42,AutoZone,2025-02-07,2026-02-07,Denso Care Protection,Standard,2026-02-12,2026-02-14,Premature Wear,Bushing cracked prematurely during regular non-commercial transit.,Manufacturing,12,-5,0,True,True,True,True,True,False,0,False,False,False,False,Manual Review Required
CLM-00036,PRD-43729,Convection Microwave Oven,Appliances,KitchenAid,KIT-APP-383,SNKI906731,SNKI906731,SNKI906731,2023-09-09,326.65,Sears Appliance Outlet,2023-09-09,2026-09-08,KitchenAid Care Protection,Standard,2024-02-13,2024-02-20,Thermostat Malfunction,"Thermostat stuck open, temperature never reaches target threshold.",Manufacturing,5,938,0,True,False,True,True,True,False,1,False,False,False,False,Likely Invalid
CLM-01280,PRD-89702,Electric Range Oven,Appliances,GE Appliances,GE -APP-112,SNGE258913,SNGE258913,SNGE258913,2024-06-08,1107.37,Lowe's,2024-06-08,2027-06-08,GE Appliances Care Protection,Standard,2025-12-15,2025-12-20,Control Board Failure,Unspecified system degradation observed during normal operating routine.,Manufacturing,18,540,0,True,True,True,True,True,False,0,False,False,False,False,Likely Valid
CLM-01977,PRD-96235,Electric Range Oven,Appliances,Bosch,BOS-APP-380,SNBO181971,SNBO181971,SNBO181971,2023-01-25,1069.22,Direct Factory Outlet,2023-01-25,2026-01-24,Bosch Care Protection,Standard,2025-09-11,2025-09-25,Control Board Failure,Unspecified system degradation observed during normal operating routine.,Manufacturing,31,135,0,True,False,True,True,True,False,1,False,False,False,False,Likely Invalid
CLM-01125,PRD-61239,French Door Refrigerator,Appliances,Bosch,BOS-APP-132,SNBO723438,SNBO723438,SNBO723438,2024-10-05,1574.54,Lowe's,2024-10-05,2027-10-05,Bosch Care Protection,Standard,2025-05-28,2025-06-07,Compressor Failure,Compressor clicking repeatedly and unable to compress refrigerant.,Manufacturing,7,860,0,True,True,True,True,True,False,0,False,False,False,False,Likely Valid
CLM-00466,PRD-14814,Smart Watch Series 7,Electronics,HP,HP-ELE-949,SNHP761679,SNHP761679,SNHP761679,2024-08-22,448.8,Amazon Electronics,2024-08-22,2026-08-22,HP Care Protection,Standard,2026-04-26,2026-04-30,Component Failure,Cooling fan bearing seized up leading to emergency thermal shutdown.,Manufacturing,20,118,3,True,True,True,True,True,True,0,False,False,False,False,Manual Review Required
CLM-02250,PRD-83849,Gaming Desktop Rig,Electronics,Dell,DEL-ELE-373,SNDE404193,SNDE404193,SNDE404193,2024-10-11,1758.23,Amazon Electronics,2024-10-11,2026-10-11,Dell Care Protection,Standard,2024-09-29,2024-10-21,Manufacturing Defect,Factory assembly defect leading to unprovoked system failure.,Manufacturing,0,742,0,True,True,True,True,True,False,0,False,True,False,False,Manual Review Required
CLM-02233,PRD-85388,Active Noise Cancelling Headphones,Electronics,Lenovo,LEN-ELE-772,SNLE313210,SNLE313210,SNLE313210,2024-07-06,328.48,Direct Manufacturer Store,2024-07-06,2027-07-06,AssureX Extended Guard,Extended,2025-08-30,2025-09-01,Component Failure,Cooling fan bearing seized up leading to emergency thermal shutdown.,Manufacturing,13,675,0,True,True,True,True,True,False,0,False,False,False,False,Likely Valid
CLM-02373,PRD-39332,Smart Watch Series 7,Electronics,Dell,DEL-ELE-328,SNDE409579,SNDE409579,SNDE409579,2024-08-06,462.74,Direct Manufacturer Store,2024-08-06,2026-08-06,Dell Care Protection,Standard,2026-01-12,2026-01-13,Component Failure,Sensor module stopped transmitting readings to the main board.,Unauthorized Modification,17,206,4,False,True,True,True,True,False,1,False,False,True,False,Likely Invalid
CLM-02158,PRD-74110,Convection Microwave Oven,Appliances,LG,LG-APP-873,SNLG826085,SNLG826085,SNLG826085,2024-08-09,331.42,Home Depot,2024-08-09,2027-08-09,LG Care Protection,Standard,2026-07-09,2026-07-22,Electrical Wiring Defect,Unspecified system degradation observed during normal operating routine.,Electrical,22,396,1,True,True,True,True,True,True,0,False,False,False,False,Likely Valid
CLM-02186,PRD-13192,High Output Alternator,Automotive,Bosch Auto,BOS-AUT-224,SNBO123214,SNBO123214,SNBO123214,2024-12-27,409.49,O'Reilly Auto,2024-12-27,2025-12-27,Bosch Auto Care Protection,Standard,2025-05-22,2025-05-27,Material Failure,Unspecified system degradation observed during normal operating routine.,Manufacturing,4,219,1,True,True,True,True,True,True,0,False,False,False,False,Likely Valid
CLM-00613,PRD-74920,Smart Dishwasher 24-inch,Appliances,Samsung,SAM-APP-740,SNSA655046,SNSA655046,SNSA655046,2023-10-17,695.29,Lowe's,2023-10-17,2027-10-17,AssureX Extended Guard,Extended,2027-08-31,2027-09-10,Manufacturing Defect,Internal solder joint loosened causing intermittent power disconnects.,Manufacturing,46,47,0,True,False,True,True,True,False,1,False,False,False,False,Likely Invalid
CLM-01800,PRD-68369,Electric Range Oven,Appliances,LG,LG-APP-802,SNLG556552,SNLG556552,SNLG556552,2025-04-23,1302.32,Costco,2025-04-23,2028-04-22,LG Care Protection,Standard,2026-11-19,2026-11-20,Motor Failure,"Motor winding resistance out of spec, causing tripping.",Manufacturing,18,520,1,True,True,False,True,True,True,1,False,False,False,False,Likely Valid
CLM-00975,PRD-25641,ProBook Laptop 15-inch,Electronics,Sony,SON-ELE-696,SNSO885461,SNSO885461,SNSO885461,2023-02-15,1047.47,Amazon Electronics,2023-02-15,2025-02-14,Sony Care Protection,Standard,2024-09-21,2024-10-05,Physical Impact,Unspecified system degradation observed during normal operating routine.,Physical Impact,19,146,0,True,True,True,True,True,False,0,False,False,True,False,Likely Invalid
CLM-01421,PRD-60922,Electric Range Oven,Appliances,Maytag,MAY-APP-539,SNMA115490,SNMA115490,SNMA115490,2024-05-30,1101.0,Home Depot,2024-05-30,2028-05-30,AssureX Extended Guard,Extended,2025-11-03,2025-11-07,Thermostat Malfunction,"Thermostat stuck open, temperature never reaches target threshold.",Unauthorized Modification,17,939,3,False,True,True,True,True,False,1,False,False,True,False,Likely Invalid
CLM-00536,PRD-63432,Smart Dishwasher 24-inch,Appliances,Whirlpool,WHI-APP-129,SNWH593357,SNWH593357,SNWH593357,2023-03-14,647.77,Lowe's,2023-03-14,2027-03-14,AssureX Extended Guard,Extended,2026-03-23,2026-03-26,Motor Failure,Drive motor hums loudly but will not spin drum under normal load.,Manufacturing,36,356,3,True,True,True,True,True,True,0,False,False,False,True,Manual Review Required
CLM-01756,PRD-90592,High Output Alternator,Automotive,Denso,DEN-AUT-723,SNDE211718,SNDE211718,SNDE211718,2024-03-24,385.29,NAPA Auto Parts,2024-03-24,2025-03-24,Denso Care Protection,Standard,2024-07-03,2024-07-17,Electrical Component Failure,Unspecified system degradation observed during normal operating routine.,Electrical,3,264,0,True,True,True,True,True,False,0,False,False,False,False,Likely Valid
CLM-01004,PRD-42065,Electronic Fuel Injector Kit,Automotive,Bosch Auto,BOS-AUT-348,SNBO973585,SNBO973585,SNBO973585,2023-04-14,507.71,NAPA Auto Parts,2023-04-14,2024-04-13,Bosch Auto Care Protection,Standard,2024-07-11,2024-07-25,Electrical Component Failure,Unspecified system degradation observed during normal operating routine.,Manufacturing,14,-89,0,True,True,True,True,True,False,0,False,False,False,False,Likely Invalid
CLM-01959,PRD-69227,Smart Dishwasher 24-inch,Appliances,KitchenAid,KIT-APP-498,SNKI133757,SNKI133757,SNKI133757,2023-04-09,884.26,Direct Factory Outlet,2023-04-09,2026-04-08,KitchenAid Care Protection,Standard,2025-03-06,2025-03-15,Manufacturing Defect,Internal solder joint loosened causing intermittent power disconnects.,Manufacturing,22,398,0,True,True,True,True,True,False,0,False,False,False,False,Likely Valid
CLM-01101,PRD-80303,OLED 4K Smart TV,Electronics,Dell,DEL-ELE-314,SNDE653819,SNDE653819,SNDE653819,2023-06-27,1261.33,Target,2023-06-27,2025-06-26,Dell Care Protection,Standard,2025-04-11,2025-04-19,Unauthorized Modification,Unspecified system degradation observed during normal operating routine.,Unauthorized Modification,21,76,0,True,True,True,True,True,False,0,False,False,True,False,Likely Invalid
CLM-00462,PRD-89761,Mirrorless Camera Body,Electronics,Apple,APP-ELE-185,SNAP280968,SNAP280968,SNAP280968,2023-11-05,1489.67,B&H Photo,2023-11-05,2026-11-04,AssureX Extended Guard,Extended,2023-12-11,2023-12-16,Physical Impact,Unspecified system degradation observed during normal operating routine.,Physical Impact,1,1059,0,True,True,True,True,True,False,0,False,False,True,False,Likely Invalid
CLM-00553,PRD-97422,Mirrorless Camera Body,Electronics,LG,LG-ELE-357,SNLG771366,SNLG771366,SNLG771366,2024-01-26,1527.04,Target,2024-01-26,2026-01-25,LG Care Protection,Standard,2024-06-25,2024-06-26,Manufacturing Defect,Device shut down unexpectedly and fails to power back on under normal conditions.,Manufacturing,4,579,1,True,True,True,True,True,True,0,False,False,False,False,Likely Valid
CLM-01355,PRD-57979,ABS Wheel Speed Sensor,Automotive,Monroe,MON-AUT-313,SNMO224806,SNMO224806,SNMO224806,2024-12-04,94.24,NAPA Auto Parts,2024-12-04,2025-12-04,Monroe Care Protection,Standard,2025-06-29,2025-07-14,Premature Wear,"Brake pad friction compound deteriorated within 2,000 miles of highway driving.",Manufacturing,6,158,0,True,True,True,True,True,False,0,False,False,False,False,Likely Valid
CLM-02003,PRD-33722,ProBook Laptop 15-inch,Electronics,Apple,APP-ELE-975,SNAP676322,SNAP676322,SNAP676322,2025-04-16,1012.35,BestBuy,2025-04-16,2027-04-16,Apple Care Protection,Standard,2027-04-21,2027-04-23,Display Defect,Backlight flickering continuously on left half of screen.,Manufacturing,24,-5,0,True,True,True,True,True,False,0,False,False,False,False,Manual Review Required
CLM-00545,PRD-36041,ProBook Laptop 15-inch,Electronics,Dell,DEL-ELE-960,SNDE813633,SNDE813633,SNDE813633,2024-07-03,797.93,BestBuy,2024-07-03,2026-07-03,Dell Care Protection,Standard,2025-08-04,2025-08-18,Display Defect,Vertical colored line artifacts appeared across OLED panel without impact.,Manufacturing,13,333,0,True,True,True,True,True,False,0,False,False,False,False,Likely Valid
CLM-02057,PRD-82834,OLED 4K Smart TV,Electronics,Sony,SON-ELE-447,SNSO396660,SNSO396660,SNSO396660,2024-01-09,1480.98,B&H Photo,2024-01-09,2026-01-08,Sony Care Protection,Standard,2025-02-06,2025-02-16,Software Malfunction,Main OS freezes on start screen; hardware diagnostic passes.,Manufacturing,12,336,0,True,False,True,True,True,False,1,False,False,False,False,Likely Invalid
CLM-00109,PRD-43004,French Door Refrigerator,Appliances,GE Appliances,GE -APP-634,SNGE796482,SNGE796482,SNGE796482,2025-02-10,1890.55,Direct Factory Outlet,2025-02-10,2028-02-10,GE Appliances Care Protection,Standard,2025-11-17,2025-11-30,Damage from Improper Installation,Unspecified system degradation observed during normal operating routine.,Damage from Improper Installation,9,815,0,True,True,True,True,True,False,0,False,False,True,False,Likely Invalid
CLM-02188,PRD-36383,Heavy-Duty Clothes Dryer,Appliances,LG,LG-APP-913,SNLG209212,SNLG209212,SNLG209212,2023-07-13,906.13,Sears Appliance Outlet,2023-07-13,2027-07-13,AssureX Extended Guard,Extended,2026-04-19,2026-04-20,Motor Failure,Drive motor hums loudly but will not spin drum under normal load.,Manufacturing,33,450,0,True,True,True,True,True,False,0,False,False,False,False,Likely Valid
CLM-01652,PRD-87902,Active Noise Cancelling Headphones,Electronics,Asus,ASU-ELE-476,SNAS806537,SNAS806537,SNAS806537,2024-09-25,327.11,Direct Manufacturer Store,2024-09-25,2026-09-25,Asus Care Protection,Standard,2024-12-23,2024-12-31,Electrical Failure,Capacitor blown on the primary controller board without power surge.,Unauthorized Modification,2,641,2,False,True,True,True,True,False,1,False,False,True,False,Likely Invalid
CLM-01623,PRD-92154,Electric Range Oven,Appliances,Maytag,MAY-APP-361,SNMA635332,SNMA635332,SNMA635332,2025-04-01,1269.02,Costco,2025-04-01,2029-04-01,AssureX Extended Guard,Extended,2028-03-09,2028-03-22,Compressor Failure,Compressor clicking repeatedly and unable to compress refrigerant.,Manufacturing,35,388,0,True,True,True,True,True,False,0,False,False,False,False,Likely Valid
CLM-02021,PRD-55960,Convection Microwave Oven,Appliances,Bosch,BOS-APP-505,SNBO980444,SNBO980444,SNBO980444,2024-09-03,335.08,Costco,2024-09-03,2027-09-03,Bosch Care Protection,Standard,2026-08-19,2026-08-28,Thermostat Malfunction,"Thermostat stuck open, temperature never reaches target threshold.",Electrical Failure,23,380,0,True,True,True,True,False,False,1,False,False,False,False,Manual Review Required
CLM-00103,PRD-66742,Heavy-Duty Clothes Dryer,Appliances,Whirlpool,WHI-APP-943,SNWH416509,SNWH416509,SNWH416509,2025-04-18,841.48,Sears Appliance Outlet,2025-04-18,2028-04-17,Whirlpool Care Protection,Standard,2026-04-21,2026-04-28,Thermostat Malfunction,Temperature reading fluctuating wildly causing erratic operation.,Manufacturing,12,727,1,True,True,True,True,True,True,0,False,False,False,False,Likely Valid
CLM-00001,PRD-74553,Electric Range Oven,Appliances,Bosch,BOS-APP-676,SNBO620509,SNBO620509,SNBO620509,2023-10-07,1163.67,Costco,2023-10-07,2026-10-06,Bosch Care Protection,Standard,2024-12-06,2024-12-07,Manufacturing Defect,Device shut down unexpectedly and fails to power back on under normal conditions.,Manufacturing,13,669,0,True,False,True,True,True,False,1,False,False,False,False,Likely Invalid
CLM-00981,PRD-63420,Smart Watch Series 7,Electronics,Sony,SON-ELE-708,SNSO820626,SNSO820626,SNSO820626,2023-08-18,437.73,Direct Manufacturer Store,2023-08-18,2025-08-17,Sony Care Protection,Standard,2023-12-12,2023-12-23,Display Defect,Backlight flickering continuously on left half of screen.,Manufacturing,3,614,0,True,False,True,True,True,False,1,False,False,False,False,Likely Invalid
CLM-01851,PRD-36025,Heavy-Duty Clothes Dryer,Appliances,GE Appliances,GE -APP-314,SNGE154856,SNGE154856,SNGE154856,2024-03-03,941.99,Costco,2024-03-03,2027-03-03,GE Appliances Care Protection,Standard,2024-09-23,2024-10-08,Motor Failure,"Motor winding resistance out of spec, causing tripping.",Manufacturing,6,891,1,True,True,True,True,True,True,0,False,False,False,False,Likely Valid
CLM-00810,PRD-40999,French Door Refrigerator,Appliances,Maytag,MAY-APP-541,SNMA388769,SNMA388769,SNMA388769,2024-12-02,1542.25,Home Depot,2024-12-02,2027-12-02,Maytag Care Protection,Standard,2025-07-28,2025-08-04,Thermostat Malfunction,Temperature reading fluctuating wildly causing erratic operation.,Manufacturing,7,857,0,True,False,True,True,True,False,1,False,False,False,False,Likely Invalid
CLM-02142,PRD-98403,Heavy-Duty Clothes Dryer,Appliances,Whirlpool,WHI-APP-536,SNWH814806,SNWH814806,SNWH814806,2023-05-06,865.15,Lowe's,2023-05-06,2026-05-05,Whirlpool Care Protection,Standard,2024-10-27,2024-11-01,Control Board Failure,Unspecified system degradation observed during normal operating routine.,Manufacturing,17,555,0,True,False,True,True,True,False,1,False,False,False,False,Likely Invalid
CLM-01167,PRD-12966,Active Noise Cancelling Headphones,Electronics,HP,HP-ELE-445,SNHP655859,SNHP655859,SNHP655859,2025-01-04,256.55,BestBuy,2025-01-04,2027-01-04,HP Care Protection,Standard,2026-07-23,2026-08-04,Manufacturing Defect,Device shut down unexpectedly and fails to power back on under normal conditions.,Unauthorized Modification,18,165,3,False,True,True,True,True,False,1,False,False,True,False,Likely Invalid
CLM-00884,PRD-97108,Electronic Fuel Injector Kit,Automotive,Denso,DEN-AUT-843,SNDE888693,SNDE888693,SNDE888693,2023-03-19,422.87,NAPA Auto Parts,2023-03-19,2024-03-18,Denso Care Protection,Standard,2024-09-04,2024-09-17,Premature Wear,"Brake pad friction compound deteriorated within 2,000 miles of highway driving.",Manufacturing,17,-170,0,True,True,True,True,True,False,0,False,False,False,False,Likely Invalid
CLM-01444,PRD-68342,Heavy-Duty Clothes Dryer,Appliances,Bosch,BOS-APP-538,SNBO512005,SNBO512005,SNBO512005,2023-12-09,773.71,Costco,2023-12-09,2026-12-08,Bosch Care Protection,Standard,2027-02-02,2027-02-19,Motor Failure,"Motor winding resistance out of spec, causing tripping.",Manufacturing,37,-56,0,True,True,True,True,True,False,0,False,False,False,False,Likely Invalid
CLM-02414,PRD-65790,OLED 4K Smart TV,Electronics,Dell,DEL-ELE-454,SNDE769719,SNDE769719,SNDE769719,2024-11-04,1466.46,BestBuy,2024-11-04,2027-11-04,AssureX Extended Guard,Extended,2027-11-07,2027-11-12,Software Malfunction,System firmware entered boot loop following manufacturer OTA update.,Manufacturing,36,-3,0,True,True,True,True,True,False,0,False,False,False,False,Manual Review Required
CLM-00716,PRD-36510,Active Noise Cancelling Headphones,Electronics,Apple,APP-ELE-625,SNAP733257,SNAP733257,SNAP733257,2023-10-08,293.48,B&H Photo,2023-10-08,2026-10-07,AssureX Extended Guard,Extended,2026-10-14,2026-10-15,Software Malfunction,Main OS freezes on start screen; hardware diagnostic passes.,Manufacturing,36,-7,0,True,True,True,True,True,False,0,False,False,False,False,Manual Review Required
CLM-00123,PRD-44116,Smart Dishwasher 24-inch,Appliances,KitchenAid,KIT-APP-235,SNKI686741,SNKI686741,SNKI686741,2023-09-21,649.84,Lowe's,2023-09-21,2027-09-21,AssureX Extended Guard,Extended,2025-04-09,2025-04-24,Thermostat Malfunction,"Thermostat stuck open, temperature never reaches target threshold.",Manufacturing,18,895,0,True,True,True,True,True,False,0,False,False,False,False,Likely Valid
CLM-01749,PRD-99003,Galaxy Ultra Smartphone,Electronics,Samsung,SAM-ELE-645,SNSA133099,SNSA133099,SNSA133099,2024-08-14,1127.05,Target,2024-08-14,2026-08-14,Samsung Care Protection,Standard,2025-04-14,2025-04-27,Manufacturing Defect,Factory assembly defect leading to unprovoked system failure.,Manufacturing,7,487,0,True,True,True,True,True,False,0,False,False,False,False,Likely Valid
CLM-00357,PRD-73916,ABS Wheel Speed Sensor,Automotive,Bosch Auto,BOS-AUT-321,SNBO590891,SNBO590850,SNBO590891,2023-06-12,111.85,Advance Auto Parts,2023-06-12,2024-06-11,Bosch Auto Care Protection,Standard,2024-05-09,2024-05-18,Seal or Gasket Failure,Unspecified system degradation observed during normal operating routine.,Manufacturing,10,33,0,True,True,True,True,True,False,0,True,False,False,False,Manual Review Required
CLM-01775,PRD-63826,Performance Shock Absorbers,Automotive,Bosch Auto,BOS-AUT-660,SNBO242829,SNBO242829,SNBO242829,2023-11-28,456.58,AutoZone,2023-11-28,2024-11-27,Bosch Auto Care Protection,Standard,2024-06-03,2024-06-15,Electrical Component Failure,Unspecified system degradation observed during normal operating routine.,Electrical,6,177,0,True,True,True,True,True,False,0,False,False,False,False,Likely Valid
CLM-00781,PRD-78664,Electronic Fuel Injector Kit,Automotive,K&N,K&N-AUT-214,SNK&676444,SNK&676444,SNK&676444,2023-01-21,378.49,RockAuto,2023-01-21,2024-01-21,K&N Care Protection,Standard,2023-09-08,2023-09-15,Material Failure,Unspecified system degradation observed during normal operating routine.,Manufacturing,7,135,1,True,True,True,True,True,True,0,False,False,False,False,Likely Valid
CLM-01754,PRD-45620,Galaxy Ultra Smartphone,Electronics,Dell,DEL-ELE-368,SNDE948637,SNDE948637,SNDE948637,2024-05-03,1171.72,Target,2024-05-03,2027-05-03,AssureX Extended Guard,Extended,2025-04-10,2025-04-18,Physical Impact,Unspecified system degradation observed during normal operating routine.,Physical Impact,11,753,0,True,True,True,True,True,False,0,False,False,True,False,Likely Invalid
CLM-00936,PRD-53004,High Output Alternator,Automotive,ACDelco,ACD-AUT-615,SNAC270870,SNAC270870,SNAC270870,2024-03-10,414.06,RockAuto,2024-03-10,2025-03-10,ACDelco Care Protection,Standard,2024-05-17,2024-05-19,Electrical Component Failure,Unspecified system degradation observed during normal operating routine.,Electrical,2,297,0,True,True,True,True,True,False,0,False,False,False,False,Likely Valid
CLM-01796,PRD-22568,ProBook Laptop 15-inch,Electronics,Lenovo,LEN-ELE-628,SNLE103767,SNLE103767,SNLE103767,2023-07-04,921.86,B&H Photo,2023-07-04,2025-07-03,Lenovo Care Protection,Standard,2025-10-12,2025-10-14,Display Defect,Backlight flickering continuously on left half of screen.,Manufacturing,27,-101,0,True,True,True,True,True,False,0,False,False,False,False,Likely Invalid
CLM-00444,PRD-40465,Performance Shock Absorbers,Automotive,ACDelco,ACD-AUT-958,SNAC596516,SNAC596516,SNAC596516,2023-04-02,402.56,RockAuto,2023-04-02,2025-04-01,AssureX Extended Guard,Extended,2023-11-26,2023-12-03,Material Failure,Unspecified system degradation observed during normal operating routine.,Manufacturing,7,492,0,True,True,True,True,True,False,0,False,False,False,False,Likely Valid
CLM-00710,PRD-22598,Mirrorless Camera Body,Electronics,Asus,ASU-ELE-261,SNAS774720,SNAS774720,SNAS774720,2025-02-10,1682.62,Direct Manufacturer Store,2025-02-10,2027-02-10,Asus Care Protection,Standard,2025-04-13,2025-04-20,Software Malfunction,System firmware entered boot loop following manufacturer OTA update.,Manufacturing,2,668,0,True,False,True,True,True,False,1,False,False,False,False,Likely Invalid
CLM-00500,PRD-57628,Mirrorless Camera Body,Electronics,Sony,SON-ELE-931,SNSO517749,SNSO517749,SNSO517749,2024-09-12,1712.92,BestBuy,2024-09-12,2027-09-12,AssureX Extended Guard,Extended,2026-05-07,2026-05-20,Manufacturing Defect,Factory assembly defect leading to unprovoked system failure.,Manufacturing,19,493,0,True,True,True,True,True,False,0,False,False,False,False,Likely Valid
CLM-00105,PRD-67067,Smart Watch Series 7,Electronics,HP,HP-ELE-251,SNHP352050,SNHP352050,SNHP352050,2024-09-29,363.17,B&H Photo,2024-09-29,2026-09-29,HP Care Protection,Standard,2026-03-17,2026-04-01,Manufacturing Defect,Internal solder joint loosened causing intermittent power disconnects.,Manufacturing,17,196,1,True,True,True,True,True,True,0,False,False,False,False,Likely Valid
CLM-01573,PRD-43844,Gaming Desktop Rig,Electronics,Lenovo,LEN-ELE-560,SNLE717656,SNLE717656,SNLE717656,2024-12-10,1971.28,Direct Manufacturer Store,2024-12-10,2026-12-10,Lenovo Care Protection,Standard,2025-10-24,2025-11-05,Manufacturing Defect,Internal solder joint loosened causing intermittent power disconnects.,Manufacturing,10,412,0,True,True,True,True,True,False,0,False,False,False,False,Likely Valid
CLM-02141,PRD-56174,Smart Watch Series 7,Electronics,Sony,SON-ELE-855,SNSO141661,SNSO141661,SNSO141661,2024-12-10,382.91,Amazon Electronics,2024-12-10,2026-12-10,Sony Care Protection,Standard,2027-05-12,2027-05-25,Display Defect,Vertical colored line artifacts appeared across OLED panel without impact.,Manufacturing,29,-153,0,True,True,True,True,True,False,0,False,False,False,False,Likely Invalid
CLM-00722,PRD-11862,Performance Shock Absorbers,Automotive,ACDelco,ACD-AUT-843,SNAC444548,SNAC444548,SNAC444548,2024-10-29,349.94,Advance Auto Parts,2024-10-29,2025-10-29,ACDelco Care Protection,Standard,2025-03-16,2025-03-27,Premature Wear,"Brake pad friction compound deteriorated within 2,000 miles of highway driving.",Manufacturing,4,227,0,True,True,True,True,True,False,0,False,False,False,False,Likely Valid
CLM-01764,PRD-40688,Smart Watch Series 7,Electronics,Samsung,SAM-ELE-894,SNSA812723,SNSA812723,SNSA812723,2024-07-13,343.38,Amazon Electronics,2024-07-13,2026-07-13,Samsung Care Protection,Standard,2026-07-20,2026-07-21,Software Malfunction,System firmware entered boot loop following manufacturer OTA update.,Manufacturing,24,-7,0,True,True,True,True,True,False,0,False,False,False,False,Manual Review Required
CLM-01834,PRD-81533,Performance Shock Absorbers,Automotive,Monroe,MON-AUT-721,SNMO575802,SNMO575802,SNMO575802,2024-04-20,467.93,Advance Auto Parts,2024-04-20,2025-04-20,Monroe Care Protection,Standard,2025-02-11,2025-02-12,Seal or Gasket Failure,Sensor module stopped transmitting readings to the main board.,Component Failure,9,68,1,False,True,True,True,True,False,1,False,False,False,False,Manual Review Required
CLM-00915,PRD-57399,French Door Refrigerator,Appliances,Samsung,SAM-APP-945,SNSA657566,SNSA657566,SNSA657566,2023-04-13,1494.57,Direct Factory Outlet,2023-04-13,2027-04-13,AssureX Extended Guard,Extended,2025-11-20,2025-12-02,Damage from Improper Installation,Unspecified system degradation observed during normal operating routine.,Damage from Improper Installation,31,509,0,True,True,True,True,True,False,0,False,False,True,True,Likely Invalid
CLM-01539,PRD-59972,Gaming Desktop Rig,Electronics,LG,LG-ELE-170,SNLG416592,SNLG416592,SNLG416592,2023-10-01,1792.37,Target,2023-10-01,2026-09-30,AssureX Extended Guard,Extended,2025-05-21,2025-05-25,Electrical Failure,Internal circuit shorted during regular use with standard power supply.,Electrical,19,497,0,True,True,False,True,True,False,1,False,False,False,False,Likely Valid
CLM-01268,PRD-81460,Mirrorless Camera Body,Electronics,Samsung,SAM-ELE-672,SNSA750579,SNSA750579,SNSA750579,2023-02-22,1464.89,Direct Manufacturer Store,2023-02-22,2025-02-21,Samsung Care Protection,Standard,2024-09-20,2024-09-23,Manufacturing Defect,Internal solder joint loosened causing intermittent power disconnects.,Unauthorized Modification,18,154,2,False,True,True,True,True,False,1,False,False,True,False,Likely Invalid
CLM-00101,PRD-31840,Active Noise Cancelling Headphones,Electronics,Samsung,SAM-ELE-444,SNSA620860,SNSA620860,SNSA620860,2024-04-10,294.31,B&H Photo,2024-04-10,2026-04-10,Samsung Care Protection,Standard,2025-03-08,2025-03-12,Component Failure,Sensor module stopped transmitting readings to the main board.,Manufacturing,10,398,0,True,True,True,True,True,False,0,False,False,False,False,Likely Valid
CLM-00143,PRD-67424,ProBook Laptop 15-inch,Electronics,Sony,SON-ELE-394,SNSO861485,SNSO861485,SNSO861485,2023-12-27,787.85,B&H Photo,2023-12-27,2025-12-26,Sony Care Protection,Standard,2025-10-03,2025-10-17,Component Failure,Sensor module stopped transmitting readings to the main board.,Manufacturing,21,84,0,True,False,True,True,True,False,1,False,False,False,False,Likely Invalid
CLM-01955,PRD-27140,Heavy-Duty Clothes Dryer,Appliances,Whirlpool,WHI-APP-889,SNWH924578,SNWH924578,SNWH924578,2025-02-17,965.4,Sears Appliance Outlet,2025-02-17,2028-02-17,Whirlpool Care Protection,Standard,2026-07-05,2026-07-12,Thermostat Malfunction,Temperature reading fluctuating wildly causing erratic operation.,Manufacturing,16,592,0,True,True,True,True,True,False,0,False,False,False,False,Likely Valid
CLM-00893,PRD-71609,OLED 4K Smart TV,Electronics,LG,LG-ELE-906,SNLG694772,SNLG694772,SNLG694772,2025-01-22,1219.87,BestBuy,2025-01-22,2027-01-22,LG Care Protection,Standard,2026-06-10,2026-06-19,Electrical Failure,Capacitor blown on the primary controller board without power surge.,Electrical,16,226,0,True,True,True,True,True,False,0,False,False,False,False,Likely Valid
CLM-02084,PRD-65179,Mirrorless Camera Body,Electronics,Apple,APP-ELE-564,SNAP441692,SNAP441692,SNAP441692,2024-12-10,1424.92,Amazon Electronics,2024-12-10,2026-12-10,Apple Care Protection,Standard,2027-03-01,2027-03-15,Component Failure,Sensor module stopped transmitting readings to the main board.,Manufacturing,26,-81,0,True,True,True,True,True,False,0,False,False,False,False,Likely Invalid
CLM-02290,PRD-20176,Heavy-Duty Clothes Dryer,Appliances,KitchenAid,KIT-APP-951,SNKI386434,SNKI386434,SNKI386434,2023-05-18,953.88,Costco,2023-05-18,2027-05-18,AssureX Extended Guard,Extended,2027-05-24,2027-05-28,Compressor Failure,"Cooling cycle fails to start, compressor is non-responsive.",Manufacturing,48,-6,0,True,True,True,True,True,False,0,False,False,False,False,Manual Review Required
CLM-00948,PRD-99388,ProBook Laptop 15-inch,Electronics,Sony,SON-ELE-436,SNSO944566,SNSO944566,SNSO944566,2024-08-27,822.78,Target,2024-08-27,2026-08-27,Sony Care Protection,Standard,2025-03-17,2025-03-28,Accidental Damage,Heavy object fell directly on top of the chassis during home move.,Accidental Damage,6,528,0,True,True,True,True,True,False,0,False,False,True,False,Likely Invalid
CLM-01708,PRD-45417,ProBook Laptop 15-inch,Electronics,Sony,SON-ELE-728,SNSO699108,SNSO699108,SNSO699108,2025-04-09,738.44,Amazon Electronics,2025-04-09,2027-04-09,Sony Care Protection,Standard,2025-09-14,2025-09-19,Component Failure,Cooling fan bearing seized up leading to emergency thermal shutdown.,Manufacturing,5,572,0,True,False,True,True,True,False,1,False,False,False,False,Likely Invalid
CLM-00002,PRD-15962,Active Noise Cancelling Headphones,Electronics,Samsung,SAM-ELE-918,SNSA745197,SNSA745197,SNSA745197,2024-06-02,349.89,Target,2024-06-02,2026-06-02,Samsung Care Protection,Standard,2024-07-13,2024-07-24,Water Damage,Liquid spilled directly into top vents while device was operating.,Water Damage,1,689,0,True,True,True,True,True,False,0,False,False,True,False,Likely Invalid
CLM-02408,PRD-33451,Gaming Desktop Rig,Electronics,Samsung,SAM-ELE-521,SNSA346277,SNSA346277,SNSA346277,2023-08-12,2141.27,Target,2023-08-12,2025-08-11,Samsung Care Protection,Standard,2024-06-01,2024-06-15,Software Malfunction,System firmware entered boot loop following manufacturer OTA update.,Manufacturing,9,436,0,True,True,True,True,True,False,0,False,False,False,False,Likely Valid
CLM-02249,PRD-95648,ProBook Laptop 15-inch,Electronics,Apple,APP-ELE-134,SNAP973708,SNAP973708,SNAP973708,2024-05-20,1037.39,Target,2024-05-20,2026-05-20,Apple Care Protection,Standard,2024-09-29,2024-09-30,Software Malfunction,Main OS freezes on start screen; hardware diagnostic passes.,Manufacturing,4,598,0,True,True,True,True,True,False,0,False,False,False,False,Likely Valid
CLM-01095,PRD-54755,Mirrorless Camera Body,Electronics,Apple,APP-ELE-485,SNAP759664,SNAP759664,SNAP759664,2023-03-23,1692.94,B&H Photo,2023-03-23,2025-03-22,Apple Care Protection,Standard,2025-05-09,2025-05-12,Display Defect,Backlight flickering continuously on left half of screen.,Manufacturing,25,-48,0,True,True,True,True,True,False,0,False,False,False,False,Likely Invalid
CLM-01683,PRD-88310,Gaming Desktop Rig,Electronics,HP,HP-ELE-111,SNHP983793,SNHP983793,SNHP983793,2023-10-10,1893.57,Direct Manufacturer Store,2023-10-10,2026-10-09,AssureX Extended Guard,Extended,2026-12-23,2027-01-10,Electrical Failure,No current flowing to main motor despite active input power.,Manufacturing,38,-75,0,True,True,True,True,True,False,0,False,False,False,False,Likely Invalid
CLM-00584,PRD-36853,Gaming Desktop Rig,Electronics,LG,LG-ELE-796,SNLG698254,SNLG698254,SNLG698254,2024-02-28,2098.03,B&H Photo,2024-02-28,2027-02-27,AssureX Extended Guard,Extended,2024-04-18,2024-04-25,Component Failure,Cooling fan bearing seized up leading to emergency thermal shutdown.,Electrical Failure,1,1045,0,True,True,True,True,False,False,1,False,False,False,False,Manual Review Required
CLM-00679,PRD-90779,ProBook Laptop 15-inch,Electronics,Dell,DEL-ELE-925,SNDE965200,SNDE965200,SNDE965200,2023-01-28,852.81,Direct Manufacturer Store,2023-01-28,2025-01-27,Dell Care Protection,Standard,2023-07-02,2023-07-12,Display Defect,Backlight flickering continuously on left half of screen.,Manufacturing,5,575,0,True,True,True,True,True,False,0,False,False,False,False,Likely Valid
CLM-00865,PRD-58613,Tablet 11-inch Display,Electronics,Asus,ASU-ELE-533,SNAS925061,SNAS925061,SNAS925061,2024-11-18,632.65,BestBuy,2024-11-18,2026-11-18,Asus Care Protection,Standard,2025-10-05,2025-10-12,Electrical Failure,Internal circuit shorted during regular use with standard power supply.,Manufacturing,10,409,0,True,False,True,True,True,False,1,False,False,False,False,Likely Invalid
CLM-00112,PRD-98027,OLED 4K Smart TV,Electronics,LG,LG-ELE-760,SNLG735242,SNLG735242,SNLG735242,2024-01-08,1036.71,BestBuy,2024-01-08,2026-01-07,LG Care Protection,Standard,2025-03-06,2025-03-11,Software Malfunction,System firmware entered boot loop following manufacturer OTA update.,Manufacturing,13,307,3,True,True,True,True,True,True,0,False,False,False,False,Manual Review Required
CLM-01622,PRD-93834,Heavy-Duty Starter Motor,Automotive,Monroe,MON-AUT-195,SNMO871140,SNMO871140,SNMO871140,2023-03-29,263.52,Advance Auto Parts,2023-03-29,2024-03-28,Monroe Care Protection,Standard,2023-07-01,2023-07-12,Damage from Incompatible Parts,Unspecified system degradation observed during normal operating routine.,Damage from Incompatible Parts,3,271,0,True,True,True,True,True,False,0,False,False,True,False,Likely Invalid
CLM-01449,PRD-48365,Heavy-Duty Clothes Dryer,Appliances,Maytag,MAY-APP-480,SNMA104582,SNMA104582,SNMA104582,2025-02-05,739.53,Lowe's,2025-02-05,2029-02-05,AssureX Extended Guard,Extended,2029-05-09,2029-05-22,Thermostat Malfunction,"Thermostat stuck open, temperature never reaches target threshold.",Manufacturing,51,-93,0,True,True,True,True,True,False,0,False,False,False,False,Likely Invalid
CLM-01803,PRD-24021,Tablet 11-inch Display,Electronics,Asus,ASU-ELE-555,SNAS620015,SNAS620015,SNAS620015,2023-10-20,708.39,BestBuy,2023-10-20,2026-10-19,AssureX Extended Guard,Extended,2025-02-18,2025-02-19,Software Malfunction,Main OS freezes on start screen; hardware diagnostic passes.,Manufacturing,16,608,3,True,True,True,True,True,True,0,False,False,False,False,Manual Review Required
CLM-01994,PRD-34848,High Output Alternator,Automotive,Continental Auto,CON-AUT-833,SNCO508971,SNCO508971,SNCO508971,2023-06-09,364.54,RockAuto,2023-06-09,2024-06-08,Continental Auto Care Protection,Standard,2024-02-16,2024-02-29,Premature Wear,"Brake pad friction compound deteriorated within 2,000 miles of highway driving.",Manufacturing,8,113,0,True,True,True,True,True,False,0,False,False,False,False,Likely Valid
CLM-02287,PRD-31888,French Door Refrigerator,Appliances,KitchenAid,KIT-APP-186,SNKI621719,SNKI621719,SNKI621719,2024-12-07,1937.77,Costco,2024-12-07,2028-12-07,AssureX Extended Guard,Extended,2026-03-19,2026-04-03,Control Board Failure,Unspecified system degradation observed during normal operating routine.,Manufacturing,15,994,0,True,True,True,True,True,False,0,False,False,False,False,Likely Valid
CLM-00741,PRD-54742,French Door Refrigerator,Appliances,KitchenAid,KIT-APP-949,SNKI830043,SNKI830051,SNKI830043,2023-11-17,1368.81,Home Depot,2023-11-17,2027-11-17,AssureX Extended Guard,Extended,2024-10-13,2024-10-15,Compressor Failure,"Cooling cycle fails to start, compressor is non-responsive.",Manufacturing,10,1130,0,True,True,True,True,True,False,0,True,False,False,False,Manual Review Required
CLM-00519,PRD-72872,Mirrorless Camera Body,Electronics,Asus,ASU-ELE-209,SNAS178042,SNAS178042,SNAS178042,2024-12-30,1373.52,B&H Photo,2024-12-30,2026-12-30,Asus Care Protection,Standard,2026-06-11,2026-06-15,Software Malfunction,Main OS freezes on start screen; hardware diagnostic passes.,Unauthorized Modification,17,202,4,False,True,True,True,True,False,1,False,False,True,False,Likely Invalid
CLM-02362,PRD-96527,Smart Dishwasher 24-inch,Appliances,Bosch,BOS-APP-748,SNBO821939,SNBO821939,SNBO821939,2023-11-09,696.88,Home Depot,2023-11-09,2026-11-08,Bosch Care Protection,Standard,2025-05-05,2025-05-11,Motor Failure,"Motor winding resistance out of spec, causing tripping.",Electrical Failure,17,552,0,True,True,True,True,False,False,1,False,False,False,False,Manual Review Required
CLM-00467,PRD-45251,Active Noise Cancelling Headphones,Electronics,LG,LG-ELE-450,SNLG833640,SNLG833640,SNLG833640,2023-05-21,346.47,Direct Manufacturer Store,2023-05-21,2025-05-20,LG Care Protection,Standard,2023-05-05,2023-06-09,Software Malfunction,System firmware entered boot loop following manufacturer OTA update.,Manufacturing,0,746,0,True,True,True,True,True,False,0,False,True,False,False,Manual Review Required
CLM-01869,PRD-72958,Active Noise Cancelling Headphones,Electronics,Dell,DEL-ELE-372,SNDE768704,SNDE768704,SNDE768704,2024-01-13,308.93,B&H Photo,2024-01-13,2026-01-12,Dell Care Protection,Standard,2024-12-04,2024-12-07,Electrical Failure,No current flowing to main motor despite active input power.,Electrical,10,404,0,True,True,True,True,True,False,0,False,False,False,False,Likely Valid
CLM-00701,PRD-71381,Smart Dishwasher 24-inch,Appliances,Whirlpool,WHI-APP-844,SNWH606110,SNWH606110,SNWH606110,2023-09-15,873.6,Lowe's,2023-09-15,2027-09-15,AssureX Extended Guard,Extended,2027-10-25,2027-11-10,Compressor Failure,"Cooling cycle fails to start, compressor is non-responsive.",Manufacturing,49,-40,0,True,True,True,True,True,False,0,False,False,False,False,Likely Invalid
CLM-01361,PRD-36382,ProBook Laptop 15-inch,Electronics,Apple,APP-ELE-648,SNAP524744,SNAP524744,SNAP524744,2023-02-14,820.63,Amazon Electronics,2023-02-14,2025-02-13,Apple Care Protection,Standard,2024-12-24,2024-12-30,Manufacturing Defect,Factory assembly defect leading to unprovoked system failure.,Component Failure,22,51,1,False,True,True,True,True,False,1,False,False,False,False,Manual Review Required
CLM-00349,PRD-97994,Front-Load Washing Machine,Appliances,GE Appliances,GE -APP-205,SNGE688207,SNGE688207,SNGE688207,2023-04-27,817.04,Direct Factory Outlet,2023-04-27,2027-04-27,AssureX Extended Guard,Extended,2025-11-03,2025-11-09,Compressor Failure,Compressor clicking repeatedly and unable to compress refrigerant.,Electrical Failure,30,540,0,True,True,True,True,False,False,1,False,False,False,False,Manual Review Required
CLM-01538,PRD-81364,Tablet 11-inch Display,Electronics,HP,HP-ELE-606,SNHP317551,SNHP317551,SNHP317551,2025-03-26,671.78,Amazon Electronics,2025-03-26,2028-03-25,AssureX Extended Guard,Extended,2026-06-26,2026-07-10,Manufacturing Defect,Device shut down unexpectedly and fails to power back on under normal conditions.,Manufacturing,15,638,0,True,True,True,True,True,False,0,False,False,False,False,Likely Valid
CLM-00771,PRD-77589,Front-Load Washing Machine,Appliances,KitchenAid,KIT-APP-660,SNKI596649,SNKI596649,SNKI596649,2023-10-29,891.97,Lowe's,2023-10-29,2027-10-29,AssureX Extended Guard,Extended,2026-06-09,2026-06-22,Motor Failure,"Motor winding resistance out of spec, causing tripping.",Manufacturing,31,507,0,True,True,True,True,True,False,0,False,False,False,False,Likely Valid
CLM-02435,PRD-51979,ABS Wheel Speed Sensor,Automotive,Continental Auto,CON-AUT-534,SNCO704161,SNCO704161,SNCO704161,2025-02-25,103.1,NAPA Auto Parts,2025-02-25,2027-02-25,AssureX Extended Guard,Extended,2025-09-14,2025-09-18,Electrical Component Failure,Unspecified system degradation observed during normal operating routine.,Electrical,6,529,0,True,True,True,True,True,False,0,False,False,False,False,Likely Valid
CLM-02369,PRD-87901,French Door Refrigerator,Appliances,KitchenAid,KIT-APP-824,SNKI710921,SNKI710921,SNKI710921,2024-06-22,1904.52,Sears Appliance Outlet,2024-06-22,2028-06-22,AssureX Extended Guard,Extended,2027-06-12,2027-06-16,Motor Failure,"Motor winding resistance out of spec, causing tripping.",Unauthorized Modification,35,376,2,False,True,True,True,True,False,1,False,False,True,False,Likely Invalid
CLM-00617,PRD-84606,Heavy-Duty Clothes Dryer,Appliances,LG,LG-APP-797,SNLG734919,SNLG734919,SNLG734919,2024-02-12,897.02,Home Depot,2024-02-12,2027-02-11,LG Care Protection,Standard,2026-03-16,2026-03-28,Thermostat Malfunction,"Thermostat stuck open, temperature never reaches target threshold.",Unauthorized Modification,25,332,3,False,True,True,True,True,False,1,False,False,True,False,Likely Invalid
CLM-02220,PRD-75744,OLED 4K Smart TV,Electronics,LG,LG-ELE-856,SNLG440823,SNLG440823,SNLG440823,2024-11-10,1142.38,B&H Photo,2024-11-10,2027-11-10,AssureX Extended Guard,Extended,2028-04-12,2028-04-18,Software Malfunction,Main OS freezes on start screen; hardware diagnostic passes.,Manufacturing,41,-154,0,True,True,True,True,True,False,0,False,False,False,False,Likely Invalid
CLM-01234,PRD-95436,Electronic Fuel Injector Kit,Automotive,Bosch Auto,BOS-AUT-845,SNBO493401,SNBO493401,SNBO493401,2024-06-29,370.84,NAPA Auto Parts,2024-06-29,2026-06-29,AssureX Extended Guard,Extended,2025-02-24,2025-03-11,Electrical Component Failure,Unspecified system degradation observed during normal operating routine.,Electrical,7,490,0,True,True,True,True,True,False,0,False,False,False,False,Likely Valid
CLM-01667,PRD-60712,Heavy-Duty Clothes Dryer,Appliances,LG,LG-APP-801,SNLG889296,SNLG889296,SNLG889296,2024-01-24,753.82,Home Depot,2024-01-24,2027-01-23,LG Care Protection,Standard,2026-11-15,2026-11-16,Motor Failure,"Motor winding resistance out of spec, causing tripping.",Manufacturing,33,69,3,True,True,True,True,True,True,0,False,False,False,False,Manual Review Required
CLM-01079,PRD-97158,Electric Range Oven,Appliances,Maytag,MAY-APP-296,SNMA965565,SNMA965565,SNMA965565,2024-04-02,1127.84,Direct Factory Outlet,2024-04-02,2028-04-02,AssureX Extended Guard,Extended,2026-02-09,2026-02-19,Manufacturing Defect,Factory assembly defect leading to unprovoked system failure.,Manufacturing,22,783,1,True,True,True,True,True,True,0,False,False,False,False,Likely Valid
CLM-02023,PRD-74900,Mirrorless Camera Body,Electronics,Apple,APP-ELE-124,SNAP912282,SNAP912282,SNAP912282,2023-09-21,1443.94,Target,2023-09-21,2025-09-20,Apple Care Protection,Standard,2025-04-09,2025-04-19,Component Failure,Cooling fan bearing seized up leading to emergency thermal shutdown.,Manufacturing,18,164,0,True,False,True,True,True,False,1,False,False,False,False,Likely Invalid
CLM-02063,PRD-97253,Active Noise Cancelling Headphones,Electronics,Lenovo,LEN-ELE-611,SNLE715970,SNLE715970,SNLE715970,2024-01-02,242.77,BestBuy,2024-01-02,2027-01-01,AssureX Extended Guard,Extended,2025-11-27,2025-11-30,Manufacturing Defect,Factory assembly defect leading to unprovoked system failure.,Manufacturing,22,400,0,True,True,True,True,True,False,0,False,False,False,False,Likely Valid
CLM-00217,PRD-16259,Heavy-Duty Clothes Dryer,Appliances,Bosch,BOS-APP-135,SNBO807835,SNBO807835,SNBO807835,2025-03-23,850.34,Costco,2025-03-23,2028-03-22,Bosch Care Protection,Standard,2026-10-07,2026-10-19,Compressor Failure,Compressor clicking repeatedly and unable to compress refrigerant.,Manufacturing,18,532,0,True,True,True,True,True,False,0,False,False,False,False,Likely Valid
CLM-01362,PRD-34721,Electronic Fuel Injector Kit,Automotive,Monroe,MON-AUT-824,SNMO958962,SNMO958962,SNMO958962,2024-10-07,388.44,RockAuto,2024-10-07,2026-10-07,AssureX Extended Guard,Extended,2025-09-12,2025-09-20,Manufacturing Defect,Internal solder joint loosened causing intermittent power disconnects.,Manufacturing,11,390,1,True,True,True,True,True,True,0,False,False,False,False,Likely Valid
CLM-00811,PRD-34464,Heavy-Duty Clothes Dryer,Appliances,Samsung,SAM-APP-909,SNSA623929,SNSA623929,SNSA623929,2023-04-27,893.53,Lowe's,2023-04-27,2026-04-26,Samsung Care Protection,Standard,2023-12-01,2023-12-09,Damage from Improper Installation,Unspecified system degradation observed during normal operating routine.,Damage from Improper Installation,7,877,0,True,True,True,True,True,False,0,False,False,True,False,Likely Invalid
CLM-00655,PRD-60299,Electronic Fuel Injector Kit,Automotive,Bosch Auto,BOS-AUT-427,SNBO468571,SNBO468571,SNBO468571,2025-04-17,362.21,NAPA Auto Parts,2025-04-17,2026-04-17,Bosch Auto Care Protection,Standard,2025-09-26,2025-10-08,Seal or Gasket Failure,Unspecified system degradation observed during normal operating routine.,Manufacturing,5,203,0,True,True,True,True,True,False,0,False,False,False,False,Likely Valid
CLM-00115,PRD-52830,Ceramic Brake Pad Set,Automotive,Monroe,MON-AUT-460,SNMO541314,SNMO541314,SNMO541314,2024-12-05,130.9,RockAuto,2024-12-05,2025-12-05,Monroe Care Protection,Standard,2026-02-10,2026-02-26,Premature Wear,"Brake pad friction compound deteriorated within 2,000 miles of highway driving.",Manufacturing,14,-67,0,True,True,True,True,True,False,0,False,False,False,False,Likely Invalid
CLM-01607,PRD-21527,Smart Dishwasher 24-inch,Appliances,Whirlpool,WHI-APP-403,SNWH110761,SNWH110761,SNWH110761,2023-06-05,772.43,Direct Factory Outlet,2023-06-05,2026-06-04,Whirlpool Care Protection,Standard,2025-08-08,2025-08-23,Control Board Failure,Unspecified system degradation observed during normal operating routine.,Manufacturing,26,300,0,True,True,True,True,True,False,0,False,False,False,False,Likely Valid
CLM-01179,PRD-44025,Electric Range Oven,Appliances,Maytag,MAY-APP-609,SNMA631302,SNMA631302,SNMA631302,2023-08-29,978.32,Sears Appliance Outlet,2023-08-29,2027-08-29,AssureX Extended Guard,Extended,2026-08-26,2026-09-06,Manufacturing Defect,Device shut down unexpectedly and fails to power back on under normal conditions.,Manufacturing,35,368,1,True,True,True,True,True,True,0,False,False,False,False,Likely Valid
CLM-01012,PRD-36609,Heavy-Duty Clothes Dryer,Appliances,Maytag,MAY-APP-312,SNMA761614,SNMA761614,SNMA761614,2023-06-29,899.18,Sears Appliance Outlet,2023-06-29,2026-06-28,Maytag Care Protection,Standard,2025-09-15,2025-09-28,Thermostat Malfunction,Temperature reading fluctuating wildly causing erratic operation.,Manufacturing,26,286,0,True,True,True,True,True,False,0,False,False,False,False,Likely Valid
CLM-01455,PRD-46691,Front-Load Washing Machine,Appliances,GE Appliances,GE -APP-124,SNGE689605,SNGE689605,SNGE689605,2023-03-22,1057.53,Costco,2023-03-22,2026-03-21,GE Appliances Care Protection,Standard,2024-03-12,2024-03-15,Compressor Failure,Compressor clicking repeatedly and unable to compress refrigerant.,Manufacturing,11,739,0,True,True,True,True,True,False,0,False,False,False,False,Likely Valid
CLM-01459,PRD-62863,Front-Load Washing Machine,Appliances,Whirlpool,WHI-APP-143,SNWH754799,SNWH754799,SNWH754799,2025-03-13,939.81,Home Depot,2025-03-13,2028-03-12,Whirlpool Care Protection,Standard,2026-09-18,2026-09-23,Thermostat Malfunction,"Thermostat stuck open, temperature never reaches target threshold.",Manufacturing,18,541,1,True,True,True,True,True,True,0,False,False,False,False,Likely Valid
CLM-00652,PRD-24129,Active Noise Cancelling Headphones,Electronics,Apple,APP-ELE-833,SNAP100625,SNAP100625,SNAP100625,2025-02-08,338.04,Direct Manufacturer Store,2025-02-08,2027-02-08,Apple Care Protection,Standard,2025-07-03,2025-07-15,Software Malfunction,Main OS freezes on start screen; hardware diagnostic passes.,Manufacturing,4,585,1,True,True,True,True,True,True,0,False,False,False,False,Likely Valid
CLM-01762,PRD-90751,Convection Microwave Oven,Appliances,KitchenAid,KIT-APP-952,SNKI154600,SNKI154600,SNKI154600,2023-02-06,399.07,Sears Appliance Outlet,2023-02-06,2026-02-05,KitchenAid Care Protection,Standard,2023-10-23,2023-10-28,Compressor Failure,"Cooling cycle fails to start, compressor is non-responsive.",Manufacturing,8,836,0,True,True,True,True,True,False,0,False,False,False,False,Likely Valid
CLM-02199,PRD-40531,Performance Shock Absorbers,Automotive,Continental Auto,CON-AUT-470,SNCO154252,SNCO154252,SNCO154252,2024-12-26,395.4,Advance Auto Parts,2024-12-26,2026-12-26,AssureX Extended Guard,Extended,2025-05-12,2025-05-15,Cosmetic Wear,Unspecified system degradation observed during normal operating routine.,Cosmetic Wear,4,593,0,True,True,True,True,True,False,0,False,False,True,False,Likely Invalid
CLM-02006,PRD-46322,ABS Wheel Speed Sensor,Automotive,Brembo,BRE-AUT-370,SNBR315570,SNBR315570,SNBR315570,2025-05-23,118.69,RockAuto,2025-05-23,2026-05-23,Brembo Care Protection,Standard,2026-10-23,2026-11-03,Electrical Component Failure,Unspecified system degradation observed during normal operating routine.,Manufacturing,17,-153,0,True,True,True,True,True,False,0,False,False,False,False,Likely Invalid
CLM-00316,PRD-31108,ABS Wheel Speed Sensor,Automotive,Bosch Auto,BOS-AUT-337,SNBO326122,SNBO326122,SNBO326122,2025-02-18,111.43,Advance Auto Parts,2025-02-18,2026-02-18,Bosch Auto Care Protection,Standard,2025-08-05,2025-08-18,Premature Wear,Bushing cracked prematurely during regular non-commercial transit.,Manufacturing,5,197,0,True,True,True,True,True,False,0,False,False,False,False,Likely Valid
CLM-01438,PRD-27307,Galaxy Ultra Smartphone,Electronics,Lenovo,LEN-ELE-916,SNLE856402,SNLE856402,SNLE856402,2024-01-18,1098.88,Amazon Electronics,2024-01-18,2026-01-17,Lenovo Care Protection,Standard,2025-04-16,2025-04-18,Component Failure,Sensor module stopped transmitting readings to the main board.,Manufacturing,14,276,1,True,True,True,True,True,True,0,False,False,False,False,Likely Valid
CLM-00083,PRD-28659,French Door Refrigerator,Appliances,LG,LG-APP-862,SNLG954142,SNLG954142,SNLG954142,2023-12-18,1435.9,Lowe's,2023-12-18,2026-12-17,LG Care Protection,Standard,2025-03-21,2025-03-24,Accidental Damage,Heavy object fell directly on top of the chassis during home move.,Accidental Damage,15,636,0,True,True,True,True,True,False,0,False,False,True,False,Likely Invalid
CLM-02493,PRD-87216,High Output Alternator,Automotive,Brembo,BRE-AUT-774,SNBR282971,SNBR282971,SNBR282971,2024-09-04,354.79,O'Reilly Auto,2024-09-04,2026-09-04,AssureX Extended Guard,Extended,2024-07-21,2024-09-13,Seal or Gasket Failure,Unspecified system degradation observed during normal operating routine.,Manufacturing,0,775,0,True,True,True,True,True,False,0,False,True,False,False,Manual Review Required
CLM-01777,PRD-70613,Tablet 11-inch Display,Electronics,Dell,DEL-ELE-740,SNDE739095,SNDE739095,SNDE739095,2024-11-06,706.17,Target,2024-11-06,2026-11-06,Dell Care Protection,Standard,2027-01-27,2027-02-02,Electrical Failure,Capacitor blown on the primary controller board without power surge.,Manufacturing,26,-82,0,True,True,True,True,True,False,0,False,False,False,False,Likely Invalid
CLM-00685,PRD-72721,Tablet 11-inch Display,Electronics,LG,LG-ELE-334,SNLG382194,SNLG382194,SNLG382194,2023-09-03,647.81,B&H Photo,2023-09-03,2025-09-02,LG Care Protection,Standard,2024-04-11,2024-04-25,Display Defect,Vertical colored line artifacts appeared across OLED panel without impact.,Manufacturing,7,509,0,True,True,True,True,True,False,0,False,False,False,False,Likely Valid
CLM-01481,PRD-94536,French Door Refrigerator,Appliances,Samsung,SAM-APP-510,SNSA783359,SNSA783359,SNSA783359,2023-11-04,1489.87,Home Depot,2023-11-04,2026-11-03,Samsung Care Protection,Standard,2026-04-13,2026-04-27,Control Board Failure,Unspecified system degradation observed during normal operating routine.,Manufacturing,29,204,0,True,False,True,True,True,False,1,False,False,False,False,Likely Invalid
CLM-00146,PRD-90945,OLED 4K Smart TV,Electronics,Apple,APP-ELE-926,SNAP166758,SNAP166758,SNAP166758,2023-12-19,1182.11,BestBuy,2023-12-19,2025-12-18,Apple Care Protection,Standard,2025-05-30,2025-06-04,Physical Impact,Unspecified system degradation observed during normal operating routine.,Physical Impact,17,202,0,True,True,True,True,True,False,0,False,False,True,False,Likely Invalid
CLM-00483,PRD-88089,Gaming Desktop Rig,Electronics,HP,HP-ELE-117,SNHP568472,SNHP568472,SNHP568472,2023-06-23,1812.73,BestBuy,2023-06-23,2025-06-22,HP Care Protection,Standard,2025-11-25,2025-12-09,Electrical Failure,Internal circuit shorted during regular use with standard power supply.,Manufacturing,29,-156,0,True,True,True,True,True,False,0,False,False,False,False,Likely Invalid
CLM-00718,PRD-87460,Gaming Desktop Rig,Electronics,Dell,DEL-ELE-888,SNDE866793,SNDE866793,SNDE866793,2025-04-29,2164.71,Target,2025-04-29,2027-04-29,Dell Care Protection,Standard,2026-05-18,2026-05-31,Component Failure,Sensor module stopped transmitting readings to the main board.,Manufacturing,12,346,0,True,True,False,True,True,False,1,False,False,False,False,Likely Valid
CLM-01766,PRD-35700,Smart Dishwasher 24-inch,Appliances,Bosch,BOS-APP-618,SNBO619370,SNBO619370,SNBO619370,2025-05-20,852.8,Lowe's,2025-05-20,2028-05-19,Bosch Care Protection,Standard,2027-04-24,2027-05-05,Motor Failure,Drive motor hums loudly but will not spin drum under normal load.,Unauthorized Modification,23,391,4,False,True,True,True,True,False,1,False,False,True,False,Likely Invalid
CLM-01720,PRD-12836,Front-Load Washing Machine,Appliances,Whirlpool,WHI-APP-256,SNWH407358,SNWH407358,SNWH407358,2025-04-16,980.27,Sears Appliance Outlet,2025-04-16,2028-04-15,Whirlpool Care Protection,Standard,2027-12-11,2027-12-14,Accidental Damage,Dropped on concrete driveway resulting in shattered enclosure and severed cable.,Accidental Damage,31,126,0,True,True,True,True,True,False,0,False,False,True,False,Likely Invalid
CLM-00761,PRD-53525,Smart Dishwasher 24-inch,Appliances,Whirlpool,WHI-APP-637,SNWH663679,SNWH663679,SNWH663679,2025-05-02,665.56,Sears Appliance Outlet,2025-05-02,2028-05-01,Whirlpool Care Protection,Standard,2025-08-30,2025-09-06,Cosmetic Wear,Unspecified system degradation observed during normal operating routine.,Cosmetic Wear,3,975,0,True,True,True,True,True,False,0,False,False,True,False,Likely Invalid
CLM-01036,PRD-18926,Front-Load Washing Machine,Appliances,Maytag,MAY-APP-147,SNMA233227,SNMA233227,SNMA233227,2023-01-26,906.16,Costco,2023-01-26,2026-01-25,Maytag Care Protection,Standard,2024-10-16,2024-10-28,Motor Failure,"Motor winding resistance out of spec, causing tripping.",Manufacturing,20,466,0,True,True,True,True,True,False,0,False,False,False,False,Likely Valid
CLM-01499,PRD-57642,ProBook Laptop 15-inch,Electronics,Lenovo,LEN-ELE-365,SNLE835837,SNLE835837,SNLE835837,2024-01-07,996.18,Target,2024-01-07,2027-01-06,AssureX Extended Guard,Extended,2024-03-27,2024-04-08,Software Malfunction,Main OS freezes on start screen; hardware diagnostic passes.,Manufacturing,2,1015,0,True,False,True,True,True,False,1,False,False,False,False,Likely Invalid
CLM-02422,PRD-25455,Galaxy Ultra Smartphone,Electronics,Asus,ASU-ELE-442,SNAS712946,SNAS712923,SNAS712946,2025-05-15,860.23,B&H Photo,2025-05-15,2027-05-15,Asus Care Protection,Standard,2026-10-04,2026-10-12,Electrical Failure,Internal circuit shorted during regular use with standard power supply.,Manufacturing,16,223,0,True,True,True,True,True,False,0,True,False,False,False,Manual Review Required
CLM-00457,PRD-38020,Convection Microwave Oven,Appliances,Maytag,MAY-APP-889,SNMA802586,SNMA802586,SNMA802586,2025-05-19,316.29,Costco,2025-05-19,2028-05-18,Maytag Care Protection,Standard,2027-07-24,2027-07-27,Control Board Failure,Unspecified system degradation observed during normal operating routine.,Unauthorized Modification,26,299,2,False,True,True,True,True,False,1,False,False,True,False,Likely Invalid
CLM-00060,PRD-48874,Galaxy Ultra Smartphone,Electronics,Sony,SON-ELE-494,SNSO824304,SNSO824304,SNSO824304,2024-10-23,982.18,BestBuy,2024-10-23,2026-10-23,Sony Care Protection,Standard,2025-02-12,2025-02-22,Physical Impact,Unspecified system degradation observed during normal operating routine.,Physical Impact,3,618,0,True,True,True,True,True,False,0,False,False,True,False,Likely Invalid
CLM-02450,PRD-91311,Front-Load Washing Machine,Appliances,GE Appliances,GE -APP-769,SNGE146979,SNGE146979,SNGE146979,2023-02-03,954.4,Costco,2023-02-03,2027-02-03,AssureX Extended Guard,Extended,2023-10-11,2023-10-17,Control Board Failure,Capacitor blown on the primary controller board without power surge.,Electrical Failure,8,1211,0,True,True,True,True,False,False,1,False,False,False,False,Manual Review Required
